时钟数据数组: 16783472000000.000 -0.385 9.766 -1445237998436427520.000 65.000 18.000 0.000 15281.821 74.414 
测量数据数组:
卫星0: 21.000 3.000 0.000 49359.000 52763831807118.000 276.000 28.900 -803.119 0.717 16.000 0.000 0.000 1604249984.000 -9223372036854776000.000 0.000 

时钟数据数组: 16784012000000.000 -0.335 11.214 -1445237998436427520.000 66.000 18.000 0.000 15297.474 30.789 
测量数据数组:
卫星0: 4.000 1.000 0.000 16399.000 387582369920578.000 276.000 28.700 584.687 0.810 16.000 0.000 0.000 1575420032.000 -9223372036854776000.000 0.000 
卫星1: 21.000 3.000 0.000 49359.000 52764371808477.000 14.000 34.100 -802.156 0.967 16.000 0.000 0.000 1604249984.000 -9223372036854776000.000 0.000 
卫星2: 27.000 5.000 0.000 16399.000 387568360581964.000 422.000 25.100 -611.175 0.817 16.000 0.000 0.000 1561097984.000 -9223372036854776000.000 0.000 

时钟数据数组: 16785012000000.000 -0.880 11.214 -1445237998436427260.000 66.000 18.000 0.000 1741.768 38.318 
测量数据数组:
卫星0: 4.000 1.000 0.000 16399.000 387583369918681.000 24.000 28.800 583.964 0.900 16.000 0.000 0.000 1575420032.000 -9223372036854776000.000 0.000 
卫星1: 21.000 3.000 0.000 49359.000 52765371811175.000 17.000 32.900 -802.305 0.049 16.000 -0.000 1868.720 1604249984.000 -9223372036854776000.000 0.000 
卫星2: 28.000 5.000 0.000 16399.000 387569372522896.000 652.000 22.200 -437.360 2.170 16.000 0.000 0.000 1561097984.000 -9223372036854776000.000 0.000 
卫星3: 27.000 5.000 0.000 16399.000 387569360583994.000 564.000 23.500 -611.137 1.697 16.000 0.000 0.000 1561097984.000 -9223372036854776000.000 0.000 

时钟数据数组: 16786012000000.000 -0.484 9.757 -1445237998436427260.000 66.000 18.000 0.000 1802.641 42.469 
测量数据数组:
卫星0: 4.000 1.000 0.000 16399.000 387584369916616.000 27.000 28.100 584.173 0.630 16.000 0.000 0.000 1575420032.000 -9223372036854776000.000 0.000 
卫星1: 21.000 3.000 0.000 49359.000 52766371813838.000 17.000 32.200 -802.542 0.049 16.000 -0.000 1868.720 1604249984.000 -9223372036854776000.000 0.000 
卫星2: 28.000 5.000 0.000 16399.000 387570372524419.000 869.000 20.900 -438.061 2.714 16.000 0.000 0.000 1561097984.000 -9223372036854776000.000 0.000 
卫星3: 27.000 5.000 0.000 16399.000 387570360586024.000 569.000 23.200 -610.964 2.446 16.000 0.000 0.000 1561097984.000 -9223372036854776000.000 0.000 

时钟数据数组: 16787012000000.000 -0.563 9.465 -1445237998436427260.000 66.000 18.000 0.000 1884.727 42.535 
测量数据数组:
卫星0: 4.000 1.000 0.000 16399.000 387585369914690.000 27.000 28.000 583.469 0.630 16.000 0.000 0.000 1575420032.000 -9223372036854776000.000 0.000 
卫星1: 21.000 3.000 0.000 49359.000 52767371816519.000 16.000 33.200 -803.245 0.047 16.000 -0.000 1868.720 1604249984.000 -9223372036854776000.000 0.000 
卫星2: 28.000 5.000 0.000 16399.000 387571372525880.000 877.000 20.500 -437.773 3.464 16.000 0.000 0.000 1561097984.000 -9223372036854776000.000 0.000 
卫星3: 27.000 5.000 0.000 16399.000 387571360588058.000 663.000 22.900 -611.166 3.276 16.000 0.000 0.000 1561097984.000 -9223372036854776000.000 0.000 

时钟数据数组: 16788012000000.000 -0.936 7.957 -1445237998436427260.000 66.000 18.000 0.000 1484.848 42.260 
测量数据数组:
卫星0: 4.000 1.000 0.000 16399.000 387586369912801.000 24.000 29.100 582.682 0.106 16.000 -0.000 1902.918 1575420032.000 -9223372036854776000.000 0.000 
卫星1: 21.000 3.000 0.000 49359.000 52768371819222.000 16.000 33.000 -803.580 0.047 16.000 -0.000 1868.720 1604249984.000 -9223372036854776000.000 0.000 
卫星2: 28.000 5.000 0.000 16399.000 387572372527330.000 888.000 20.000 -437.764 4.214 16.000 0.000 0.000 1561097984.000 -9223372036854776000.000 0.000 
卫星3: 27.000 5.000 0.000 16399.000 387572360590093.000 674.000 22.400 -611.329 4.027 16.000 0.000 0.000 1561097984.000 -9223372036854776000.000 0.000 

时钟数据数组: 16789012000000.000 -0.029 7.017 -1445237998436427260.000 66.000 18.000 0.000 1532.579 38.449 
测量数据数组:
卫星0: 4.000 1.000 0.000 16399.000 387587369910819.000 27.000 28.000 582.679 0.630 16.000 0.000 0.000 1575420032.000 -9223372036854776000.000 0.000 
卫星1: 21.000 3.000 0.000 49359.000 52769371821884.000 17.000 32.100 -803.758 0.049 16.000 -0.000 1868.720 1604249984.000 -9223372036854776000.000 0.000 
卫星2: 28.000 5.000 0.000 16399.000 387573372528780.000 1033.000 19.200 -437.245 5.055 16.000 0.000 0.000 1561097984.000 -9223372036854776000.000 0.000 
卫星3: 27.000 5.000 0.000 16399.000 387573360592127.000 687.000 22.300 -611.579 4.777 16.000 0.000 0.000 1561097984.000 -9223372036854776000.000 0.000 

时钟数据数组: 16790012000000.000 -0.774 6.655 -1445237998436427260.000 66.000 18.000 0.000 1608.237 40.847 
测量数据数组:
卫星0: 4.000 1.000 0.000 16399.000 387588369908869.000 27.000 28.000 582.432 0.630 16.000 0.000 0.000 1575420032.000 -9223372036854776000.000 0.000 
卫星1: 21.000 3.000 0.000 49359.000 52770371824555.000 17.000 32.000 -803.779 0.049 16.000 -0.000 1868.720 1604249984.000 -9223372036854776000.000 0.000 
卫星2: 28.000 5.000 0.000 16399.000 387574372530242.000 1202.000 18.800 -437.466 5.905 16.000 0.000 0.000 1561097984.000 -9223372036854776000.000 0.000 
卫星3: 27.000 5.000 0.000 16399.000 387574360594173.000 703.000 22.100 -611.588 5.527 16.000 0.000 0.000 1561097984.000 -9223372036854776000.000 0.000 

时钟数据数组: 16791012000000.000 -0.389 6.419 -1445237998436427260.000 66.000 18.000 0.000 1375.466 39.928 
测量数据数组:
卫星0: 4.000 1.000 0.000 16399.000 387589369906938.000 27.000 28.400 582.689 0.630 16.000 0.000 0.000 1575420032.000 -9223372036854776000.000 0.000 
卫星1: 21.000 3.000 0.000 49359.000 52771371827286.000 17.000 32.800 -803.564 0.049 16.000 -0.000 1868.720 1604249984.000 -9223372036854776000.000 0.000 
卫星2: 28.000 5.000 0.000 16399.000 387575372531728.000 1220.000 18.700 -437.668 6.655 16.000 0.000 0.000 1561097984.000 -9223372036854776000.000 0.000 
卫星3: 27.000 5.000 0.000 16399.000 387575360596222.000 820.000 21.700 -611.771 6.357 16.000 0.000 0.000 1561097984.000 -9223372036854776000.000 0.000 

时钟数据数组: 16792012000000.000 -0.253 6.360 -1445237998436427260.000 66.000 18.000 0.000 1448.907 40.867 
测量数据数组:
卫星0: 4.000 1.000 0.000 16399.000 387590369905034.000 24.000 29.100 582.518 0.106 16.000 -0.000 1902.918 1575420032.000 -9223372036854776000.000 0.000 
卫星1: 21.000 3.000 0.000 49359.000 52772371829928.000 17.000 32.600 -803.577 0.049 16.000 -0.000 1868.720 1604249984.000 -9223372036854776000.000 0.000 
卫星2: 28.000 5.000 0.000 16399.000 387576372533188.000 1242.000 18.300 -437.658 7.405 16.000 0.000 0.000 1561097984.000 -9223372036854776000.000 0.000 
卫星3: 27.000 5.000 0.000 16399.000 387576360598274.000 841.000 21.600 -612.039 7.107 16.000 0.000 0.000 1561097984.000 -9223372036854776000.000 0.000 

时钟数据数组: 16793012000000.000 -0.935 6.600 -1445237998436427260.000 66.000 18.000 0.000 1512.948 38.001 
测量数据数组:
卫星0: 1.000 1.000 0.000 16399.000 387591373890084.000 1635.000 16.500 -579.149 8.126 16.000 0.000 0.000 1575420032.000 -9223372036854776000.000 0.000 
卫星1: 4.000 1.000 0.000 16399.000 387591369903034.000 27.000 28.500 582.860 0.630 16.000 0.000 0.000 1575420032.000 -9223372036854776000.000 0.000 
卫星2: 21.000 3.000 0.000 49359.000 52773371832587.000 16.000 33.000 -803.521 0.047 16.000 -0.000 1868.720 1604249984.000 -9223372036854776000.000 0.000 
卫星3: 28.000 5.000 0.000 16399.000 387577372534636.000 1441.000 17.600 -437.620 8.274 16.000 0.000 0.000 1561097984.000 -9223372036854776000.000 0.000 
卫星4: 27.000 5.000 0.000 16399.000 387577360600319.000 864.000 21.300 -612.135 7.857 16.000 0.000 0.000 1561097984.000 -9223372036854776000.000 0.000 

时钟数据数组: 16794012000000.000 -0.196 6.686 -1445237998436427260.000 66.000 18.000 0.000 1087.461 39.214 
测量数据数组:
卫星0: 1.000 1.000 0.000 16399.000 387592373892061.000 1661.000 16.300 -579.111 8.876 16.000 0.000 0.000 1575420032.000 -9223372036854776000.000 0.000 
卫星1: 4.000 1.000 0.000 16399.000 387592369901119.000 21.000 29.700 582.320 0.074 16.000 -0.000 1902.918 1575420032.000 -9223372036854776000.000 0.000 
卫星2: 21.000 3.000 0.000 49359.000 52774371835335.000 17.000 32.900 -803.724 0.049 16.000 -0.000 1868.720 1604249984.000 -9223372036854776000.000 0.000 
卫星3: 28.000 5.000 0.000 16399.000 387578372536098.000 1468.000 17.600 -437.648 9.024 16.000 0.000 0.000 1561097984.000 -9223372036854776000.000 0.000 
卫星4: 27.000 5.000 0.000 16399.000 387578360602355.000 890.000 21.400 -612.251 8.607 16.000 0.000 0.000 1561097984.000 -9223372036854776000.000 0.000 

时钟数据数组: 16795012000000.000 -0.925 6.137 -1445237998436427260.000 66.000 18.000 0.000 888.264 36.529 
测量数据数组:
卫星0: 1.000 1.000 0.000 16399.000 387593373893997.000 1923.000 15.800 -579.206 9.756 16.000 0.000 0.000 1575420032.000 -9223372036854776000.000 0.000 
卫星1: 4.000 1.000 0.000 16399.000 387593369899169.000 24.000 29.000 582.274 0.106 16.000 -0.000 1902.918 1575420032.000 -9223372036854776000.000 0.000 
卫星2: 9.000 1.000 0.000 16399.000 387593373449586.000 2192.000 14.600 383.061 9.896 16.000 0.000 0.000 1575420032.000 -9223372036854776000.000 0.000 
卫星3: 21.000 3.000 0.000 49359.000 52775371838038.000 17.000 32.900 -803.724 0.049 16.000 -0.000 1868.720 1604249984.000 -9223372036854776000.000 0.000 
卫星4: 28.000 5.000 0.000 16399.000 387579372537571.000 1497.000 17.200 -437.812 9.775 16.000 0.000 0.000 1561097984.000 -9223372036854776000.000 0.000 
卫星5: 27.000 5.000 0.000 16399.000 387579360604404.000 70.000 21.300 -612.587 9.357 16.000 0.000 0.000 1561097984.000 -9223372036854776000.000 0.000 

时钟数据数组: 16796012000000.000 -0.733 6.366 -1445237998436427260.000 66.000 18.000 0.000 757.691 36.903 
测量数据数组:
卫星0: 1.000 1.000 0.000 16399.000 387594373895916.000 139.000 15.800 -579.206 10.881 16.000 0.000 0.000 1575420032.000 -9223372036854776000.000 0.000 
卫星1: 4.000 1.000 0.000 16399.000 387594369897228.000 24.000 28.700 582.209 0.106 16.000 -0.000 1902.918 1575420032.000 -9223372036854776000.000 0.000 
卫星2: 9.000 1.000 0.000 16399.000 387594373448288.000 159.000 14.600 383.033 11.021 16.000 0.000 0.000 1575420032.000 -9223372036854776000.000 0.000 
卫星3: 21.000 3.000 0.000 49359.000 52776371840637.000 17.000 32.600 -803.703 0.049 16.000 -0.000 1868.720 1604249984.000 -9223372036854776000.000 0.000 
卫星4: 28.000 5.000 0.000 16399.000 387580372539051.000 122.000 17.800 -438.225 10.900 16.000 0.000 0.000 1561097984.000 -9223372036854776000.000 0.000 

时钟数据数组: 16797012000000.000 -0.534 5.492 -1445237998436427260.000 66.000 18.000 0.000 672.829 37.179 
测量数据数组:
卫星0: 4.000 1.000 0.000 16399.000 387595369895353.000 31.000 27.100 582.023 0.680 16.000 0.000 0.000 1575420032.000 -9223372036854776000.000 0.000 
卫星1: 21.000 3.000 0.000 49359.000 52777371843349.000 19.000 31.400 -803.741 0.059 16.000 -0.000 1868.720 1604249984.000 -9223372036854776000.000 0.000 
卫星2: 27.000 5.000 0.000 16399.000 387581360608484.000 80.000 20.500 -612.932 2.096 16.000 0.000 0.000 1561097984.000 -9223372036854776000.000 0.000 

时钟数据数组: 16798012000000.000 -0.603 5.311 -1445237998436427010.000 66.000 18.000 0.000 544.902 37.970 
测量数据数组:
卫星0: 4.000 1.000 0.000 16399.000 387596369893385.000 27.000 27.700 582.042 0.680 16.000 0.000 0.000 1575420032.000 -9223372036854776000.000 0.000 
卫星1: 21.000 3.000 0.000 49359.000 52778371846039.000 19.000 31.800 -803.637 0.059 16.000 -0.000 1868.720 1604249984.000 -9223372036854776000.000 0.000 
卫星2: 1.000 1.000 0.000 81935.000 387596373907689.000 16.000 21.300 -579.020 1.129 16.000 0.000 0.000 1176450048.000 -9223372036854776000.000 0.000 
卫星3: 4.000 1.000 0.000 81935.000 387596369901131.000 6.000 30.300 582.333 0.585 16.000 0.000 0.000 1176450048.000 -9223372036854776000.000 0.000 
卫星4: 9.000 7.000 0.000 16399.000 387596317252663.000 53.000 24.300 146.411 0.923 16.000 0.000 0.000 1176450048.000 -9223372036854776000.000 0.000 

时钟数据数组: 16800012000000.000 -0.729 4.937 -1445237998436427010.000 66.000 18.000 0.000 489.254 41.926 
测量数据数组:
卫星0: 4.000 1.000 0.000 16399.000 387598369889430.000 24.000 28.900 581.680 0.870 16.000 0.000 0.000 1575420032.000 -9223372036854776000.000 0.000 

时钟数据数组: 16801012000000.000 -0.292 3.962 -1445237998436427010.000 66.000 18.000 0.000 365.283 34.944 
测量数据数组:
卫星0: 4.000 1.000 0.000 16399.000 387599369887534.000 27.000 27.900 582.337 0.680 16.000 0.000 0.000 1575420032.000 -9223372036854776000.000 0.000 

时钟数据数组: 16802012000000.000 -0.778 5.324 -1445237998436427010.000 66.000 18.000 0.000 338.935 36.504 
测量数据数组:
卫星0: 21.000 3.000 0.000 49359.000 52782371856731.000 53.000 23.800 -804.520 0.933 16.000 0.000 0.000 1604249984.000 -9223372036854776000.000 0.000 
卫星1: 4.000 1.000 0.000 81935.000 387600369893367.000 8.000 26.900 582.295 0.785 16.000 0.000 0.000 1176450048.000 -9223372036854776000.000 0.000 

时钟数据数组: 16803012000000.000 -0.858 2.914 -1445237998436427010.000 66.000 18.000 0.000 373.825 38.226 
测量数据数组:
卫星0: 4.000 1.000 0.000 16399.000 387601369883594.000 61.000 21.600 581.490 1.840 16.000 0.000 0.000 1575420032.000 -9223372036854776000.000 0.000 
卫星1: 21.000 3.000 0.000 49359.000 52783371859278.000 46.000 24.500 -804.081 0.863 16.000 0.000 0.000 1604249984.000 -9223372036854776000.000 0.000 
卫星2: 27.000 5.000 0.000 16399.000 387587360620780.000 80.000 20.500 -614.507 2.622 16.000 0.000 0.000 1561097984.000 -9223372036854776000.000 0.000 
卫星3: 5.000 6.000 0.000 23567.000 387601365650085.000 61.000 23.100 510.758 0.957 16.000 0.000 0.000 1575420032.000 -9223372036854776000.000 0.000 
卫星4: 1.000 1.000 0.000 81935.000 387601373917353.000 18.000 20.400 -579.186 1.801 16.000 0.000 0.000 1176450048.000 -9223372036854776000.000 0.000 
卫星5: 4.000 1.000 0.000 81935.000 387601369891424.000 5.000 33.200 582.077 0.062 16.000 -0.000 2548.255 1176450048.000 -9223372036854776000.000 0.000 
卫星6: 5.000 6.000 0.000 81935.000 387601365656414.000 11.000 24.400 510.828 1.469 16.000 0.000 0.000 1176450048.000 -9223372036854776000.000 0.000 
卫星7: 9.000 7.000 0.000 16399.000 387601317250140.000 80.000 21.800 147.342 1.717 16.000 0.000 0.000 1176450048.000 -9223372036854776000.000 0.000 

时钟数据数组: 16804012000000.000 -0.387 5.484 -1445237998436427010.000 66.000 18.000 0.000 299.500 32.335 
测量数据数组:
卫星0: 4.000 1.000 0.000 16399.000 387602369881620.000 27.000 27.700 581.518 0.680 16.000 0.000 0.000 1575420032.000 -9223372036854776000.000 0.000 
卫星1: 21.000 3.000 0.000 49359.000 52784371862171.000 24.000 29.000 -803.597 0.109 16.000 -0.000 1868.720 1604249984.000 -9223372036854776000.000 0.000 
卫星2: 28.000 5.000 0.000 16399.000 387588372550800.000 92.000 20.200 -438.493 2.504 16.000 0.000 0.000 1561097984.000 -9223372036854776000.000 0.000 
卫星3: 27.000 5.000 0.000 16399.000 387588360622878.000 19.000 31.500 -613.364 0.042 16.000 -0.000 1920.376 1561097984.000 -9223372036854776000.000 0.000 
卫星4: 5.000 6.000 0.000 23567.000 387602365648410.000 70.000 22.100 510.586 1.037 16.000 0.000 0.000 1575420032.000 -9223372036854776000.000 0.000 
卫星5: 4.000 1.000 0.000 81935.000 387602369889482.000 4.000 34.800 581.874 0.060 16.000 -0.000 2548.255 1176450048.000 -9223372036854776000.000 0.000 
卫星6: 14.000 1.000 0.000 81935.000 387602363173768.000 20.000 19.400 -378.624 2.656 16.000 0.000 0.000 1176450048.000 -9223372036854776000.000 0.000 
卫星7: 5.000 6.000 0.000 81935.000 387602365654708.000 6.000 30.400 510.599 0.549 16.000 0.000 0.000 1176450048.000 -9223372036854776000.000 0.000 
卫星8: 27.000 5.000 0.000 16399.000 387588360629084.000 16.000 21.000 -613.155 2.411 16.000 0.000 0.000 1176450048.000 -9223372036854776000.000 0.000 

时钟数据数组: 16805012000000.000 -0.572 6.257 -1445237998436427010.000 66.000 18.000 0.000 322.120 34.133 
测量数据数组:
卫星0: 4.000 1.000 0.000 16399.000 387603369879791.000 35.000 25.800 581.528 0.800 16.000 0.000 0.000 1575420032.000 -9223372036854776000.000 0.000 
卫星1: 21.000 3.000 0.000 49359.000 52785371864746.000 31.000 27.700 -803.221 0.683 16.000 0.000 0.000 1604249984.000 -9223372036854776000.000 0.000 
卫星2: 7.000 3.000 0.000 49359.000 52785370662456.000 70.000 21.100 516.049 3.207 16.000 0.000 0.000 1604812544.000 -9223372036854776000.000 0.000 
卫星3: 27.000 5.000 0.000 16399.000 387589360624947.000 35.000 27.100 -613.547 0.666 16.000 0.000 0.000 1561097984.000 -9223372036854776000.000 0.000 
卫星4: 5.000 6.000 0.000 23567.000 387603365646690.000 46.000 24.600 510.434 0.887 16.000 0.000 0.000 1575420032.000 -9223372036854776000.000 0.000 
卫星5: 1.000 1.000 0.000 81935.000 387603373921211.000 16.000 21.700 -579.122 1.831 16.000 0.000 0.000 1176450048.000 -9223372036854776000.000 0.000 
卫星6: 4.000 1.000 0.000 81935.000 387603369887542.000 4.000 35.000 581.902 0.058 16.000 -0.000 2548.255 1176450048.000 -9223372036854776000.000 0.000 
卫星7: 9.000 1.000 0.000 81935.000 387603373444441.000 20.000 19.000 383.554 3.391 16.000 0.000 0.000 1176450048.000 -9223372036854776000.000 0.000 
卫星8: 5.000 6.000 0.000 81935.000 387603365653000.000 8.000 29.000 510.674 0.057 16.000 -0.000 2548.255 1176450048.000 -9223372036854776000.000 0.000 
卫星9: 27.000 5.000 0.000 16399.000 387589360631147.000 12.000 23.400 -613.549 0.961 16.000 0.000 0.000 1176450048.000 -9223372036854776000.000 0.000 
卫星10: 32.000 5.000 0.000 16399.000 387589359255343.000 23.000 18.100 317.541 3.470 16.000 0.000 0.000 1176450048.000 -9223372036854776000.000 0.000 
卫星11: 9.000 7.000 0.000 16399.000 387603317249256.000 70.000 22.600 146.080 1.772 16.000 0.000 0.000 1176450048.000 -9223372036854776000.000 0.000 

时钟数据数组: 16806012000000.000 -0.218 4.459 -1445237998436427010.000 66.000 18.000 0.000 302.247 32.265 
测量数据数组:
卫星0: 4.000 1.000 0.000 16399.000 387604369877803.000 35.000 26.500 582.203 0.740 16.000 0.000 0.000 1575420032.000 -9223372036854776000.000 0.000 
卫星1: 21.000 3.000 0.000 49359.000 52786371867553.000 31.000 27.300 -803.175 0.683 16.000 0.000 0.000 1604249984.000 -9223372036854776000.000 0.000 
卫星2: 7.000 3.000 0.000 49359.000 52786370660751.000 35.000 26.000 516.012 0.741 16.000 0.000 0.000 1604812544.000 -9223372036854776000.000 0.000 
卫星3: 28.000 5.000 0.000 16399.000 387590372553662.000 80.000 21.200 -437.994 1.844 16.000 0.000 0.000 1561097984.000 -9223372036854776000.000 0.000 
卫星4: 27.000 5.000 0.000 16399.000 387590360626957.000 27.000 29.200 -613.076 0.576 16.000 0.000 0.000 1561097984.000 -9223372036854776000.000 0.000 
卫星5: 5.000 6.000 0.000 23567.000 387604365644981.000 40.000 25.600 510.900 0.827 16.000 0.000 0.000 1575420032.000 -9223372036854776000.000 0.000 
卫星6: 1.000 1.000 0.000 81935.000 387604373923147.000 11.000 24.700 -578.783 0.184 16.000 -0.000 2548.255 1176450048.000 -9223372036854776000.000 0.000 
卫星7: 4.000 1.000 0.000 81935.000 387604369885599.000 4.000 34.400 582.141 0.060 16.000 -0.000 2548.255 1176450048.000 -9223372036854776000.000 0.000 
卫星8: 9.000 1.000 0.000 81935.000 387604373443170.000 12.000 23.000 384.026 0.951 16.000 0.000 0.000 1176450048.000 -9223372036854776000.000 0.000 
卫星9: 14.000 1.000 0.000 81935.000 387604363176306.000 20.000 19.100 -379.006 2.056 16.000 0.000 0.000 1176450048.000 -9223372036854776000.000 0.000 
卫星10: 5.000 6.000 0.000 81935.000 387604365651295.000 7.000 29.600 510.961 0.055 16.000 -0.000 2548.255 1176450048.000 -9223372036854776000.000 0.000 
卫星11: 27.000 5.000 0.000 16399.000 387590360633178.000 12.000 23.300 -613.218 0.961 16.000 0.000 0.000 1176450048.000 -9223372036854776000.000 0.000 
卫星12: 32.000 5.000 0.000 16399.000 387590359254283.000 10.000 24.700 317.936 0.119 16.000 -0.000 2548.255 1176450048.000 -9223372036854776000.000 0.000 
卫星13: 2.000 7.000 0.000 16399.000 387604316395453.000 92.000 20.400 -29.853 4.056 16.000 0.000 0.000 1176450048.000 -9223372036854776000.000 0.000 
卫星14: 9.000 7.000 0.000 16399.000 387604317248726.000 53.000 24.700 146.730 0.872 16.000 0.000 0.000 1176450048.000 -9223372036854776000.000 0.000 

时钟数据数组: 16807012000000.000 -0.662 4.452 -1445237998436427010.000 66.000 18.000 0.000 245.287 28.617 
测量数据数组:
卫星0: 4.000 1.000 0.000 16399.000 387605369875927.000 31.000 27.400 582.061 0.680 16.000 0.000 0.000 1575420032.000 -9223372036854776000.000 0.000 
卫星1: 21.000 3.000 0.000 49359.000 52787371870117.000 31.000 27.300 -804.174 0.683 16.000 0.000 0.000 1604249984.000 -9223372036854776000.000 0.000 
卫星2: 7.000 3.000 0.000 49359.000 52787370659103.000 46.000 24.700 516.236 0.861 16.000 0.000 0.000 1604812544.000 -9223372036854776000.000 0.000 
卫星3: 28.000 5.000 0.000 16399.000 387591372555135.000 70.000 22.100 -437.389 1.015 16.000 0.000 0.000 1561097984.000 -9223372036854776000.000 0.000 
卫星4: 27.000 5.000 0.000 16399.000 387591360629021.000 35.000 26.800 -612.817 0.726 16.000 0.000 0.000 1561097984.000 -9223372036854776000.000 0.000 
卫星5: 5.000 6.000 0.000 23567.000 387605365643286.000 53.000 23.300 510.720 0.957 16.000 0.000 0.000 1575420032.000 -9223372036854776000.000 0.000 
卫星6: 1.000 1.000 0.000 81935.000 387605373925074.000 11.000 24.400 -578.824 0.184 16.000 -0.000 2548.255 1176450048.000 -9223372036854776000.000 0.000 
卫星7: 4.000 1.000 0.000 81935.000 387605369883656.000 4.000 34.600 582.109 0.060 16.000 -0.000 2548.255 1176450048.000 -9223372036854776000.000 0.000 
卫星8: 9.000 1.000 0.000 81935.000 387605373441893.000 14.000 21.900 383.695 1.111 16.000 0.000 0.000 1176450048.000 -9223372036854776000.000 0.000 
卫星9: 14.000 1.000 0.000 81935.000 387605363177555.000 18.000 20.500 -378.636 1.186 16.000 0.000 0.000 1176450048.000 -9223372036854776000.000 0.000 
卫星10: 5.000 6.000 0.000 81935.000 387605365649595.000 8.000 29.000 510.825 0.057 16.000 -0.000 2548.255 1176450048.000 -9223372036854776000.000 0.000 
卫星11: 27.000 5.000 0.000 16399.000 387591360635220.000 14.000 22.000 -613.256 1.041 16.000 0.000 0.000 1176450048.000 -9223372036854776000.000 0.000 
卫星12: 32.000 5.000 0.000 16399.000 387591359253233.000 11.000 23.600 317.833 0.193 16.000 -0.000 2548.255 1176450048.000 -9223372036854776000.000 0.000 
卫星13: 2.000 7.000 0.000 16399.000 387605316395445.000 61.000 23.900 -31.025 0.940 16.000 0.000 0.000 1176450048.000 -9223372036854776000.000 0.000 
卫星14: 9.000 7.000 0.000 16399.000 387605317248212.000 61.000 24.000 147.049 0.872 16.000 0.000 0.000 1176450048.000 -9223372036854776000.000 0.000 

时钟数据数组: 16808012000000.000 -0.609 3.915 -1445237998436427010.000 66.000 18.000 0.000 235.342 27.871 
测量数据数组:
卫星0: 1.000 1.000 0.000 16399.000 387606373919068.000 159.000 15.500 -578.607 7.446 16.000 0.000 0.000 1575420032.000 -9223372036854776000.000 0.000 
卫星1: 4.000 1.000 0.000 16399.000 387606369873925.000 27.000 28.500 582.042 0.630 16.000 0.000 0.000 1575420032.000 -9223372036854776000.000 0.000 
卫星2: 21.000 3.000 0.000 49359.000 52788371872836.000 24.000 29.000 -803.166 0.109 16.000 -0.000 1868.720 1604249984.000 -9223372036854776000.000 0.000 
卫星3: 7.000 3.000 0.000 49359.000 52788370657435.000 35.000 26.700 516.273 0.741 16.000 0.000 0.000 1604812544.000 -9223372036854776000.000 0.000 
卫星4: 28.000 5.000 0.000 16399.000 387592372556562.000 61.000 22.700 -437.005 1.015 16.000 0.000 0.000 1561097984.000 -9223372036854776000.000 0.000 
卫星5: 27.000 5.000 0.000 16399.000 387592360631070.000 35.000 26.900 -612.971 0.726 16.000 0.000 0.000 1561097984.000 -9223372036854776000.000 0.000 
卫星6: 3.000 6.000 0.000 23567.000 387606364739020.000 70.000 21.800 240.855 1.115 16.000 0.000 0.000 1575420032.000 -9223372036854776000.000 0.000 
卫星7: 5.000 6.000 0.000 23567.000 387606365641545.000 46.000 24.600 510.843 0.887 16.000 0.000 0.000 1575420032.000 -9223372036854776000.000 0.000 
卫星8: 1.000 1.000 0.000 81935.000 387606373927008.000 14.000 22.500 -578.192 1.031 16.000 0.000 0.000 1176450048.000 -9223372036854776000.000 0.000 
卫星9: 4.000 1.000 0.000 81935.000 387606369881714.000 4.000 35.300 582.320 0.058 16.000 -0.000 2548.255 1176450048.000 -9223372036854776000.000 0.000 
卫星10: 9.000 1.000 0.000 81935.000 387606373440601.000 16.000 21.600 383.924 1.111 16.000 0.000 0.000 1176450048.000 -9223372036854776000.000 0.000 
卫星11: 14.000 1.000 0.000 81935.000 387606363178831.000 14.000 22.200 -378.955 1.016 16.000 0.000 0.000 1176450048.000 -9223372036854776000.000 0.000 
卫星12: 5.000 6.000 0.000 81935.000 387606365647886.000 7.000 29.900 511.076 0.055 16.000 -0.000 2548.255 1176450048.000 -9223372036854776000.000 0.000 
卫星13: 8.000 6.000 0.000 81935.000 387606358395718.000 34.000 15.500 -181.323 6.149 16.000 0.000 0.000 1176450048.000 -9223372036854776000.000 0.000 
卫星14: 27.000 5.000 0.000 16399.000 387592360637277.000 12.000 22.900 -612.683 1.041 16.000 0.000 0.000 1176450048.000 -9223372036854776000.000 0.000 
卫星15: 32.000 5.000 0.000 16399.000 387592359252158.000 11.000 23.600 318.097 0.193 16.000 -0.000 2548.255 1176450048.000 -9223372036854776000.000 0.000 
卫星16: 2.000 7.000 0.000 16399.000 387606316395546.000 53.000 24.300 -30.248 0.870 16.000 0.000 0.000 1176450048.000 -9223372036854776000.000 0.000 
卫星17: 9.000 7.000 0.000 16399.000 387606317247765.000 46.000 26.000 147.138 0.752 16.000 0.000 0.000 1176450048.000 -9223372036854776000.000 0.000 

时钟数据数组: 16809012000000.000 -0.003 4.500 -1445237998436427010.000 66.000 18.000 0.000 204.141 25.989 
测量数据数组:
卫星0: 4.000 1.000 0.000 16399.000 387607369872003.000 27.000 28.400 582.479 0.630 16.000 0.000 0.000 1575420032.000 -9223372036854776000.000 0.000 
卫星1: 21.000 3.000 0.000 49359.000 52789371875488.000 27.000 28.900 -803.539 0.633 16.000 0.000 0.000 1604249984.000 -9223372036854776000.000 0.000 
卫星2: 7.000 3.000 0.000 49359.000 52789370655564.000 35.000 26.400 515.498 0.741 16.000 0.000 0.000 1604812544.000 -9223372036854776000.000 0.000 
卫星3: 32.000 5.000 0.000 16399.000 387593359244943.000 139.000 17.200 317.912 6.575 16.000 0.000 0.000 1561097984.000 -9223372036854776000.000 0.000 
卫星4: 28.000 5.000 0.000 16399.000 387593372558030.000 53.000 23.700 -437.207 0.934 16.000 0.000 0.000 1561097984.000 -9223372036854776000.000 0.000 
卫星5: 27.000 5.000 0.000 16399.000 387593360633111.000 27.000 28.400 -612.875 0.617 16.000 0.000 0.000 1561097984.000 -9223372036854776000.000 0.000 
卫星6: 3.000 6.000 0.000 23567.000 387607364738215.000 61.000 22.700 240.883 1.036 16.000 0.000 0.000 1575420032.000 -9223372036854776000.000 0.000 
卫星7: 5.000 6.000 0.000 23567.000 387607365639844.000 40.000 26.000 510.967 0.767 16.000 0.000 0.000 1575420032.000 -9223372036854776000.000 0.000 
卫星8: 1.000 1.000 0.000 81935.000 387607373928934.000 14.000 22.800 -578.523 1.031 16.000 0.000 0.000 1176450048.000 -9223372036854776000.000 0.000 
卫星9: 4.000 1.000 0.000 81935.000 387607369879772.000 4.000 35.500 582.257 0.058 16.000 -0.000 2548.255 1176450048.000 -9223372036854776000.000 0.000 
卫星10: 9.000 1.000 0.000 81935.000 387607373439330.000 12.000 23.100 384.013 0.951 16.000 0.000 0.000 1176450048.000 -9223372036854776000.000 0.000 
卫星11: 14.000 1.000 0.000 81935.000 387607363180088.000 14.000 22.800 -378.356 1.016 16.000 0.000 0.000 1176450048.000 -9223372036854776000.000 0.000 
卫星12: 5.000 6.000 0.000 81935.000 387607365646184.000 7.000 29.600 511.031 0.055 16.000 -0.000 2548.255 1176450048.000 -9223372036854776000.000 0.000 
卫星13: 27.000 5.000 0.000 16399.000 387593360639303.000 12.000 22.600 -612.709 1.041 16.000 0.000 0.000 1176450048.000 -9223372036854776000.000 0.000 
卫星14: 28.000 5.000 0.000 16399.000 387593372564306.000 34.000 14.200 -437.973 6.999 16.000 0.000 0.000 1176450048.000 -9223372036854776000.000 0.000 
卫星15: 32.000 5.000 0.000 16399.000 387593359251109.000 12.000 22.700 318.153 1.040 16.000 0.000 0.000 1176450048.000 -9223372036854776000.000 0.000 
卫星16: 2.000 7.000 0.000 16399.000 387607316395657.000 53.000 25.000 -30.490 0.810 16.000 0.000 0.000 1176450048.000 -9223372036854776000.000 0.000 
卫星17: 9.000 7.000 0.000 16399.000 387607317247324.000 53.000 24.500 147.775 0.872 16.000 0.000 0.000 1176450048.000 -9223372036854776000.000 0.000 

时钟数据数组: 16810012000000.000 -0.920 4.655 -1445237998436427010.000 66.000 18.000 0.000 160.354 25.197 
测量数据数组:
卫星0: 4.000 1.000 0.000 16399.000 387608369870081.000 27.000 28.000 582.061 0.630 16.000 0.000 0.000 1575420032.000 -9223372036854776000.000 0.000 
卫星1: 21.000 3.000 0.000 49359.000 52790371878228.000 27.000 28.700 -803.352 0.633 16.000 0.000 0.000 1604249984.000 -9223372036854776000.000 0.000 
卫星2: 7.000 3.000 0.000 49359.000 52790370653863.000 27.000 28.000 515.955 0.632 16.000 0.000 0.000 1604812544.000 -9223372036854776000.000 0.000 
卫星3: 8.000 3.000 0.000 49359.000 52790369869208.000 139.000 16.000 172.466 7.475 16.000 0.000 0.000 1605374976.000 -9223372036854776000.000 0.000 
卫星4: 28.000 5.000 0.000 16399.000 387594372559506.000 53.000 23.300 -437.380 0.934 16.000 0.000 0.000 1561097984.000 -9223372036854776000.000 0.000 
卫星5: 27.000 5.000 0.000 16399.000 387594360635143.000 27.000 28.300 -613.230 0.617 16.000 0.000 0.000 1561097984.000 -9223372036854776000.000 0.000 
卫星6: 3.000 6.000 0.000 23567.000 387608364737391.000 61.000 22.300 240.779 1.036 16.000 0.000 0.000 1575420032.000 -9223372036854776000.000 0.000 
卫星7: 5.000 6.000 0.000 23567.000 387608365638154.000 40.000 26.000 510.758 0.767 16.000 0.000 0.000 1575420032.000 -9223372036854776000.000 0.000 
卫星8: 1.000 1.000 0.000 81935.000 387608373930864.000 11.000 24.200 -578.781 0.184 16.000 -0.000 2548.255 1176450048.000 -9223372036854776000.000 0.000 
卫星9: 4.000 1.000 0.000 81935.000 387608369877830.000 4.000 35.500 582.027 0.058 16.000 -0.000 2548.255 1176450048.000 -9223372036854776000.000 0.000 
卫星10: 9.000 1.000 0.000 81935.000 387608373438049.000 12.000 23.200 383.707 0.951 16.000 0.000 0.000 1176450048.000 -9223372036854776000.000 0.000 
卫星11: 14.000 1.000 0.000 81935.000 387608363181350.000 14.000 22.200 -378.611 1.016 16.000 0.000 0.000 1176450048.000 -9223372036854776000.000 0.000 
卫星12: 5.000 6.000 0.000 81935.000 387608365644479.000 6.000 30.400 510.787 0.053 16.000 -0.000 2548.255 1176450048.000 -9223372036854776000.000 0.000 
卫星13: 27.000 5.000 0.000 16399.000 387594360641349.000 11.000 24.100 -613.185 0.195 16.000 -0.000 2548.255 1176450048.000 -9223372036854776000.000 0.000 
卫星14: 32.000 5.000 0.000 16399.000 387594359250039.000 11.000 24.100 317.762 0.223 16.000 -0.000 2548.255 1176450048.000 -9223372036854776000.000 0.000 
卫星15: 2.000 7.000 0.000 16399.000 387608316395651.000 61.000 23.400 -30.503 0.940 16.000 0.000 0.000 1176450048.000 -9223372036854776000.000 0.000 
卫星16: 9.000 7.000 0.000 16399.000 387608317246770.000 46.000 26.200 146.883 0.752 16.000 0.000 0.000 1176450048.000 -9223372036854776000.000 0.000 

时钟数据数组: 16811012000000.000 -0.290 4.257 -1445237998436427010.000 66.000 18.000 0.000 150.129 24.890 
测量数据数组:
卫星0: 4.000 1.000 0.000 16399.000 387609369868126.000 27.000 28.200 582.232 0.630 16.000 0.000 0.000 1575420032.000 -9223372036854776000.000 0.000 
卫星1: 9.000 1.000 0.000 16399.000 387609373428931.000 159.000 14.800 381.758 9.836 16.000 0.000 0.000 1575420032.000 -9223372036854776000.000 0.000 
卫星2: 21.000 3.000 0.000 49359.000 52791371880856.000 31.000 27.900 -803.754 0.683 16.000 0.000 0.000 1604249984.000 -9223372036854776000.000 0.000 
卫星3: 7.000 3.000 0.000 49359.000 52791370652191.000 31.000 27.400 516.114 0.681 16.000 0.000 0.000 1604812544.000 -9223372036854776000.000 0.000 
卫星4: 32.000 5.000 0.000 16399.000 387595359242782.000 80.000 20.900 317.806 1.945 16.000 0.000 0.000 1561097984.000 -9223372036854776000.000 0.000 
卫星5: 27.000 5.000 0.000 16399.000 387595360637206.000 27.000 28.700 -612.923 0.617 16.000 0.000 0.000 1561097984.000 -9223372036854776000.000 0.000 
卫星6: 3.000 6.000 0.000 23567.000 387609364736600.000 70.000 21.700 240.997 1.115 16.000 0.000 0.000 1575420032.000 -9223372036854776000.000 0.000 
卫星7: 5.000 6.000 0.000 23567.000 387609365636424.000 40.000 25.600 511.062 0.827 16.000 0.000 0.000 1575420032.000 -9223372036854776000.000 0.000 
卫星8: 36.000 6.000 0.000 23567.000 387609362887856.000 80.000 20.400 -497.019 1.209 16.000 0.000 0.000 1575420032.000 -9223372036854776000.000 0.000 
卫星9: 1.000 1.000 0.000 81935.000 387609373932794.000 10.000 25.200 -578.517 0.110 16.000 -0.000 2548.255 1176450048.000 -9223372036854776000.000 0.000 
卫星10: 4.000 1.000 0.000 81935.000 387609369875890.000 4.000 35.500 582.212 0.058 16.000 -0.000 2548.255 1176450048.000 -9223372036854776000.000 0.000 
卫星11: 9.000 1.000 0.000 81935.000 387609373436771.000 16.000 21.100 384.153 1.111 16.000 0.000 0.000 1176450048.000 -9223372036854776000.000 0.000 
卫星12: 14.000 1.000 0.000 81935.000 387609363182607.000 14.000 22.000 -378.725 1.016 16.000 0.000 0.000 1176450048.000 -9223372036854776000.000 0.000 
卫星13: 5.000 6.000 0.000 81935.000 387609365642773.000 6.000 30.800 511.014 0.053 16.000 -0.000 2548.255 1176450048.000 -9223372036854776000.000 0.000 
卫星14: 36.000 6.000 0.000 81935.000 387609362894168.000 34.000 14.500 -497.068 8.485 16.000 0.000 0.000 1176450048.000 -9223372036854776000.000 0.000 
卫星15: 27.000 5.000 0.000 16399.000 387595360643398.000 10.000 24.800 -612.939 0.121 16.000 -0.000 2548.255 1176450048.000 -9223372036854776000.000 0.000 
卫星16: 32.000 5.000 0.000 16399.000 387595359248980.000 10.000 24.500 318.030 0.119 16.000 -0.000 2548.255 1176450048.000 -9223372036854776000.000 0.000 
卫星17: 2.000 7.000 0.000 16399.000 387609316395834.000 46.000 25.400 -29.586 0.810 16.000 0.000 0.000 1176450048.000 -9223372036854776000.000 0.000 
卫星18: 9.000 7.000 0.000 16399.000 387609317246348.000 46.000 25.800 146.972 0.812 16.000 0.000 0.000 1176450048.000 -9223372036854776000.000 0.000 

时钟数据数组: 16812012000000.000 -0.933 5.549 -1445237998436427010.000 66.000 18.000 0.000 135.235 23.219 
测量数据数组:
卫星0: 4.000 1.000 0.000 16399.000 387610369866147.000 27.000 28.500 582.403 0.630 16.000 0.000 0.000 1575420032.000 -9223372036854776000.000 0.000 
卫星1: 21.000 3.000 0.000 49359.000 52792371883543.000 24.000 29.100 -803.193 0.109 16.000 -0.000 1868.720 1604249984.000 -9223372036854776000.000 0.000 
卫星2: 7.000 3.000 0.000 49359.000 52792370650411.000 31.000 27.400 515.722 0.681 16.000 0.000 0.000 1604812544.000 -9223372036854776000.000 0.000 
卫星3: 28.000 5.000 0.000 16399.000 387596372562418.000 70.000 21.800 -437.139 1.844 16.000 0.000 0.000 1561097984.000 -9223372036854776000.000 0.000 
卫星4: 27.000 5.000 0.000 16399.000 387596360639234.000 31.000 28.100 -613.317 0.602 16.000 0.000 0.000 1561097984.000 -9223372036854776000.000 0.000 
卫星5: 3.000 6.000 0.000 23567.000 387610364735833.000 61.000 22.300 241.150 1.036 16.000 0.000 0.000 1575420032.000 -9223372036854776000.000 0.000 
卫星6: 5.000 6.000 0.000 23567.000 387610365634746.000 35.000 26.700 510.948 0.767 16.000 0.000 0.000 1575420032.000 -9223372036854776000.000 0.000 
卫星7: 36.000 6.000 0.000 23567.000 387610362889513.000 92.000 20.100 -496.999 1.209 16.000 0.000 0.000 1575420032.000 -9223372036854776000.000 0.000 
卫星8: 1.000 1.000 0.000 81935.000 387610373934728.000 11.000 24.800 -578.610 0.184 16.000 -0.000 2548.255 1176450048.000 -9223372036854776000.000 0.000 
卫星9: 4.000 1.000 0.000 81935.000 387610369873948.000 3.000 36.100 582.120 0.056 16.000 -0.000 2548.255 1176450048.000 -9223372036854776000.000 0.000 
卫星10: 9.000 1.000 0.000 81935.000 387610373435480.000 12.000 23.600 383.720 0.951 16.000 0.000 0.000 1176450048.000 -9223372036854776000.000 0.000 
卫星11: 14.000 1.000 0.000 81935.000 387610363183887.000 14.000 22.400 -378.496 1.016 16.000 0.000 0.000 1176450048.000 -9223372036854776000.000 0.000 
卫星12: 5.000 6.000 0.000 81935.000 387610365641072.000 6.000 30.300 510.884 0.053 16.000 -0.000 2548.255 1176450048.000 -9223372036854776000.000 0.000 
卫星13: 27.000 5.000 0.000 16399.000 387596360645451.000 12.000 23.100 -613.218 0.961 16.000 0.000 0.000 1176450048.000 -9223372036854776000.000 0.000 
卫星14: 32.000 5.000 0.000 16399.000 387596359247923.000 14.000 22.200 317.936 1.040 16.000 0.000 0.000 1176450048.000 -9223372036854776000.000 0.000 
卫星15: 2.000 7.000 0.000 16399.000 387610316395899.000 46.000 25.400 -29.675 0.810 16.000 0.000 0.000 1176450048.000 -9223372036854776000.000 0.000 
卫星16: 9.000 7.000 0.000 16399.000 387610317245807.000 46.000 26.200 147.354 0.752 16.000 0.000 0.000 1176450048.000 -9223372036854776000.000 0.000 

时钟数据数组: 16813012000000.000 -0.505 6.373 -1445237998436427010.000 66.000 18.000 0.000 114.369 22.335 
测量数据数组:
卫星0: 1.000 1.000 0.000 16399.000 387611373928908.000 122.000 16.900 -578.731 4.616 16.000 0.000 0.000 1575420032.000 -9223372036854776000.000 0.000 
卫星1: 4.000 1.000 0.000 16399.000 387611369864235.000 27.000 27.800 582.032 0.680 16.000 0.000 0.000 1575420032.000 -9223372036854776000.000 0.000 
卫星2: 21.000 3.000 0.000 49359.000 52793371886223.000 27.000 28.300 -803.231 0.633 16.000 0.000 0.000 1604249984.000 -9223372036854776000.000 0.000 
卫星3: 7.000 3.000 0.000 49359.000 52793370648722.000 31.000 27.100 516.404 0.681 16.000 0.000 0.000 1604812544.000 -9223372036854776000.000 0.000 
卫星4: 32.000 5.000 0.000 16399.000 387597359240696.000 92.000 20.200 318.824 1.945 16.000 0.000 0.000 1561097984.000 -9223372036854776000.000 0.000 
卫星5: 28.000 5.000 0.000 16399.000 387597372563817.000 53.000 23.400 -436.851 0.934 16.000 0.000 0.000 1561097984.000 -9223372036854776000.000 0.000 
卫星6: 27.000 5.000 0.000 16399.000 387597360641278.000 35.000 26.900 -613.595 0.726 16.000 0.000 0.000 1561097984.000 -9223372036854776000.000 0.000 
卫星7: 3.000 6.000 0.000 23567.000 387611364734996.000 61.000 22.900 241.121 1.036 16.000 0.000 0.000 1575420032.000 -9223372036854776000.000 0.000 
卫星8: 5.000 6.000 0.000 23567.000 387611365633043.000 35.000 26.600 510.815 0.767 16.000 0.000 0.000 1575420032.000 -9223372036854776000.000 0.000 
卫星9: 1.000 1.000 0.000 81935.000 387611373936658.000 12.000 23.800 -578.409 0.951 16.000 0.000 0.000 1176450048.000 -9223372036854776000.000 0.000 
卫星10: 4.000 1.000 0.000 81935.000 387611369872007.000 4.000 35.600 582.019 0.058 16.000 -0.000 2548.255 1176450048.000 -9223372036854776000.000 0.000 
卫星11: 9.000 1.000 0.000 81935.000 387611373434206.000 11.000 24.600 383.878 0.184 16.000 -0.000 2548.255 1176450048.000 -9223372036854776000.000 0.000 
卫星12: 14.000 1.000 0.000 81935.000 387611363185137.000 14.000 22.600 -378.815 1.016 16.000 0.000 0.000 1176450048.000 -9223372036854776000.000 0.000 
卫星13: 5.000 6.000 0.000 81935.000 387611365639367.000 6.000 30.800 510.754 0.053 16.000 -0.000 2548.255 1176450048.000 -9223372036854776000.000 0.000 
卫星14: 8.000 6.000 0.000 81935.000 387611358398737.000 30.000 17.200 -180.979 4.519 16.000 0.000 0.000 1176450048.000 -9223372036854776000.000 0.000 
卫星15: 27.000 5.000 0.000 16399.000 387597360647495.000 11.000 24.000 -613.143 0.195 16.000 -0.000 2548.255 1176450048.000 -9223372036854776000.000 0.000 
卫星16: 28.000 5.000 0.000 16399.000 387597372570138.000 30.000 15.500 -437.820 4.100 16.000 0.000 0.000 1176450048.000 -9223372036854776000.000 0.000 
卫星17: 32.000 5.000 0.000 16399.000 387597359246864.000 9.000 26.300 317.799 0.089 16.000 -0.000 2548.255 1176450048.000 -9223372036854776000.000 0.000 
卫星18: 2.000 7.000 0.000 16399.000 387611316396003.000 61.000 23.300 -30.579 0.940 16.000 0.000 0.000 1176450048.000 -9223372036854776000.000 0.000 
卫星19: 9.000 7.000 0.000 16399.000 387611317245280.000 46.000 26.000 146.577 0.752 16.000 0.000 0.000 1176450048.000 -9223372036854776000.000 0.000 

时钟数据数组: 16814012000000.000 -0.395 5.593 -1445237998436427010.000 66.000 18.000 0.000 104.792 23.009 
测量数据数组:
卫星0: 4.000 1.000 0.000 16399.000 387612369862311.000 27.000 28.100 582.232 0.630 16.000 0.000 0.000 1575420032.000 -9223372036854776000.000 0.000 
卫星1: 21.000 3.000 0.000 49359.000 52794371888918.000 24.000 29.500 -803.021 0.109 16.000 -0.000 1868.720 1604249984.000 -9223372036854776000.000 0.000 
卫星2: 7.000 3.000 0.000 49359.000 52794370647113.000 27.000 28.000 516.226 0.632 16.000 0.000 0.000 1604812544.000 -9223372036854776000.000 0.000 
卫星3: 8.000 3.000 0.000 49359.000 52794369866885.000 106.000 18.200 173.494 3.620 16.000 0.000 0.000 1605374976.000 -9223372036854776000.000 0.000 
卫星4: 27.000 5.000 0.000 16399.000 387598360643331.000 27.000 28.500 -613.182 0.602 16.000 0.000 0.000 1561097984.000 -9223372036854776000.000 0.000 
卫星5: 3.000 6.000 0.000 23567.000 387612364734228.000 53.000 23.300 241.464 0.956 16.000 0.000 0.000 1575420032.000 -9223372036854776000.000 0.000 
卫星6: 5.000 6.000 0.000 23567.000 387612365631341.000 35.000 26.900 511.034 0.767 16.000 0.000 0.000 1575420032.000 -9223372036854776000.000 0.000 
卫星7: 1.000 1.000 0.000 81935.000 387612373938588.000 11.000 23.900 -578.439 0.184 16.000 -0.000 2548.255 1176450048.000 -9223372036854776000.000 0.000 
卫星8: 4.000 1.000 0.000 81935.000 387612369870063.000 4.000 35.800 582.211 0.058 16.000 -0.000 2548.255 1176450048.000 -9223372036854776000.000 0.000 
卫星9: 9.000 1.000 0.000 81935.000 387612373432925.000 11.000 24.300 384.091 0.184 16.000 -0.000 2548.255 1176450048.000 -9223372036854776000.000 0.000 
卫星10: 14.000 1.000 0.000 81935.000 387612363186417.000 12.000 23.200 -379.261 0.936 16.000 0.000 0.000 1176450048.000 -9223372036854776000.000 0.000 
卫星11: 5.000 6.000 0.000 81935.000 387612365637664.000 6.000 30.900 510.985 0.053 16.000 -0.000 2548.255 1176450048.000 -9223372036854776000.000 0.000 
卫星12: 27.000 5.000 0.000 16399.000 387598360649533.000 10.000 24.500 -612.893 0.121 16.000 -0.000 2548.255 1176450048.000 -9223372036854776000.000 0.000 
卫星13: 32.000 5.000 0.000 16399.000 387598359245804.000 11.000 24.400 318.033 0.193 16.000 -0.000 2548.255 1176450048.000 -9223372036854776000.000 0.000 
卫星14: 2.000 7.000 0.000 16399.000 387612316396162.000 46.000 26.200 -29.713 0.750 16.000 0.000 0.000 1176450048.000 -9223372036854776000.000 0.000 
卫星15: 9.000 7.000 0.000 16399.000 387612317244737.000 46.000 25.300 148.030 0.812 16.000 0.000 0.000 1176450048.000 -9223372036854776000.000 0.000 

时钟数据数组: 16815012000000.000 -0.127 7.264 -1445237998436427010.000 66.000 18.000 0.000 103.459 23.161 
测量数据数组:
卫星0: 4.000 1.000 0.000 16399.000 387613369860341.000 27.000 28.100 583.079 0.630 16.000 0.000 0.000 1575420032.000 -9223372036854776000.000 0.000 
卫星1: 21.000 3.000 0.000 49359.000 52795371891592.000 24.000 29.200 -802.703 0.109 16.000 -0.000 1868.720 1604249984.000 -9223372036854776000.000 0.000 
卫星2: 7.000 3.000 0.000 49359.000 52795370645379.000 31.000 27.100 517.002 0.681 16.000 0.000 0.000 1604812544.000 -9223372036854776000.000 0.000 
卫星3: 32.000 5.000 0.000 16399.000 387599359238514.000 80.000 21.200 318.238 1.855 16.000 0.000 0.000 1561097984.000 -9223372036854776000.000 0.000 
卫星4: 27.000 5.000 0.000 16399.000 387599360645383.000 31.000 27.500 -612.337 0.666 16.000 0.000 0.000 1561097984.000 -9223372036854776000.000 0.000 
卫星5: 3.000 6.000 0.000 23567.000 387613364733417.000 70.000 21.400 241.483 1.115 16.000 0.000 0.000 1575420032.000 -9223372036854776000.000 0.000 
卫星6: 5.000 6.000 0.000 23567.000 387613365629623.000 35.000 27.000 511.233 0.707 16.000 0.000 0.000 1575420032.000 -9223372036854776000.000 0.000 
卫星7: 1.000 1.000 0.000 81935.000 387613373940521.000 10.000 25.000 -578.091 0.110 16.000 -0.000 2548.255 1176450048.000 -9223372036854776000.000 0.000 
卫星8: 4.000 1.000 0.000 81935.000 387613369868123.000 4.000 35.800 582.501 0.058 16.000 -0.000 2548.255 1176450048.000 -9223372036854776000.000 0.000 
卫星9: 9.000 1.000 0.000 81935.000 387613373431642.000 11.000 24.800 384.523 0.184 16.000 -0.000 2548.255 1176450048.000 -9223372036854776000.000 0.000 
卫星10: 14.000 1.000 0.000 81935.000 387613363187667.000 18.000 20.500 -377.935 1.186 16.000 0.000 0.000 1176450048.000 -9223372036854776000.000 0.000 
卫星11: 5.000 6.000 0.000 81935.000 387613365635956.000 6.000 30.800 511.270 0.053 16.000 -0.000 2548.255 1176450048.000 -9223372036854776000.000 0.000 
卫星12: 27.000 5.000 0.000 16399.000 387599360651577.000 14.000 22.200 -612.709 1.041 16.000 0.000 0.000 1176450048.000 -9223372036854776000.000 0.000 
卫星13: 32.000 5.000 0.000 16399.000 387599359244741.000 10.000 25.000 318.253 0.119 16.000 -0.000 2548.255 1176450048.000 -9223372036854776000.000 0.000 
卫星14: 2.000 7.000 0.000 16399.000 387613316396154.000 46.000 26.000 -29.484 0.750 16.000 0.000 0.000 1176450048.000 -9223372036854776000.000 0.000 
卫星15: 9.000 7.000 0.000 16399.000 387613317244279.000 40.000 26.300 147.494 0.752 16.000 0.000 0.000 1176450048.000 -9223372036854776000.000 0.000 

时钟数据数组: 16816012000000.000 -0.438 7.544 -1445237998436427010.000 66.000 18.000 0.000 96.569 23.222 
测量数据数组:
卫星0: 4.000 1.000 0.000 16399.000 387614369858413.000 31.000 27.100 582.594 0.680 16.000 0.000 0.000 1575420032.000 -9223372036854776000.000 0.000 
卫星1: 21.000 3.000 0.000 49359.000 52796371894309.000 24.000 29.700 -802.590 0.109 16.000 -0.000 1868.720 1604249984.000 -9223372036854776000.000 0.000 
卫星2: 7.000 3.000 0.000 49359.000 52796370643565.000 31.000 27.200 516.600 0.681 16.000 0.000 0.000 1604812544.000 -9223372036854776000.000 0.000 
卫星3: 32.000 5.000 0.000 16399.000 387600359237453.000 61.000 22.400 319.419 1.025 16.000 0.000 0.000 1561097984.000 -9223372036854776000.000 0.000 
卫星4: 28.000 5.000 0.000 16399.000 387600372568289.000 80.000 21.200 -436.026 2.595 16.000 0.000 0.000 1561097984.000 -9223372036854776000.000 0.000 
卫星5: 27.000 5.000 0.000 16399.000 387600360647438.000 35.000 26.300 -612.596 0.726 16.000 0.000 0.000 1561097984.000 -9223372036854776000.000 0.000 
卫星6: 3.000 6.000 0.000 23567.000 387614364732624.000 70.000 22.000 241.549 1.036 16.000 0.000 0.000 1575420032.000 -9223372036854776000.000 0.000 
卫星7: 5.000 6.000 0.000 23567.000 387614365627922.000 35.000 26.400 511.233 0.767 16.000 0.000 0.000 1575420032.000 -9223372036854776000.000 0.000 
卫星8: 1.000 1.000 0.000 81935.000 387614373942440.000 12.000 23.000 -577.874 0.951 16.000 0.000 0.000 1176450048.000 -9223372036854776000.000 0.000 
卫星9: 4.000 1.000 0.000 81935.000 387614369866176.000 4.000 35.200 582.563 0.058 16.000 -0.000 2548.255 1176450048.000 -9223372036854776000.000 0.000 
卫星10: 9.000 1.000 0.000 81935.000 387614373430356.000 12.000 23.500 384.497 0.951 16.000 0.000 0.000 1176450048.000 -9223372036854776000.000 0.000 
卫星11: 14.000 1.000 0.000 81935.000 387614363188931.000 14.000 22.200 -378.305 1.016 16.000 0.000 0.000 1176450048.000 -9223372036854776000.000 0.000 
卫星12: 5.000 6.000 0.000 81935.000 387614365634254.000 6.000 30.900 511.355 0.053 16.000 -0.000 2548.255 1176450048.000 -9223372036854776000.000 0.000 
卫星13: 27.000 5.000 0.000 16399.000 387600360653630.000 11.000 23.700 -612.516 0.195 16.000 -0.000 2548.255 1176450048.000 -9223372036854776000.000 0.000 
卫星14: 32.000 5.000 0.000 16399.000 387600359243673.000 11.000 23.700 318.364 0.193 16.000 -0.000 2548.255 1176450048.000 -9223372036854776000.000 0.000 
卫星15: 2.000 7.000 0.000 16399.000 387614316396348.000 61.000 24.200 -29.560 0.870 16.000 0.000 0.000 1176450048.000 -9223372036854776000.000 0.000 
卫星16: 9.000 7.000 0.000 16399.000 387614317243782.000 46.000 25.300 147.826 0.812 16.000 0.000 0.000 1176450048.000 -9223372036854776000.000 0.000 

时钟数据数组: 16817012000000.000 -0.779 7.756 -1445237998436427010.000 66.000 18.000 0.000 97.068 22.600 
测量数据数组:
卫星0: 4.000 1.000 0.000 16399.000 387615369856447.000 27.000 28.400 583.088 0.630 16.000 0.000 0.000 1575420032.000 -9223372036854776000.000 0.000 
卫星1: 21.000 3.000 0.000 49359.000 52797371896954.000 24.000 29.900 -802.413 0.109 16.000 -0.000 1868.720 1604249984.000 -9223372036854776000.000 0.000 
卫星2: 7.000 3.000 0.000 49359.000 52797370641868.000 31.000 27.600 516.833 0.681 16.000 0.000 0.000 1604812544.000 -9223372036854776000.000 0.000 
卫星3: 27.000 5.000 0.000 16399.000 387601360649471.000 40.000 26.000 -612.481 0.726 16.000 0.000 0.000 1561097984.000 -9223372036854776000.000 0.000 
卫星4: 3.000 6.000 0.000 23567.000 387615364731766.000 70.000 21.600 241.892 1.115 16.000 0.000 0.000 1575420032.000 -9223372036854776000.000 0.000 
卫星5: 5.000 6.000 0.000 23567.000 387615365626210.000 35.000 26.500 511.462 0.767 16.000 0.000 0.000 1575420032.000 -9223372036854776000.000 0.000 
卫星6: 1.000 1.000 0.000 81935.000 387615373944370.000 11.000 24.500 -577.826 0.184 16.000 -0.000 2548.255 1176450048.000 -9223372036854776000.000 0.000 
卫星7: 4.000 1.000 0.000 81935.000 387615369864235.000 4.000 35.700 582.696 0.058 16.000 -0.000 2548.255 1176450048.000 -9223372036854776000.000 0.000 
卫星8: 9.000 1.000 0.000 81935.000 387615373429072.000 11.000 24.100 384.802 0.184 16.000 -0.000 2548.255 1176450048.000 -9223372036854776000.000 0.000 
卫星9: 14.000 1.000 0.000 81935.000 387615363190197.000 16.000 21.100 -377.986 1.096 16.000 0.000 0.000 1176450048.000 -9223372036854776000.000 0.000 
卫星10: 5.000 6.000 0.000 81935.000 387615365632546.000 6.000 31.000 511.491 0.053 16.000 -0.000 2548.255 1176450048.000 -9223372036854776000.000 0.000 
卫星11: 8.000 6.000 0.000 81935.000 387615358401146.000 30.000 17.100 -180.316 3.739 16.000 0.000 0.000 1176450048.000 -9223372036854776000.000 0.000 
卫星12: 36.000 6.000 0.000 81935.000 387615362904104.000 34.000 15.400 -496.749 5.464 16.000 0.000 0.000 1176450048.000 -9223372036854776000.000 0.000 
卫星13: 27.000 5.000 0.000 16399.000 387601360655672.000 10.000 25.100 -612.390 0.121 16.000 -0.000 2548.255 1176450048.000 -9223372036854776000.000 0.000 
卫星14: 32.000 5.000 0.000 16399.000 387601359242618.000 11.000 24.100 318.578 0.223 16.000 -0.000 2548.255 1176450048.000 -9223372036854776000.000 0.000 
卫星15: 2.000 7.000 0.000 16399.000 387615316396539.000 53.000 24.300 -30.210 0.870 16.000 0.000 0.000 1176450048.000 -9223372036854776000.000 0.000 
卫星16: 9.000 7.000 0.000 16399.000 387615317243341.000 40.000 26.500 147.609 0.752 16.000 0.000 0.000 1176450048.000 -9223372036854776000.000 0.000 

时钟数据数组: 16818012000000.000 -0.736 7.088 -1445237998436427010.000 66.000 18.000 0.000 99.009 23.814 
测量数据数组:
卫星0: 4.000 1.000 0.000 16399.000 387616369854530.000 24.000 29.000 582.701 0.106 16.000 -0.000 1902.918 1575420032.000 -9223372036854776000.000 0.000 
卫星1: 21.000 3.000 0.000 49359.000 52798371899637.000 21.000 30.400 -802.398 0.077 16.000 -0.000 1868.720 1604249984.000 -9223372036854776000.000 0.000 
卫星2: 7.000 3.000 0.000 49359.000 52798370640050.000 31.000 27.600 516.563 0.681 16.000 0.000 0.000 1604812544.000 -9223372036854776000.000 0.000 
卫星3: 32.000 5.000 0.000 16399.000 387602359235382.000 70.000 21.400 318.075 1.855 16.000 0.000 0.000 1561097984.000 -9223372036854776000.000 0.000 
卫星4: 28.000 5.000 0.000 16399.000 387602372571233.000 80.000 20.800 -435.430 1.934 16.000 0.000 0.000 1561097984.000 -9223372036854776000.000 0.000 
卫星5: 27.000 5.000 0.000 16399.000 387602360651517.000 35.000 26.900 -612.289 0.726 16.000 0.000 0.000 1561097984.000 -9223372036854776000.000 0.000 
卫星6: 3.000 6.000 0.000 23567.000 387616364730948.000 70.000 21.500 241.787 1.115 16.000 0.000 0.000 1575420032.000 -9223372036854776000.000 0.000 
卫星7: 5.000 6.000 0.000 23567.000 387616365624502.000 35.000 26.800 511.405 0.767 16.000 0.000 0.000 1575420032.000 -9223372036854776000.000 0.000 
卫星8: 1.000 1.000 0.000 81935.000 387616373946289.000 12.000 23.800 -577.581 0.951 16.000 0.000 0.000 1176450048.000 -9223372036854776000.000 0.000 
卫星9: 4.000 1.000 0.000 81935.000 387616369862291.000 3.000 36.000 582.695 0.056 16.000 -0.000 2548.255 1176450048.000 -9223372036854776000.000 0.000 
卫星10: 9.000 1.000 0.000 81935.000 387616373427789.000 11.000 24.400 384.838 0.184 16.000 -0.000 2548.255 1176450048.000 -9223372036854776000.000 0.000 
卫星11: 14.000 1.000 0.000 81935.000 387616363191467.000 16.000 21.700 -378.420 1.096 16.000 0.000 0.000 1176450048.000 -9223372036854776000.000 0.000 
卫星12: 5.000 6.000 0.000 81935.000 387616365630840.000 6.000 31.300 511.507 0.065 16.000 -0.000 2548.255 1176450048.000 -9223372036854776000.000 0.000 
卫星13: 27.000 5.000 0.000 16399.000 387602360657706.000 10.000 25.000 -612.361 0.121 16.000 -0.000 2548.255 1176450048.000 -9223372036854776000.000 0.000 
卫星14: 32.000 5.000 0.000 16399.000 387602359241548.000 11.000 23.900 318.546 0.193 16.000 -0.000 2548.255 1176450048.000 -9223372036854776000.000 0.000 
卫星15: 2.000 7.000 0.000 16399.000 387616316396587.000 53.000 24.600 -29.866 0.870 16.000 0.000 0.000 1176450048.000 -9223372036854776000.000 0.000 
卫星16: 9.000 7.000 0.000 16399.000 387616317242860.000 46.000 26.100 147.635 0.752 16.000 0.000 0.000 1176450048.000 -9223372036854776000.000 0.000 

时钟数据数组: 16819012000000.000 -0.199 6.873 -1445237998436427010.000 66.000 18.000 0.000 91.590 23.527 
测量数据数组:
卫星0: 1.000 1.000 0.000 16399.000 387617373940472.000 139.000 16.000 -578.112 5.366 16.000 0.000 0.000 1575420032.000 -9223372036854776000.000 0.000 
卫星1: 4.000 1.000 0.000 16399.000 387617369852545.000 27.000 27.700 582.765 0.680 16.000 0.000 0.000 1575420032.000 -9223372036854776000.000 0.000 
卫星2: 21.000 3.000 0.000 49359.000 52799371902260.000 21.000 30.000 -802.327 0.077 16.000 -0.000 1868.720 1604249984.000 -9223372036854776000.000 0.000 
卫星3: 7.000 3.000 0.000 49359.000 52799370638382.000 35.000 26.500 516.712 0.741 16.000 0.000 0.000 1604812544.000 -9223372036854776000.000 0.000 
卫星4: 27.000 5.000 0.000 16399.000 387603360653533.000 40.000 25.700 -612.039 0.786 16.000 0.000 0.000 1561097984.000 -9223372036854776000.000 0.000 
卫星5: 3.000 6.000 0.000 23567.000 387617364730182.000 70.000 22.200 241.958 1.036 16.000 0.000 0.000 1575420032.000 -9223372036854776000.000 0.000 
卫星6: 5.000 6.000 0.000 23567.000 387617365622800.000 40.000 26.000 511.605 0.767 16.000 0.000 0.000 1575420032.000 -9223372036854776000.000 0.000 
卫星7: 36.000 6.000 0.000 23567.000 387617362901134.000 70.000 21.300 -496.210 1.118 16.000 0.000 0.000 1575420032.000 -9223372036854776000.000 0.000 
卫星8: 1.000 1.000 0.000 81935.000 387617373948229.000 12.000 23.500 -577.568 0.951 16.000 0.000 0.000 1176450048.000 -9223372036854776000.000 0.000 
卫星9: 4.000 1.000 0.000 81935.000 387617369860350.000 4.000 35.200 582.705 0.058 16.000 -0.000 2548.255 1176450048.000 -9223372036854776000.000 0.000 
卫星10: 9.000 1.000 0.000 81935.000 387617373426504.000 14.000 22.800 384.765 1.031 16.000 0.000 0.000 1176450048.000 -9223372036854776000.000 0.000 
卫星11: 14.000 1.000 0.000 81935.000 387617363192719.000 16.000 21.400 -378.394 1.096 16.000 0.000 0.000 1176450048.000 -9223372036854776000.000 0.000 
卫星12: 5.000 6.000 0.000 81935.000 387617365629133.000 6.000 31.000 511.512 0.077 16.000 -0.000 2548.255 1176450048.000 -9223372036854776000.000 0.000 
卫星13: 27.000 5.000 0.000 16399.000 387603360659751.000 10.000 24.500 -612.296 0.121 16.000 -0.000 2548.255 1176450048.000 -9223372036854776000.000 0.000 
卫星14: 28.000 5.000 0.000 16399.000 387603372578861.000 34.000 15.300 -436.240 5.570 16.000 0.000 0.000 1176450048.000 -9223372036854776000.000 0.000 
卫星15: 32.000 5.000 0.000 16399.000 387603359240488.000 11.000 24.200 318.522 0.223 16.000 -0.000 2548.255 1176450048.000 -9223372036854776000.000 0.000 
卫星16: 2.000 7.000 0.000 16399.000 387617316396564.000 53.000 24.800 -29.955 0.870 16.000 0.000 0.000 1176450048.000 -9223372036854776000.000 0.000 
卫星17: 9.000 7.000 0.000 16399.000 387617317242258.000 46.000 25.700 147.418 0.812 16.000 0.000 0.000 1176450048.000 -9223372036854776000.000 0.000 

时钟数据数组: 16820012000000.000 -0.133 6.436 -1445237998436427010.000 66.000 18.000 0.000 94.088 22.519 
测量数据数组:
卫星0: 4.000 1.000 0.000 16399.000 387618369850654.000 24.000 28.600 583.168 0.106 16.000 -0.000 1902.918 1575420032.000 -9223372036854776000.000 0.000 
卫星1: 21.000 3.000 0.000 49359.000 52800371904956.000 21.000 30.500 -801.832 0.077 16.000 -0.000 1868.720 1604249984.000 -9223372036854776000.000 0.000 
卫星2: 7.000 3.000 0.000 49359.000 52800370636613.000 31.000 27.300 517.282 0.681 16.000 0.000 0.000 1604812544.000 -9223372036854776000.000 0.000 
卫星3: 32.000 5.000 0.000 16399.000 387604359233226.000 70.000 21.600 317.720 1.855 16.000 0.000 0.000 1561097984.000 -9223372036854776000.000 0.000 
卫星4: 28.000 5.000 0.000 16399.000 387604372574098.000 80.000 20.600 -435.392 1.934 16.000 0.000 0.000 1561097984.000 -9223372036854776000.000 0.000 
卫星5: 27.000 5.000 0.000 16399.000 387604360655584.000 40.000 25.900 -611.291 0.786 16.000 0.000 0.000 1561097984.000 -9223372036854776000.000 0.000 
卫星6: 3.000 6.000 0.000 23567.000 387618364729378.000 80.000 21.000 242.586 1.115 16.000 0.000 0.000 1575420032.000 -9223372036854776000.000 0.000 
卫星7: 5.000 6.000 0.000 23567.000 387618365621086.000 35.000 26.500 511.909 0.767 16.000 0.000 0.000 1575420032.000 -9223372036854776000.000 0.000 
卫星8: 36.000 6.000 0.000 23567.000 387618362902783.000 80.000 20.600 -496.086 1.209 16.000 0.000 0.000 1575420032.000 -9223372036854776000.000 0.000 
卫星9: 1.000 1.000 0.000 81935.000 387618373950149.000 12.000 23.300 -576.803 0.951 16.000 0.000 0.000 1176450048.000 -9223372036854776000.000 0.000 
卫星10: 4.000 1.000 0.000 81935.000 387618369858403.000 4.000 35.600 583.158 0.058 16.000 -0.000 2548.255 1176450048.000 -9223372036854776000.000 0.000 
卫星11: 9.000 1.000 0.000 81935.000 387618373425217.000 11.000 24.300 385.422 0.184 16.000 -0.000 2548.255 1176450048.000 -9223372036854776000.000 0.000 
卫星12: 14.000 1.000 0.000 81935.000 387618363193975.000 14.000 22.000 -378.356 1.016 16.000 0.000 0.000 1176450048.000 -9223372036854776000.000 0.000 
卫星13: 5.000 6.000 0.000 81935.000 387618365627424.000 6.000 30.600 511.977 0.077 16.000 -0.000 2548.255 1176450048.000 -9223372036854776000.000 0.000 
卫星14: 8.000 6.000 0.000 81935.000 387618358402949.000 27.000 17.700 -180.011 3.019 16.000 0.000 0.000 1176450048.000 -9223372036854776000.000 0.000 
卫星15: 27.000 5.000 0.000 16399.000 387604360661792.000 10.000 24.600 -611.829 0.121 16.000 -0.000 2548.255 1176450048.000 -9223372036854776000.000 0.000 
卫星16: 32.000 5.000 0.000 16399.000 387604359239427.000 12.000 23.000 318.930 0.960 16.000 0.000 0.000 1176450048.000 -9223372036854776000.000 0.000 
卫星17: 2.000 7.000 0.000 16399.000 387618316396761.000 46.000 26.000 -29.140 0.750 16.000 0.000 0.000 1176450048.000 -9223372036854776000.000 0.000 
卫星18: 9.000 7.000 0.000 16399.000 387618317241853.000 53.000 25.200 149.202 0.812 16.000 0.000 0.000 1176450048.000 -9223372036854776000.000 0.000 

时钟数据数组: 16821012000000.000 -0.010 7.812 -1445237998436427010.000 66.000 18.000 0.000 92.288 21.965 
测量数据数组:
卫星0: 4.000 1.000 0.000 16399.000 387619369848688.000 24.000 29.200 583.081 0.106 16.000 -0.000 1902.918 1575420032.000 -9223372036854776000.000 0.000 
卫星1: 21.000 3.000 0.000 49359.000 52801371907626.000 21.000 30.200 -801.877 0.077 16.000 -0.000 1868.720 1604249984.000 -9223372036854776000.000 0.000 
卫星2: 7.000 3.000 0.000 49359.000 52801370634964.000 35.000 26.300 516.899 0.741 16.000 0.000 0.000 1604812544.000 -9223372036854776000.000 0.000 
卫星3: 8.000 3.000 0.000 49359.000 52801369862854.000 139.000 16.200 176.071 6.110 16.000 0.000 0.000 1605374976.000 -9223372036854776000.000 0.000 
卫星4: 27.000 5.000 0.000 16399.000 387605360657605.000 35.000 26.900 -612.059 0.726 16.000 0.000 0.000 1561097984.000 -9223372036854776000.000 0.000 
卫星5: 5.000 6.000 0.000 23567.000 387619365619378.000 40.000 26.000 511.900 0.767 16.000 0.000 0.000 1575420032.000 -9223372036854776000.000 0.000 
卫星6: 1.000 1.000 0.000 81935.000 387619373952075.000 10.000 25.100 -577.271 0.110 16.000 -0.000 2548.255 1176450048.000 -9223372036854776000.000 0.000 
卫星7: 4.000 1.000 0.000 81935.000 387619369856458.000 4.000 35.100 583.107 0.058 16.000 -0.000 2548.255 1176450048.000 -9223372036854776000.000 0.000 
卫星8: 9.000 1.000 0.000 81935.000 387619373423937.000 11.000 24.800 385.391 0.184 16.000 -0.000 2548.255 1176450048.000 -9223372036854776000.000 0.000 
卫星9: 14.000 1.000 0.000 81935.000 387619363195240.000 12.000 23.000 -378.356 0.936 16.000 0.000 0.000 1176450048.000 -9223372036854776000.000 0.000 
卫星10: 5.000 6.000 0.000 81935.000 387619365625717.000 6.000 30.900 511.916 0.077 16.000 -0.000 2548.255 1176450048.000 -9223372036854776000.000 0.000 
卫星11: 27.000 5.000 0.000 16399.000 387605360663833.000 11.000 24.100 -611.935 0.195 16.000 -0.000 2548.255 1176450048.000 -9223372036854776000.000 0.000 
卫星12: 32.000 5.000 0.000 16399.000 387605359238372.000 11.000 24.300 318.994 0.193 16.000 -0.000 2548.255 1176450048.000 -9223372036854776000.000 0.000 
卫星13: 2.000 7.000 0.000 16399.000 387619316396785.000 46.000 25.700 -29.726 0.810 16.000 0.000 0.000 1176450048.000 -9223372036854776000.000 0.000 
卫星14: 9.000 7.000 0.000 16399.000 387619317241379.000 46.000 25.600 148.310 0.812 16.000 0.000 0.000 1176450048.000 -9223372036854776000.000 0.000 

时钟数据数组: 16822012000000.000 -0.053 7.290 -1445237998436427010.000 66.000 18.000 0.000 86.596 22.384 
测量数据数组:
卫星0: 4.000 1.000 0.000 16399.000 387620369846743.000 27.000 28.500 582.584 0.630 16.000 0.000 0.000 1575420032.000 -9223372036854776000.000 0.000 
卫星1: 21.000 3.000 0.000 49359.000 52802371910353.000 21.000 30.800 -802.217 0.077 16.000 -0.000 1868.720 1604249984.000 -9223372036854776000.000 0.000 
卫星2: 7.000 3.000 0.000 49359.000 52802370633231.000 31.000 27.100 516.936 0.681 16.000 0.000 0.000 1604812544.000 -9223372036854776000.000 0.000 
卫星3: 32.000 5.000 0.000 16399.000 387606359231144.000 70.000 21.800 320.293 1.855 16.000 0.000 0.000 1561097984.000 -9223372036854776000.000 0.000 
卫星4: 28.000 5.000 0.000 16399.000 387606372577042.000 70.000 21.700 -437.562 1.844 16.000 0.000 0.000 1561097984.000 -9223372036854776000.000 0.000 
卫星5: 27.000 5.000 0.000 16399.000 387606360659705.000 35.000 26.700 -611.828 0.726 16.000 0.000 0.000 1561097984.000 -9223372036854776000.000 0.000 
卫星6: 3.000 6.000 0.000 23567.000 387620364727711.000 61.000 22.300 242.016 1.036 16.000 0.000 0.000 1575420032.000 -9223372036854776000.000 0.000 
卫星7: 5.000 6.000 0.000 23567.000 387620365617665.000 35.000 26.800 511.643 0.767 16.000 0.000 0.000 1575420032.000 -9223372036854776000.000 0.000 
卫星8: 1.000 1.000 0.000 81935.000 387620373954002.000 11.000 24.100 -577.586 0.184 16.000 -0.000 2548.255 1176450048.000 -9223372036854776000.000 0.000 
卫星9: 4.000 1.000 0.000 81935.000 387620369854514.000 4.000 35.400 582.728 0.058 16.000 -0.000 2548.255 1176450048.000 -9223372036854776000.000 0.000 
卫星10: 9.000 1.000 0.000 81935.000 387620373422649.000 11.000 24.400 385.142 0.184 16.000 -0.000 2548.255 1176450048.000 -9223372036854776000.000 0.000 
卫星11: 14.000 1.000 0.000 81935.000 387620363196500.000 12.000 23.700 -378.330 0.936 16.000 0.000 0.000 1176450048.000 -9223372036854776000.000 0.000 
卫星12: 5.000 6.000 0.000 81935.000 387620365624011.000 6.000 30.900 511.517 0.077 16.000 -0.000 2548.255 1176450048.000 -9223372036854776000.000 0.000 
卫星13: 27.000 5.000 0.000 16399.000 387606360665870.000 10.000 25.100 -612.257 0.121 16.000 -0.000 2548.255 1176450048.000 -9223372036854776000.000 0.000 
卫星14: 32.000 5.000 0.000 16399.000 387606359237295.000 12.000 23.400 318.510 0.960 16.000 0.000 0.000 1176450048.000 -9223372036854776000.000 0.000 
卫星15: 2.000 7.000 0.000 16399.000 387620316396928.000 46.000 25.400 -29.458 0.810 16.000 0.000 0.000 1176450048.000 -9223372036854776000.000 0.000 
卫星16: 9.000 7.000 0.000 16399.000 387620317240792.000 40.000 26.800 147.979 0.752 16.000 0.000 0.000 1176450048.000 -9223372036854776000.000 0.000 

时钟数据数组: 16823012000000.000 -0.582 6.422 -1445237998436427010.000 66.000 18.000 0.000 88.879 22.914 
测量数据数组:
卫星0: 4.000 1.000 0.000 16399.000 387621369844813.000 24.000 29.100 583.136 0.106 16.000 -0.000 1902.918 1575420032.000 -9223372036854776000.000 0.000 
卫星1: 9.000 1.000 0.000 16399.000 387621373413519.000 181.000 11.900 381.767 10.636 16.000 0.000 0.000 1575420032.000 -9223372036854776000.000 0.000 
卫星2: 21.000 3.000 0.000 49359.000 52803371913026.000 21.000 30.500 -801.749 0.077 16.000 -0.000 1868.720 1604249984.000 -9223372036854776000.000 0.000 
卫星3: 7.000 3.000 0.000 49359.000 52803370631591.000 40.000 25.900 517.730 0.801 16.000 0.000 0.000 1604812544.000 -9223372036854776000.000 0.000 
卫星4: 27.000 5.000 0.000 16399.000 387607360661733.000 35.000 26.800 -611.425 0.726 16.000 0.000 0.000 1561097984.000 -9223372036854776000.000 0.000 
卫星5: 3.000 6.000 0.000 23567.000 387621364726927.000 61.000 22.500 242.710 1.036 16.000 0.000 0.000 1575420032.000 -9223372036854776000.000 0.000 
卫星6: 5.000 6.000 0.000 23567.000 387621365615957.000 35.000 26.700 511.985 0.767 16.000 0.000 0.000 1575420032.000 -9223372036854776000.000 0.000 
卫星7: 1.000 1.000 0.000 81935.000 387621373955928.000 11.000 24.100 -577.033 0.184 16.000 -0.000 2548.255 1176450048.000 -9223372036854776000.000 0.000 
卫星8: 4.000 1.000 0.000 81935.000 387621369852571.000 4.000 35.500 583.152 0.058 16.000 -0.000 2548.255 1176450048.000 -9223372036854776000.000 0.000 
卫星9: 9.000 1.000 0.000 81935.000 387621373421366.000 11.000 24.600 385.675 0.184 16.000 -0.000 2548.255 1176450048.000 -9223372036854776000.000 0.000 
卫星10: 14.000 1.000 0.000 81935.000 387621363197764.000 12.000 23.000 -378.114 0.936 16.000 0.000 0.000 1176450048.000 -9223372036854776000.000 0.000 
卫星11: 5.000 6.000 0.000 81935.000 387621365622305.000 6.000 30.500 511.960 0.077 16.000 -0.000 2548.255 1176450048.000 -9223372036854776000.000 0.000 
卫星12: 8.000 6.000 0.000 81935.000 387621358404737.000 23.000 18.500 -179.603 2.898 16.000 0.000 0.000 1176450048.000 -9223372036854776000.000 0.000 
卫星13: 36.000 6.000 0.000 81935.000 387621362914048.000 30.000 16.500 -496.125 5.334 16.000 0.000 0.000 1176450048.000 -9223372036854776000.000 0.000 
卫星14: 27.000 5.000 0.000 16399.000 387607360667925.000 12.000 23.200 -611.982 0.961 16.000 0.000 0.000 1176450048.000 -9223372036854776000.000 0.000 
卫星15: 32.000 5.000 0.000 16399.000 387607359236234.000 10.000 25.200 319.192 0.119 16.000 -0.000 2548.255 1176450048.000 -9223372036854776000.000 0.000 
卫星16: 2.000 7.000 0.000 16399.000 387621316397070.000 53.000 25.100 -28.490 0.810 16.000 0.000 0.000 1176450048.000 -9223372036854776000.000 0.000 
卫星17: 9.000 7.000 0.000 16399.000 387621317240400.000 40.000 26.300 148.832 0.752 16.000 0.000 0.000 1176450048.000 -9223372036854776000.000 0.000 

时钟数据数组: 16824012000000.000 -0.559 8.423 -1445237998436427010.000 66.000 18.000 0.000 90.085 23.115 
测量数据数组:
卫星0: 4.000 1.000 0.000 16399.000 387622369842853.000 24.000 29.100 582.600 0.106 16.000 -0.000 1902.918 1575420032.000 -9223372036854776000.000 0.000 
卫星1: 21.000 3.000 0.000 49359.000 52804371915605.000 24.000 29.900 -802.233 0.109 16.000 -0.000 1868.720 1604249984.000 -9223372036854776000.000 0.000 
卫星2: 7.000 3.000 0.000 49359.000 52804370629736.000 40.000 25.100 517.786 0.801 16.000 0.000 0.000 1604812544.000 -9223372036854776000.000 0.000 
卫星3: 28.000 5.000 0.000 16399.000 387608372579944.000 70.000 21.400 -436.746 1.844 16.000 0.000 0.000 1561097984.000 -9223372036854776000.000 0.000 
卫星4: 27.000 5.000 0.000 16399.000 387608360663706.000 35.000 26.400 -612.241 0.726 16.000 0.000 0.000 1561097984.000 -9223372036854776000.000 0.000 
卫星5: 3.000 6.000 0.000 23567.000 387622364726142.000 70.000 21.300 242.377 1.115 16.000 0.000 0.000 1575420032.000 -9223372036854776000.000 0.000 
卫星6: 5.000 6.000 0.000 23567.000 387622365614256.000 31.000 27.400 511.338 0.707 16.000 0.000 0.000 1575420032.000 -9223372036854776000.000 0.000 
卫星7: 1.000 1.000 0.000 81935.000 387622373957855.000 12.000 23.200 -577.389 0.951 16.000 0.000 0.000 1176450048.000 -9223372036854776000.000 0.000 
卫星8: 4.000 1.000 0.000 81935.000 387622369850626.000 3.000 36.100 582.618 0.056 16.000 -0.000 2548.255 1176450048.000 -9223372036854776000.000 0.000 
卫星9: 9.000 1.000 0.000 81935.000 387622373420081.000 10.000 25.500 385.096 0.110 16.000 -0.000 2548.255 1176450048.000 -9223372036854776000.000 0.000 
卫星10: 14.000 1.000 0.000 81935.000 387622363199029.000 12.000 23.500 -378.560 0.936 16.000 0.000 0.000 1176450048.000 -9223372036854776000.000 0.000 
卫星11: 5.000 6.000 0.000 81935.000 387622365620595.000 6.000 30.800 511.448 0.077 16.000 -0.000 2548.255 1176450048.000 -9223372036854776000.000 0.000 
卫星12: 27.000 5.000 0.000 16399.000 387608360669961.000 9.000 25.600 -612.362 0.090 16.000 -0.000 2548.255 1176450048.000 -9223372036854776000.000 0.000 
卫星13: 28.000 5.000 0.000 16399.000 387608372586132.000 34.000 14.900 -435.501 4.930 16.000 0.000 0.000 1176450048.000 -9223372036854776000.000 0.000 
卫星14: 32.000 5.000 0.000 16399.000 387608359235171.000 11.000 24.000 318.480 0.193 16.000 -0.000 2548.255 1176450048.000 -9223372036854776000.000 0.000 
卫星15: 2.000 7.000 0.000 16399.000 387622316397194.000 53.000 25.100 -29.038 0.810 16.000 0.000 0.000 1176450048.000 -9223372036854776000.000 0.000 
卫星16: 9.000 7.000 0.000 16399.000 387622317239900.000 46.000 25.400 148.042 0.812 16.000 0.000 0.000 1176450048.000 -9223372036854776000.000 0.000 

时钟数据数组: 16825012000000.000 -0.254 6.695 -1445237998436427010.000 66.000 18.000 0.000 90.592 22.153 
测量数据数组:
卫星0: 4.000 1.000 0.000 16399.000 387623369840882.000 24.000 29.500 582.849 0.106 16.000 -0.000 1902.918 1575420032.000 -9223372036854776000.000 0.000 
卫星1: 21.000 3.000 0.000 49359.000 52805371918307.000 21.000 30.000 -801.915 0.077 16.000 -0.000 1868.720 1604249984.000 -9223372036854776000.000 0.000 
卫星2: 7.000 3.000 0.000 49359.000 52805370628034.000 46.000 24.800 516.609 0.861 16.000 0.000 0.000 1604812544.000 -9223372036854776000.000 0.000 
卫星3: 8.000 3.000 0.000 49359.000 52805369860571.000 106.000 18.100 175.268 3.620 16.000 0.000 0.000 1605374976.000 -9223372036854776000.000 0.000 
卫星4: 28.000 5.000 0.000 16399.000 387609372581406.000 61.000 22.600 -435.891 1.015 16.000 0.000 0.000 1561097984.000 -9223372036854776000.000 0.000 
卫星5: 27.000 5.000 0.000 16399.000 387609360665813.000 35.000 26.500 -611.761 0.726 16.000 0.000 0.000 1561097984.000 -9223372036854776000.000 0.000 
卫星6: 3.000 6.000 0.000 23567.000 387623364725320.000 80.000 20.900 242.815 1.206 16.000 0.000 0.000 1575420032.000 -9223372036854776000.000 0.000 
卫星7: 5.000 6.000 0.000 23567.000 387623365612549.000 35.000 26.800 511.757 0.767 16.000 0.000 0.000 1575420032.000 -9223372036854776000.000 0.000 
卫星8: 1.000 1.000 0.000 81935.000 387623373959784.000 11.000 24.300 -577.287 0.184 16.000 -0.000 2548.255 1176450048.000 -9223372036854776000.000 0.000 
卫星9: 4.000 1.000 0.000 81935.000 387623369848683.000 3.000 35.900 582.878 0.056 16.000 -0.000 2548.255 1176450048.000 -9223372036854776000.000 0.000 
卫星10: 9.000 1.000 0.000 81935.000 387623373418796.000 11.000 24.600 385.457 0.184 16.000 -0.000 2548.255 1176450048.000 -9223372036854776000.000 0.000 
卫星11: 14.000 1.000 0.000 81935.000 387623363200283.000 12.000 23.400 -378.076 0.936 16.000 0.000 0.000 1176450048.000 -9223372036854776000.000 0.000 
卫星12: 5.000 6.000 0.000 81935.000 387623365618890.000 6.000 31.200 511.687 0.077 16.000 -0.000 2548.255 1176450048.000 -9223372036854776000.000 0.000 
卫星13: 27.000 5.000 0.000 16399.000 387609360672005.000 9.000 25.500 -612.060 0.090 16.000 -0.000 2548.255 1176450048.000 -9223372036854776000.000 0.000 
卫星14: 32.000 5.000 0.000 16399.000 387609359234119.000 10.000 24.700 318.773 0.119 16.000 -0.000 2548.255 1176450048.000 -9223372036854776000.000 0.000 
卫星15: 2.000 7.000 0.000 16399.000 387623316397287.000 46.000 25.300 -28.260 0.810 16.000 0.000 0.000 1176450048.000 -9223372036854776000.000 0.000 
卫星16: 9.000 7.000 0.000 16399.000 387623317239381.000 40.000 26.500 147.775 0.752 16.000 0.000 0.000 1176450048.000 -9223372036854776000.000 0.000 

时钟数据数组: 16826012000000.000 -0.025 8.349 -1445237998436427010.000 66.000 18.000 0.000 93.460 23.288 
测量数据数组:
卫星0: 1.000 1.000 0.000 16399.000 387624373953818.000 122.000 17.200 -577.246 5.996 16.000 0.000 0.000 1575420032.000 -9223372036854776000.000 0.000 
卫星1: 4.000 1.000 0.000 16399.000 387624369838964.000 21.000 29.900 582.688 0.074 16.000 -0.000 1902.918 1575420032.000 -9223372036854776000.000 0.000 
卫星2: 21.000 3.000 0.000 49359.000 52806371920922.000 21.000 30.900 -802.053 0.077 16.000 -0.000 1868.720 1604249984.000 -9223372036854776000.000 0.000 
卫星3: 7.000 3.000 0.000 49359.000 52806370626349.000 40.000 25.100 516.768 0.801 16.000 0.000 0.000 1604812544.000 -9223372036854776000.000 0.000 
卫星4: 32.000 5.000 0.000 16399.000 387610359226823.000 92.000 19.300 319.458 3.535 16.000 0.000 0.000 1561097984.000 -9223372036854776000.000 0.000 
卫星5: 27.000 5.000 0.000 16399.000 387610360667854.000 35.000 26.500 -612.356 0.726 16.000 0.000 0.000 1561097984.000 -9223372036854776000.000 0.000 
卫星6: 3.000 6.000 0.000 23567.000 387624364724530.000 61.000 22.300 242.510 1.036 16.000 0.000 0.000 1575420032.000 -9223372036854776000.000 0.000 
卫星7: 5.000 6.000 0.000 23567.000 387624365610854.000 35.000 27.200 511.281 0.707 16.000 0.000 0.000 1575420032.000 -9223372036854776000.000 0.000 
卫星8: 1.000 1.000 0.000 81935.000 387624373961708.000 11.000 24.800 -577.453 0.184 16.000 -0.000 2548.255 1176450048.000 -9223372036854776000.000 0.000 
卫星9: 4.000 1.000 0.000 81935.000 387624369846738.000 4.000 35.800 582.682 0.058 16.000 -0.000 2548.255 1176450048.000 -9223372036854776000.000 0.000 
卫星10: 9.000 1.000 0.000 81935.000 387624373417510.000 11.000 24.600 385.356 0.184 16.000 -0.000 2548.255 1176450048.000 -9223372036854776000.000 0.000 
卫星11: 14.000 1.000 0.000 81935.000 387624363201551.000 11.000 24.700 -378.394 0.169 16.000 -0.000 2548.255 1176450048.000 -9223372036854776000.000 0.000 
卫星12: 5.000 6.000 0.000 81935.000 387624365617187.000 6.000 31.200 511.512 0.077 16.000 -0.000 2548.255 1176450048.000 -9223372036854776000.000 0.000 
卫星13: 8.000 6.000 0.000 81935.000 387624358406554.000 27.000 18.000 -179.603 2.898 16.000 0.000 0.000 1176450048.000 -9223372036854776000.000 0.000 
卫星14: 27.000 5.000 0.000 16399.000 387610360674048.000 10.000 24.600 -612.176 0.151 16.000 -0.000 2548.255 1176450048.000 -9223372036854776000.000 0.000 
卫星15: 32.000 5.000 0.000 16399.000 387610359233048.000 14.000 22.300 318.777 1.070 16.000 0.000 0.000 1176450048.000 -9223372036854776000.000 0.000 
卫星16: 2.000 7.000 0.000 16399.000 387624316397335.000 53.000 24.900 -30.720 0.870 16.000 0.000 0.000 1176450048.000 -9223372036854776000.000 0.000 
卫星17: 9.000 7.000 0.000 16399.000 387624317238934.000 46.000 26.200 147.596 0.752 16.000 0.000 0.000 1176450048.000 -9223372036854776000.000 0.000 

时钟数据数组: 16827012000000.000 -0.674 6.396 -1445237998436427010.000 66.000 18.000 0.000 104.271 23.306 
测量数据数组:
卫星0: 4.000 1.000 0.000 16399.000 387625369836988.000 24.000 29.300 582.425 0.106 16.000 -0.000 1902.918 1575420032.000 -9223372036854776000.000 0.000 
卫星1: 21.000 3.000 0.000 49359.000 52807371923730.000 24.000 29.200 -802.294 0.109 16.000 -0.000 1868.720 1604249984.000 -9223372036854776000.000 0.000 
卫星2: 7.000 3.000 0.000 49359.000 52807370624629.000 46.000 24.700 516.189 0.861 16.000 0.000 0.000 1604812544.000 -9223372036854776000.000 0.000 
卫星3: 28.000 5.000 0.000 16399.000 387611372584287.000 92.000 20.200 -435.315 1.934 16.000 0.000 0.000 1561097984.000 -9223372036854776000.000 0.000 
卫星4: 27.000 5.000 0.000 16399.000 387611360669903.000 40.000 26.200 -612.347 0.726 16.000 0.000 0.000 1561097984.000 -9223372036854776000.000 0.000 
卫星5: 3.000 6.000 0.000 23567.000 387625364723757.000 70.000 21.900 242.444 1.115 16.000 0.000 0.000 1575420032.000 -9223372036854776000.000 0.000 
卫星6: 5.000 6.000 0.000 23567.000 387625365609123.000 31.000 27.400 511.195 0.707 16.000 0.000 0.000 1575420032.000 -9223372036854776000.000 0.000 
卫星7: 1.000 1.000 0.000 81935.000 387625373963643.000 11.000 24.800 -577.619 0.184 16.000 -0.000 2548.255 1176450048.000 -9223372036854776000.000 0.000 
卫星8: 4.000 1.000 0.000 81935.000 387625369844795.000 4.000 35.300 582.435 0.058 16.000 -0.000 2548.255 1176450048.000 -9223372036854776000.000 0.000 
卫星9: 9.000 1.000 0.000 81935.000 387625373416229.000 11.000 23.900 385.162 0.184 16.000 -0.000 2548.255 1176450048.000 -9223372036854776000.000 0.000 
卫星10: 14.000 1.000 0.000 81935.000 387625363202817.000 12.000 23.600 -378.534 0.936 16.000 0.000 0.000 1176450048.000 -9223372036854776000.000 0.000 
卫星11: 5.000 6.000 0.000 81935.000 387625365615476.000 6.000 31.200 511.259 0.077 16.000 -0.000 2548.255 1176450048.000 -9223372036854776000.000 0.000 
卫星12: 27.000 5.000 0.000 16399.000 387611360676091.000 10.000 24.600 -612.422 0.121 16.000 -0.000 2548.255 1176450048.000 -9223372036854776000.000 0.000 
卫星13: 32.000 5.000 0.000 16399.000 387611359231987.000 12.000 23.200 318.115 0.960 16.000 0.000 0.000 1176450048.000 -9223372036854776000.000 0.000 
卫星14: 2.000 7.000 0.000 16399.000 387625316397516.000 53.000 24.900 -29.394 0.870 16.000 0.000 0.000 1176450048.000 -9223372036854776000.000 0.000 
卫星15: 9.000 7.000 0.000 16399.000 387625317238397.000 46.000 25.600 147.291 0.812 16.000 0.000 0.000 1176450048.000 -9223372036854776000.000 0.000 

时钟数据数组: 16828012000000.000 -0.055 6.587 -1445237998436427010.000 66.000 18.000 0.000 100.762 23.274 
测量数据数组:
卫星0: 4.000 1.000 0.000 16399.000 387626369835028.000 21.000 30.100 582.214 0.074 16.000 -0.000 1902.918 1575420032.000 -9223372036854776000.000 0.000 
卫星1: 21.000 3.000 0.000 49359.000 52808371926409.000 21.000 30.000 -802.444 0.077 16.000 -0.000 1868.720 1604249984.000 -9223372036854776000.000 0.000 
卫星2: 7.000 3.000 0.000 49359.000 52808370622929.000 40.000 25.100 516.469 0.801 16.000 0.000 0.000 1604812544.000 -9223372036854776000.000 0.000 
卫星3: 32.000 5.000 0.000 16399.000 387612359224741.000 80.000 20.900 317.758 1.945 16.000 0.000 0.000 1561097984.000 -9223372036854776000.000 0.000 
卫星4: 27.000 5.000 0.000 16399.000 387612360671979.000 40.000 25.500 -611.540 0.786 16.000 0.000 0.000 1561097984.000 -9223372036854776000.000 0.000 
卫星5: 3.000 6.000 0.000 23567.000 387626364722921.000 70.000 22.100 242.244 1.036 16.000 0.000 0.000 1575420032.000 -9223372036854776000.000 0.000 
卫星6: 5.000 6.000 0.000 23567.000 387626365607435.000 31.000 27.700 511.072 0.707 16.000 0.000 0.000 1575420032.000 -9223372036854776000.000 0.000 
卫星7: 1.000 1.000 0.000 81935.000 387626373965563.000 11.000 24.300 -577.875 0.184 16.000 -0.000 2548.255 1176450048.000 -9223372036854776000.000 0.000 
卫星8: 4.000 1.000 0.000 81935.000 387626369842852.000 3.000 36.100 582.217 0.056 16.000 -0.000 2548.255 1176450048.000 -9223372036854776000.000 0.000 
卫星9: 9.000 1.000 0.000 81935.000 387626373414933.000 10.000 25.500 384.923 0.110 16.000 -0.000 2548.255 1176450048.000 -9223372036854776000.000 0.000 
卫星10: 14.000 1.000 0.000 81935.000 387626363204083.000 14.000 22.800 -379.082 1.016 16.000 0.000 0.000 1176450048.000 -9223372036854776000.000 0.000 
卫星11: 5.000 6.000 0.000 81935.000 387626365613774.000 6.000 31.300 511.068 0.065 16.000 -0.000 2548.255 1176450048.000 -9223372036854776000.000 0.000 
卫星12: 27.000 5.000 0.000 16399.000 387612360678136.000 10.000 25.000 -612.659 0.121 16.000 -0.000 2548.255 1176450048.000 -9223372036854776000.000 0.000 
卫星13: 28.000 5.000 0.000 16399.000 387612372591931.000 30.000 16.300 -435.514 3.880 16.000 0.000 0.000 1176450048.000 -9223372036854776000.000 0.000 
卫星14: 32.000 5.000 0.000 16399.000 387612359230922.000 11.000 23.800 318.229 0.193 16.000 -0.000 2548.255 1176450048.000 -9223372036854776000.000 0.000 
卫星15: 2.000 7.000 0.000 16399.000 387626316397537.000 53.000 24.300 -30.184 0.870 16.000 0.000 0.000 1176450048.000 -9223372036854776000.000 0.000 
卫星16: 9.000 7.000 0.000 16399.000 387626317237886.000 46.000 25.800 147.329 0.812 16.000 0.000 0.000 1176450048.000 -9223372036854776000.000 0.000 

时钟数据数组: 16829012000000.000 -0.641 5.339 -1445237998436427010.000 66.000 18.000 0.000 104.165 23.319 
测量数据数组:
卫星0: 4.000 1.000 0.000 16399.000 387627369833137.000 21.000 30.300 582.126 0.074 16.000 -0.000 1902.918 1575420032.000 -9223372036854776000.000 0.000 
卫星1: 21.000 3.000 0.000 49359.000 52809371929057.000 21.000 30.400 -802.500 0.077 16.000 -0.000 1868.720 1604249984.000 -9223372036854776000.000 0.000 
卫星2: 7.000 3.000 0.000 49359.000 52809370621058.000 46.000 24.400 515.647 0.861 16.000 0.000 0.000 1604812544.000 -9223372036854776000.000 0.000 
卫星3: 8.000 3.000 0.000 49359.000 52809369858262.000 122.000 17.100 175.324 3.740 16.000 0.000 0.000 1605374976.000 -9223372036854776000.000 0.000 
卫星4: 28.000 5.000 0.000 16399.000 387613372587165.000 70.000 21.700 -436.333 1.844 16.000 0.000 0.000 1561097984.000 -9223372036854776000.000 0.000 
卫星5: 27.000 5.000 0.000 16399.000 387613360673986.000 40.000 26.100 -612.692 0.726 16.000 0.000 0.000 1561097984.000 -9223372036854776000.000 0.000 
卫星6: 3.000 6.000 0.000 23567.000 387627364722109.000 80.000 20.300 242.035 1.206 16.000 0.000 0.000 1575420032.000 -9223372036854776000.000 0.000 
卫星7: 5.000 6.000 0.000 23567.000 387627365605721.000 35.000 27.200 510.939 0.707 16.000 0.000 0.000 1575420032.000 -9223372036854776000.000 0.000 
卫星8: 36.000 6.000 0.000 23567.000 387627362917699.000 53.000 23.300 -496.457 0.958 16.000 0.000 0.000 1575420032.000 -9223372036854776000.000 0.000 
卫星9: 1.000 1.000 0.000 81935.000 387627373967485.000 10.000 25.000 -577.860 0.110 16.000 -0.000 2548.255 1176450048.000 -9223372036854776000.000 0.000 
卫星10: 4.000 1.000 0.000 81935.000 387627369840912.000 4.000 35.800 582.145 0.058 16.000 -0.000 2548.255 1176450048.000 -9223372036854776000.000 0.000 
卫星11: 9.000 1.000 0.000 81935.000 387627373413652.000 10.000 25.200 384.932 0.110 16.000 -0.000 2548.255 1176450048.000 -9223372036854776000.000 0.000 
卫星12: 14.000 1.000 0.000 81935.000 387627363205348.000 11.000 24.300 -379.031 0.169 16.000 -0.000 2548.255 1176450048.000 -9223372036854776000.000 0.000 
卫星13: 5.000 6.000 0.000 81935.000 387627365612071.000 6.000 31.100 510.963 0.077 16.000 -0.000 2548.255 1176450048.000 -9223372036854776000.000 0.000 
卫星14: 8.000 6.000 0.000 81935.000 387627358408330.000 23.000 18.700 -179.475 2.898 16.000 0.000 0.000 1176450048.000 -9223372036854776000.000 0.000 
卫星15: 27.000 5.000 0.000 16399.000 387613360680166.000 10.000 25.200 -612.735 0.121 16.000 -0.000 2548.255 1176450048.000 -9223372036854776000.000 0.000 
卫星16: 32.000 5.000 0.000 16399.000 387613359229856.000 9.000 26.300 318.138 0.089 16.000 -0.000 2548.255 1176450048.000 -9223372036854776000.000 0.000 
卫星17: 2.000 7.000 0.000 16399.000 387627316397718.000 53.000 24.900 -30.235 0.870 16.000 0.000 0.000 1176450048.000 -9223372036854776000.000 0.000 
卫星18: 9.000 7.000 0.000 16399.000 387627317237423.000 46.000 25.500 146.998 0.812 16.000 0.000 0.000 1176450048.000 -9223372036854776000.000 0.000 

时钟数据数组: 16830012000000.000 -0.462 4.913 -1445237998436427010.000 66.000 18.000 0.000 99.437 22.037 
测量数据数组:
卫星0: 4.000 1.000 0.000 16399.000 387628369831166.000 24.000 29.400 582.217 0.106 16.000 -0.000 1902.918 1575420032.000 -9223372036854776000.000 0.000 
卫星1: 21.000 3.000 0.000 49359.000 52810371931719.000 24.000 29.900 -802.366 0.109 16.000 -0.000 1868.720 1604249984.000 -9223372036854776000.000 0.000 
卫星2: 32.000 5.000 0.000 16399.000 387614359222678.000 80.000 20.600 318.219 1.945 16.000 0.000 0.000 1561097984.000 -9223372036854776000.000 0.000 
卫星3: 27.000 5.000 0.000 16399.000 387614360675999.000 46.000 24.600 -612.174 0.846 16.000 0.000 0.000 1561097984.000 -9223372036854776000.000 0.000 
卫星4: 5.000 6.000 0.000 23567.000 387628365604005.000 31.000 27.500 511.233 0.707 16.000 0.000 0.000 1575420032.000 -9223372036854776000.000 0.000 
卫星5: 1.000 1.000 0.000 81935.000 387628373969423.000 12.000 23.600 -577.810 0.951 16.000 0.000 0.000 1176450048.000 -9223372036854776000.000 0.000 
卫星6: 4.000 1.000 0.000 81935.000 387628369838970.000 4.000 35.600 582.229 0.058 16.000 -0.000 2548.255 1176450048.000 -9223372036854776000.000 0.000 
卫星7: 9.000 1.000 0.000 81935.000 387628373412370.000 11.000 24.700 385.088 0.184 16.000 -0.000 2548.255 1176450048.000 -9223372036854776000.000 0.000 
卫星8: 14.000 1.000 0.000 81935.000 387628363206611.000 11.000 24.000 -378.949 0.169 16.000 -0.000 2548.255 1176450048.000 -9223372036854776000.000 0.000 
卫星9: 5.000 6.000 0.000 81935.000 387628365610365.000 6.000 31.500 511.108 0.065 16.000 -0.000 2548.255 1176450048.000 -9223372036854776000.000 0.000 
卫星10: 27.000 5.000 0.000 16399.000 387614360682220.000 10.000 24.900 -612.626 0.121 16.000 -0.000 2548.255 1176450048.000 -9223372036854776000.000 0.000 
卫星11: 32.000 5.000 0.000 16399.000 387614359228801.000 11.000 24.000 318.239 0.193 16.000 -0.000 2548.255 1176450048.000 -9223372036854776000.000 0.000 
卫星12: 2.000 7.000 0.000 16399.000 387628316397684.000 53.000 24.900 -30.006 0.870 16.000 0.000 0.000 1176450048.000 -9223372036854776000.000 0.000 
卫星13: 9.000 7.000 0.000 16399.000 387628317236989.000 53.000 24.800 147.851 0.872 16.000 0.000 0.000 1176450048.000 -9223372036854776000.000 0.000 

时钟数据数组: 16831012000000.000 -0.283 5.565 -1445237998436427010.000 66.000 18.000 0.000 96.528 22.456 
测量数据数组:
卫星0: 4.000 1.000 0.000 16399.000 387629369829218.000 21.000 30.100 582.230 0.074 16.000 -0.000 1902.918 1575420032.000 -9223372036854776000.000 0.000 
卫星1: 21.000 3.000 0.000 49359.000 52811371934372.000 24.000 29.900 -802.330 0.109 16.000 -0.000 1868.720 1604249984.000 -9223372036854776000.000 0.000 
卫星2: 7.000 3.000 0.000 49359.000 52811370617648.000 70.000 21.900 516.460 1.842 16.000 0.000 0.000 1604812544.000 -9223372036854776000.000 0.000 
卫星3: 28.000 5.000 0.000 16399.000 387615372590152.000 80.000 20.600 -436.487 1.934 16.000 0.000 0.000 1561097984.000 -9223372036854776000.000 0.000 
卫星4: 27.000 5.000 0.000 16399.000 387615360678081.000 46.000 25.100 -612.212 0.786 16.000 0.000 0.000 1561097984.000 -9223372036854776000.000 0.000 
卫星5: 5.000 6.000 0.000 23567.000 387629365602316.000 31.000 27.500 510.986 0.707 16.000 0.000 0.000 1575420032.000 -9223372036854776000.000 0.000 
卫星6: 36.000 6.000 0.000 23567.000 387629362921007.000 80.000 21.100 -496.314 1.118 16.000 0.000 0.000 1575420032.000 -9223372036854776000.000 0.000 
卫星7: 1.000 1.000 0.000 81935.000 387629373971349.000 12.000 23.200 -577.670 0.951 16.000 0.000 0.000 1176450048.000 -9223372036854776000.000 0.000 
卫星8: 4.000 1.000 0.000 81935.000 387629369837027.000 4.000 35.400 582.205 0.058 16.000 -0.000 2548.255 1176450048.000 -9223372036854776000.000 0.000 
卫星9: 9.000 1.000 0.000 81935.000 387629373411085.000 10.000 24.900 385.167 0.110 16.000 -0.000 2548.255 1176450048.000 -9223372036854776000.000 0.000 
卫星10: 14.000 1.000 0.000 81935.000 387629363207874.000 10.000 24.900 -379.034 0.095 16.000 -0.000 2548.255 1176450048.000 -9223372036854776000.000 0.000 
卫星11: 5.000 6.000 0.000 81935.000 387629365608660.000 6.000 31.600 511.081 0.065 16.000 -0.000 2548.255 1176450048.000 -9223372036854776000.000 0.000 
卫星12: 27.000 5.000 0.000 16399.000 387615360684263.000 10.000 25.300 -612.541 0.121 16.000 -0.000 2548.255 1176450048.000 -9223372036854776000.000 0.000 
卫星13: 32.000 5.000 0.000 16399.000 387615359227734.000 11.000 24.100 318.233 0.193 16.000 -0.000 2548.255 1176450048.000 -9223372036854776000.000 0.000 
卫星14: 2.000 7.000 0.000 16399.000 387629316397887.000 53.000 24.600 -29.076 0.870 16.000 0.000 0.000 1176450048.000 -9223372036854776000.000 0.000 
卫星15: 9.000 7.000 0.000 16399.000 387629317236478.000 53.000 24.300 147.558 0.872 16.000 0.000 0.000 1176450048.000 -9223372036854776000.000 0.000 

时钟数据数组: 16832012000000.000 -0.150 6.479 -1445237998436427010.000 66.000 18.000 0.000 96.975 21.947 
测量数据数组:
卫星0: 4.000 1.000 0.000 16399.000 387630369827293.000 21.000 30.200 582.214 0.074 16.000 -0.000 1902.918 1575420032.000 -9223372036854776000.000 0.000 
卫星1: 21.000 3.000 0.000 49359.000 52812371937030.000 24.000 29.800 -802.306 0.109 16.000 -0.000 1868.720 1604249984.000 -9223372036854776000.000 0.000 
卫星2: 7.000 3.000 0.000 49359.000 52812370616061.000 53.000 23.900 516.096 0.931 16.000 0.000 0.000 1604812544.000 -9223372036854776000.000 0.000 
卫星3: 32.000 5.000 0.000 16399.000 387616359220468.000 70.000 21.300 316.616 1.855 16.000 0.000 0.000 1561097984.000 -9223372036854776000.000 0.000 
卫星4: 27.000 5.000 0.000 16399.000 387616360680112.000 46.000 25.100 -612.587 0.786 16.000 0.000 0.000 1561097984.000 -9223372036854776000.000 0.000 
卫星5: 5.000 6.000 0.000 23567.000 387630365600611.000 31.000 27.500 511.100 0.707 16.000 0.000 0.000 1575420032.000 -9223372036854776000.000 0.000 
卫星6: 36.000 6.000 0.000 23567.000 387630362922651.000 70.000 21.800 -496.410 1.118 16.000 0.000 0.000 1575420032.000 -9223372036854776000.000 0.000 
卫星7: 1.000 1.000 0.000 81935.000 387630373973280.000 12.000 23.600 -577.619 0.951 16.000 0.000 0.000 1176450048.000 -9223372036854776000.000 0.000 
卫星8: 4.000 1.000 0.000 81935.000 387630369835085.000 3.000 36.000 582.215 0.056 16.000 -0.000 2548.255 1176450048.000 -9223372036854776000.000 0.000 
卫星9: 9.000 1.000 0.000 81935.000 387630373409798.000 10.000 25.600 385.228 0.110 16.000 -0.000 2548.255 1176450048.000 -9223372036854776000.000 0.000 
卫星10: 14.000 1.000 0.000 81935.000 387630363209131.000 10.000 25.200 -379.006 0.095 16.000 -0.000 2548.255 1176450048.000 -9223372036854776000.000 0.000 
卫星11: 5.000 6.000 0.000 81935.000 387630365606953.000 5.000 32.500 511.088 0.058 16.000 -0.000 2548.255 1176450048.000 -9223372036854776000.000 0.000 
卫星12: 8.000 6.000 0.000 81935.000 387630358410127.000 27.000 18.200 -179.297 2.898 16.000 0.000 0.000 1176450048.000 -9223372036854776000.000 0.000 
卫星13: 27.000 5.000 0.000 16399.000 387616360686310.000 9.000 25.800 -612.568 0.090 16.000 -0.000 2548.255 1176450048.000 -9223372036854776000.000 0.000 
卫星14: 32.000 5.000 0.000 16399.000 387616359226677.000 10.000 24.900 318.278 0.119 16.000 -0.000 2548.255 1176450048.000 -9223372036854776000.000 0.000 
卫星15: 2.000 7.000 0.000 16399.000 387630316397989.000 53.000 24.300 -30.133 0.870 16.000 0.000 0.000 1176450048.000 -9223372036854776000.000 0.000 
卫星16: 9.000 7.000 0.000 16399.000 387630317235980.000 53.000 25.200 147.889 0.812 16.000 0.000 0.000 1176450048.000 -9223372036854776000.000 0.000 

时钟数据数组: 16833012000000.000 -0.130 5.841 -1445237998436427010.000 66.000 18.000 0.000 96.821 20.668 
测量数据数组:
卫星0: 1.000 1.000 0.000 16399.000 387631373967330.000 122.000 16.700 -578.731 6.116 16.000 0.000 0.000 1575420032.000 -9223372036854776000.000 0.000 
卫星1: 4.000 1.000 0.000 16399.000 387631369825301.000 21.000 29.600 582.025 0.074 16.000 -0.000 1902.918 1575420032.000 -9223372036854776000.000 0.000 
卫星2: 21.000 3.000 0.000 49359.000 52813371939741.000 21.000 30.100 -802.433 0.077 16.000 -0.000 1868.720 1604249984.000 -9223372036854776000.000 0.000 
卫星3: 7.000 3.000 0.000 49359.000 52813370614442.000 61.000 22.200 516.282 1.012 16.000 0.000 0.000 1604812544.000 -9223372036854776000.000 0.000 
卫星4: 8.000 3.000 0.000 49359.000 52813369856012.000 106.000 18.100 175.744 3.620 16.000 0.000 0.000 1605374976.000 -9223372036854776000.000 0.000 
卫星5: 28.000 5.000 0.000 16399.000 387617372593011.000 70.000 21.700 -434.729 1.844 16.000 0.000 0.000 1561097984.000 -9223372036854776000.000 0.000 
卫星6: 27.000 5.000 0.000 16399.000 387617360682134.000 46.000 24.400 -611.675 0.846 16.000 0.000 0.000 1561097984.000 -9223372036854776000.000 0.000 
卫星7: 5.000 5.000 0.000 16399.000 387617317522564.000 70.000 21.700 23.102 13.857 16.000 0.000 0.000 1561097984.000 -9223372036854776000.000 0.000 
卫星8: 3.000 6.000 0.000 23567.000 387631364718895.000 80.000 20.700 242.558 1.206 16.000 0.000 0.000 1575420032.000 -9223372036854776000.000 0.000 
卫星9: 5.000 6.000 0.000 23567.000 387631365598903.000 31.000 27.700 510.977 0.707 16.000 0.000 0.000 1575420032.000 -9223372036854776000.000 0.000 
卫星10: 36.000 6.000 0.000 23567.000 387631362924295.000 61.000 22.500 -496.457 1.039 16.000 0.000 0.000 1575420032.000 -9223372036854776000.000 0.000 
卫星11: 1.000 1.000 0.000 81935.000 387631373975200.000 10.000 25.400 -577.787 0.110 16.000 -0.000 2548.255 1176450048.000 -9223372036854776000.000 0.000 
卫星12: 4.000 1.000 0.000 81935.000 387631369833141.000 3.000 35.900 582.051 0.056 16.000 -0.000 2548.255 1176450048.000 -9223372036854776000.000 0.000 
卫星13: 9.000 1.000 0.000 81935.000 387631373408513.000 9.000 26.200 385.124 0.080 16.000 -0.000 2548.255 1176450048.000 -9223372036854776000.000 0.000 
卫星14: 14.000 1.000 0.000 81935.000 387631363210400.000 11.000 24.800 -379.161 0.169 16.000 -0.000 2548.255 1176450048.000 -9223372036854776000.000 0.000 
卫星15: 5.000 6.000 0.000 81935.000 387631365605250.000 6.000 31.100 510.908 0.077 16.000 -0.000 2548.255 1176450048.000 -9223372036854776000.000 0.000 
卫星16: 27.000 5.000 0.000 16399.000 387617360688350.000 9.000 25.900 -612.702 0.090 16.000 -0.000 2548.255 1176450048.000 -9223372036854776000.000 0.000 
卫星17: 32.000 5.000 0.000 16399.000 387617359225615.000 11.000 24.200 318.145 0.223 16.000 -0.000 2548.255 1176450048.000 -9223372036854776000.000 0.000 
卫星18: 2.000 7.000 0.000 16399.000 387631316398014.000 53.000 25.000 -31.191 0.810 16.000 0.000 0.000 1176450048.000 -9223372036854776000.000 0.000 
卫星19: 9.000 7.000 0.000 16399.000 387631317235563.000 46.000 25.300 147.367 0.812 16.000 0.000 0.000 1176450048.000 -9223372036854776000.000 0.000 

时钟数据数组: 16834012000000.000 -0.713 4.001 -1445237998436427010.000 66.000 18.000 0.000 99.249 21.233 
测量数据数组:
卫星0: 4.000 1.000 0.000 16399.000 387632369823364.000 24.000 29.400 581.723 0.106 16.000 -0.000 1902.918 1575420032.000 -9223372036854776000.000 0.000 
卫星1: 21.000 3.000 0.000 49359.000 52814371942427.000 21.000 30.200 -802.716 0.077 16.000 -0.000 1868.720 1604249984.000 -9223372036854776000.000 0.000 
卫星2: 27.000 5.000 0.000 16399.000 387618360684197.000 40.000 25.700 -612.923 0.786 16.000 0.000 0.000 1561097984.000 -9223372036854776000.000 0.000 
卫星3: 5.000 6.000 0.000 23567.000 387632365597186.000 27.000 28.400 510.425 0.657 16.000 0.000 0.000 1575420032.000 -9223372036854776000.000 0.000 
卫星4: 36.000 6.000 0.000 23567.000 387632362925975.000 80.000 20.300 -496.647 1.209 16.000 0.000 0.000 1575420032.000 -9223372036854776000.000 0.000 
卫星5: 1.000 1.000 0.000 81935.000 387632373977125.000 11.000 24.200 -578.071 0.184 16.000 -0.000 2548.255 1176450048.000 -9223372036854776000.000 0.000 
卫星6: 4.000 1.000 0.000 81935.000 387632369831201.000 4.000 35.500 581.714 0.058 16.000 -0.000 2548.255 1176450048.000 -9223372036854776000.000 0.000 
卫星7: 9.000 1.000 0.000 81935.000 387632373407225.000 10.000 25.000 384.783 0.110 16.000 -0.000 2548.255 1176450048.000 -9223372036854776000.000 0.000 
卫星8: 14.000 1.000 0.000 81935.000 387632363211663.000 10.000 25.000 -379.569 0.095 16.000 -0.000 2548.255 1176450048.000 -9223372036854776000.000 0.000 
卫星9: 5.000 6.000 0.000 81935.000 387632365603548.000 6.000 32.100 510.580 0.065 16.000 -0.000 2548.255 1176450048.000 -9223372036854776000.000 0.000 
卫星10: 36.000 6.000 0.000 81935.000 387632362932253.000 34.000 14.000 -496.443 9.385 16.000 0.000 0.000 1176450048.000 -9223372036854776000.000 0.000 
卫星11: 27.000 5.000 0.000 16399.000 387618360690399.000 9.000 25.800 -613.089 0.090 16.000 -0.000 2548.255 1176450048.000 -9223372036854776000.000 0.000 
卫星12: 28.000 5.000 0.000 16399.000 387618372600657.000 34.000 15.000 -435.501 5.510 16.000 0.000 0.000 1176450048.000 -9223372036854776000.000 0.000 
卫星13: 32.000 5.000 0.000 16399.000 387618359224549.000 9.000 26.100 317.735 0.089 16.000 -0.000 2548.255 1176450048.000 -9223372036854776000.000 0.000 
卫星14: 2.000 7.000 0.000 16399.000 387632316398182.000 53.000 24.800 -30.911 0.870 16.000 0.000 0.000 1176450048.000 -9223372036854776000.000 0.000 
卫星15: 9.000 7.000 0.000 16399.000 387632317234938.000 53.000 24.700 147.112 0.872 16.000 0.000 0.000 1176450048.000 -9223372036854776000.000 0.000 

时钟数据数组: 16835012000000.000 -0.047 3.157 -1445237998436427010.000 66.000 18.000 0.000 101.771 21.379 
测量数据数组:
卫星0: 4.000 1.000 0.000 16399.000 387633369821460.000 21.000 30.400 581.544 0.074 16.000 -0.000 1902.918 1575420032.000 -9223372036854776000.000 0.000 
卫星1: 21.000 3.000 0.000 49359.000 52815371944981.000 21.000 30.200 -802.813 0.077 16.000 -0.000 1868.720 1604249984.000 -9223372036854776000.000 0.000 
卫星2: 7.000 3.000 0.000 49359.000 52815370610720.000 61.000 22.200 516.142 1.762 16.000 0.000 0.000 1604812544.000 -9223372036854776000.000 0.000 
卫星3: 8.000 3.000 0.000 49359.000 52815369854766.000 80.000 20.200 176.640 1.930 16.000 0.000 0.000 1605374976.000 -9223372036854776000.000 0.000 
卫星4: 32.000 5.000 0.000 16399.000 387619359217306.000 92.000 19.800 317.134 2.785 16.000 0.000 0.000 1561097984.000 -9223372036854776000.000 0.000 
卫星5: 28.000 5.000 0.000 16399.000 387619372595821.000 53.000 23.900 -435.958 1.684 16.000 0.000 0.000 1561097984.000 -9223372036854776000.000 0.000 
卫星6: 27.000 5.000 0.000 16399.000 387619360686219.000 40.000 25.600 -613.288 0.786 16.000 0.000 0.000 1561097984.000 -9223372036854776000.000 0.000 
卫星7: 3.000 6.000 0.000 23567.000 387633364717291.000 70.000 21.300 242.139 1.115 16.000 0.000 0.000 1575420032.000 -9223372036854776000.000 0.000 
卫星8: 5.000 6.000 0.000 23567.000 387633365595504.000 31.000 28.100 510.453 0.657 16.000 0.000 0.000 1575420032.000 -9223372036854776000.000 0.000 
卫星9: 36.000 6.000 0.000 23567.000 387633362927637.000 70.000 21.600 -496.828 1.118 16.000 0.000 0.000 1575420032.000 -9223372036854776000.000 0.000 
卫星10: 1.000 1.000 0.000 81935.000 387633373979060.000 11.000 24.300 -578.259 0.184 16.000 -0.000 2548.255 1176450048.000 -9223372036854776000.000 0.000 
卫星11: 4.000 1.000 0.000 81935.000 387633369829262.000 4.000 35.800 581.570 0.058 16.000 -0.000 2548.255 1176450048.000 -9223372036854776000.000 0.000 
卫星12: 9.000 1.000 0.000 81935.000 387633373405943.000 9.000 26.600 384.660 0.080 16.000 -0.000 2548.255 1176450048.000 -9223372036854776000.000 0.000 
卫星13: 14.000 1.000 0.000 81935.000 387633363212926.000 8.000 26.900 -379.773 0.056 16.000 -0.000 2548.255 1176450048.000 -9223372036854776000.000 0.000 
卫星14: 5.000 6.000 0.000 81935.000 387633365601842.000 6.000 31.700 510.441 0.065 16.000 -0.000 2548.255 1176450048.000 -9223372036854776000.000 0.000 
卫星15: 8.000 6.000 0.000 81935.000 387633358411921.000 23.000 18.600 -179.832 2.898 16.000 0.000 0.000 1176450048.000 -9223372036854776000.000 0.000 
卫星16: 27.000 5.000 0.000 16399.000 387619360692436.000 9.000 25.800 -613.244 0.090 16.000 -0.000 2548.255 1176450048.000 -9223372036854776000.000 0.000 
卫星17: 32.000 5.000 0.000 16399.000 387619359223497.000 11.000 23.900 317.561 0.223 16.000 -0.000 2548.255 1176450048.000 -9223372036854776000.000 0.000 
卫星18: 2.000 7.000 0.000 16399.000 387633316398244.000 61.000 23.800 -29.445 0.940 16.000 0.000 0.000 1176450048.000 -9223372036854776000.000 0.000 
卫星19: 9.000 7.000 0.000 16399.000 387633317234457.000 40.000 27.000 146.628 0.692 16.000 0.000 0.000 1176450048.000 -9223372036854776000.000 0.000 

时钟数据数组: 16836012000000.000 -0.312 3.799 -1445237998436427010.000 66.000 18.000 0.000 112.017 21.330 
测量数据数组:
卫星0: 4.000 1.000 0.000 16399.000 387634369819463.000 24.000 29.200 581.625 0.106 16.000 -0.000 1902.918 1575420032.000 -9223372036854776000.000 0.000 
卫星1: 21.000 3.000 0.000 49359.000 52816371947741.000 21.000 30.600 -802.712 0.077 16.000 -0.000 1868.720 1604249984.000 -9223372036854776000.000 0.000 
卫星2: 7.000 3.000 0.000 49359.000 52816370608886.000 61.000 22.200 516.805 1.012 16.000 0.000 0.000 1604812544.000 -9223372036854776000.000 0.000 
卫星3: 32.000 5.000 0.000 16399.000 387620359216254.000 61.000 22.700 318.709 1.025 16.000 0.000 0.000 1561097984.000 -9223372036854776000.000 0.000 
卫星4: 28.000 5.000 0.000 16399.000 387620372597324.000 46.000 24.400 -435.757 0.864 16.000 0.000 0.000 1561097984.000 -9223372036854776000.000 0.000 
卫星5: 27.000 5.000 0.000 16399.000 387620360688271.000 40.000 25.500 -613.691 0.786 16.000 0.000 0.000 1561097984.000 -9223372036854776000.000 0.000 
卫星6: 3.000 6.000 0.000 23567.000 387634364716409.000 61.000 22.400 242.082 1.036 16.000 0.000 0.000 1575420032.000 -9223372036854776000.000 0.000 
卫星7: 5.000 6.000 0.000 23567.000 387634365593794.000 27.000 28.300 510.672 0.657 16.000 0.000 0.000 1575420032.000 -9223372036854776000.000 0.000 
卫星8: 1.000 1.000 0.000 81935.000 387634373980989.000 12.000 23.300 -577.975 0.951 16.000 0.000 0.000 1176450048.000 -9223372036854776000.000 0.000 
卫星9: 4.000 1.000 0.000 81935.000 387634369827320.000 4.000 35.700 581.664 0.058 16.000 -0.000 2548.255 1176450048.000 -9223372036854776000.000 0.000 
卫星10: 9.000 1.000 0.000 81935.000 387634373404662.000 10.000 25.000 384.865 0.110 16.000 -0.000 2548.255 1176450048.000 -9223372036854776000.000 0.000 
卫星11: 14.000 1.000 0.000 81935.000 387634363214203.000 9.000 26.300 -379.624 0.065 16.000 -0.000 2548.255 1176450048.000 -9223372036854776000.000 0.000 
卫星12: 5.000 6.000 0.000 81935.000 387634365600140.000 6.000 31.100 510.511 0.077 16.000 -0.000 2548.255 1176450048.000 -9223372036854776000.000 0.000 
卫星13: 27.000 5.000 0.000 16399.000 387620360694483.000 9.000 26.000 -613.120 0.090 16.000 -0.000 2548.255 1176450048.000 -9223372036854776000.000 0.000 
卫星14: 32.000 5.000 0.000 16399.000 387620359222442.000 10.000 25.300 317.698 0.119 16.000 -0.000 2548.255 1176450048.000 -9223372036854776000.000 0.000 
卫星15: 2.000 7.000 0.000 16399.000 387634316398402.000 53.000 24.400 -31.000 0.870 16.000 0.000 0.000 1176450048.000 -9223372036854776000.000 0.000 
卫星16: 9.000 7.000 0.000 16399.000 387634317233955.000 61.000 24.200 148.119 0.872 16.000 0.000 0.000 1176450048.000 -9223372036854776000.000 0.000 

时钟数据数组: 16837012000000.000 -0.967 4.032 -1445237998436427010.000 66.000 18.000 0.000 110.157 21.949 
测量数据数组:
卫星0: 1.000 1.000 0.000 16399.000 387635373975030.000 106.000 17.600 -576.885 3.746 16.000 0.000 0.000 1575420032.000 -9223372036854776000.000 0.000 
卫星1: 4.000 1.000 0.000 16399.000 387635369817564.000 24.000 29.000 581.595 0.106 16.000 -0.000 1902.918 1575420032.000 -9223372036854776000.000 0.000 
卫星2: 21.000 3.000 0.000 49359.000 52817371950399.000 21.000 30.600 -802.711 0.077 16.000 -0.000 1868.720 1604249984.000 -9223372036854776000.000 0.000 
卫星3: 7.000 3.000 0.000 49359.000 52817370607327.000 70.000 21.600 516.357 1.091 16.000 0.000 0.000 1604812544.000 -9223372036854776000.000 0.000 
卫星4: 8.000 3.000 0.000 49359.000 52817369853523.000 80.000 20.100 176.061 1.930 16.000 0.000 0.000 1605374976.000 -9223372036854776000.000 0.000 
卫星5: 28.000 5.000 0.000 16399.000 387621372598711.000 53.000 23.700 -435.786 0.934 16.000 0.000 0.000 1561097984.000 -9223372036854776000.000 0.000 
卫星6: 27.000 5.000 0.000 16399.000 387621360690333.000 40.000 25.600 -613.240 0.786 16.000 0.000 0.000 1561097984.000 -9223372036854776000.000 0.000 
卫星7: 3.000 6.000 0.000 23567.000 387635364715597.000 70.000 22.000 242.206 1.036 16.000 0.000 0.000 1575420032.000 -9223372036854776000.000 0.000 
卫星8: 5.000 6.000 0.000 23567.000 387635365592102.000 24.000 29.300 510.480 0.133 16.000 -0.000 1902.918 1575420032.000 -9223372036854776000.000 0.000 
卫星9: 1.000 1.000 0.000 81935.000 387635373982915.000 11.000 24.100 -578.055 0.184 16.000 -0.000 2548.255 1176450048.000 -9223372036854776000.000 0.000 
卫星10: 4.000 1.000 0.000 81935.000 387635369825383.000 4.000 35.500 581.604 0.058 16.000 -0.000 2548.255 1176450048.000 -9223372036854776000.000 0.000 
卫星11: 9.000 1.000 0.000 81935.000 387635373403377.000 10.000 25.000 384.904 0.110 16.000 -0.000 2548.255 1176450048.000 -9223372036854776000.000 0.000 
卫星12: 14.000 1.000 0.000 81935.000 387635363215465.000 10.000 25.000 -379.691 0.095 16.000 -0.000 2548.255 1176450048.000 -9223372036854776000.000 0.000 
卫星13: 5.000 6.000 0.000 81935.000 387635365598437.000 6.000 31.300 510.478 0.065 16.000 -0.000 2548.255 1176450048.000 -9223372036854776000.000 0.000 
卫星14: 8.000 6.000 0.000 81935.000 387635358413113.000 20.000 19.700 -179.539 2.019 16.000 0.000 0.000 1176450048.000 -9223372036854776000.000 0.000 
卫星15: 27.000 5.000 0.000 16399.000 387621360696536.000 9.000 25.600 -613.141 0.090 16.000 -0.000 2548.255 1176450048.000 -9223372036854776000.000 0.000 
卫星16: 32.000 5.000 0.000 16399.000 387621359221374.000 10.000 25.200 317.687 0.119 16.000 -0.000 2548.255 1176450048.000 -9223372036854776000.000 0.000 
卫星17: 2.000 7.000 0.000 16399.000 387635316398521.000 53.000 24.500 -30.031 0.870 16.000 0.000 0.000 1176450048.000 -9223372036854776000.000 0.000 
卫星18: 9.000 7.000 0.000 16399.000 387635317233451.000 53.000 24.600 146.666 0.872 16.000 0.000 0.000 1176450048.000 -9223372036854776000.000 0.000 

时钟数据数组: 16838012000000.000 -0.546 4.334 -1445237998436427010.000 66.000 18.000 0.000 111.080 22.138 
测量数据数组:
卫星0: 4.000 1.000 0.000 16399.000 387636369815625.000 21.000 29.600 581.958 0.074 16.000 -0.000 1902.918 1575420032.000 -9223372036854776000.000 0.000 
卫星1: 21.000 3.000 0.000 49359.000 52818371953149.000 21.000 30.600 -802.312 0.077 16.000 -0.000 1868.720 1604249984.000 -9223372036854776000.000 0.000 
卫星2: 32.000 5.000 0.000 16399.000 387622359214095.000 80.000 20.600 318.104 1.945 16.000 0.000 0.000 1561097984.000 -9223372036854776000.000 0.000 
卫星3: 28.000 5.000 0.000 16399.000 387622372600145.000 53.000 23.600 -434.576 0.934 16.000 0.000 0.000 1561097984.000 -9223372036854776000.000 0.000 
卫星4: 27.000 5.000 0.000 16399.000 387622360692338.000 46.000 25.000 -611.953 0.786 16.000 0.000 0.000 1561097984.000 -9223372036854776000.000 0.000 
卫星5: 5.000 6.000 0.000 23567.000 387636365590389.000 31.000 27.600 510.872 0.707 16.000 0.000 0.000 1575420032.000 -9223372036854776000.000 0.000 
卫星6: 1.000 1.000 0.000 81935.000 387636373984830.000 12.000 23.600 -577.746 0.951 16.000 0.000 0.000 1176450048.000 -9223372036854776000.000 0.000 
卫星7: 4.000 1.000 0.000 81935.000 387636369823441.000 4.000 35.700 581.962 0.058 16.000 -0.000 2548.255 1176450048.000 -9223372036854776000.000 0.000 
卫星8: 9.000 1.000 0.000 81935.000 387636373402096.000 9.000 26.300 385.318 0.080 16.000 -0.000 2548.255 1176450048.000 -9223372036854776000.000 0.000 
卫星9: 14.000 1.000 0.000 81935.000 387636363216729.000 10.000 25.600 -379.325 0.095 16.000 -0.000 2548.255 1176450048.000 -9223372036854776000.000 0.000 
卫星10: 5.000 6.000 0.000 81935.000 387636365596737.000 6.000 31.300 510.866 0.065 16.000 -0.000 2548.255 1176450048.000 -9223372036854776000.000 0.000 
卫星11: 27.000 5.000 0.000 16399.000 387622360698574.000 9.000 25.900 -612.715 0.090 16.000 -0.000 2548.255 1176450048.000 -9223372036854776000.000 0.000 
卫星12: 28.000 5.000 0.000 16399.000 387622372606473.000 27.000 16.600 -436.138 3.880 16.000 0.000 0.000 1176450048.000 -9223372036854776000.000 0.000 
卫星13: 32.000 5.000 0.000 16399.000 387622359220307.000 11.000 24.200 318.045 0.193 16.000 -0.000 2548.255 1176450048.000 -9223372036854776000.000 0.000 
卫星14: 2.000 7.000 0.000 16399.000 387636316398587.000 53.000 25.200 -29.675 0.810 16.000 0.000 0.000 1176450048.000 -9223372036854776000.000 0.000 
卫星15: 9.000 7.000 0.000 16399.000 387636317232980.000 46.000 25.600 147.520 0.812 16.000 0.000 0.000 1176450048.000 -9223372036854776000.000 0.000 

时钟数据数组: 16839012000000.000 -0.688 5.659 -1445237998436427010.000 66.000 18.000 0.000 111.035 22.526 
测量数据数组:
卫星0: 4.000 1.000 0.000 16399.000 387637369813697.000 24.000 29.500 582.023 0.106 16.000 -0.000 1902.918 1575420032.000 -9223372036854776000.000 0.000 
卫星1: 21.000 3.000 0.000 49359.000 52819371955740.000 21.000 30.400 -802.227 0.077 16.000 -0.000 1868.720 1604249984.000 -9223372036854776000.000 0.000 
卫星2: 7.000 3.000 0.000 49359.000 52819370603992.000 80.000 20.600 516.394 1.931 16.000 0.000 0.000 1604812544.000 -9223372036854776000.000 0.000 
卫星3: 28.000 5.000 0.000 16399.000 387623372601583.000 53.000 23.500 -435.565 0.934 16.000 0.000 0.000 1561097984.000 -9223372036854776000.000 0.000 
卫星4: 27.000 5.000 0.000 16399.000 387623360694414.000 40.000 25.900 -612.376 0.786 16.000 0.000 0.000 1561097984.000 -9223372036854776000.000 0.000 
卫星5: 5.000 6.000 0.000 23567.000 387637365588681.000 31.000 27.700 510.872 0.707 16.000 0.000 0.000 1575420032.000 -9223372036854776000.000 0.000 
卫星6: 1.000 1.000 0.000 81935.000 387637373986763.000 12.000 23.700 -577.861 0.951 16.000 0.000 0.000 1176450048.000 -9223372036854776000.000 0.000 
卫星7: 4.000 1.000 0.000 81935.000 387637369821500.000 3.000 36.000 582.022 0.056 16.000 -0.000 2548.255 1176450048.000 -9223372036854776000.000 0.000 
卫星8: 9.000 1.000 0.000 81935.000 387637373400800.000 9.000 26.100 385.426 0.080 16.000 -0.000 2548.255 1176450048.000 -9223372036854776000.000 0.000 
卫星9: 14.000 1.000 0.000 81935.000 387637363217994.000 9.000 25.900 -379.320 0.065 16.000 -0.000 2548.255 1176450048.000 -9223372036854776000.000 0.000 
卫星10: 5.000 6.000 0.000 81935.000 387637365595027.000 6.000 31.300 510.915 0.065 16.000 -0.000 2548.255 1176450048.000 -9223372036854776000.000 0.000 
卫星11: 27.000 5.000 0.000 16399.000 387623360700616.000 8.000 26.700 -612.685 0.082 16.000 -0.000 2548.255 1176450048.000 -9223372036854776000.000 0.000 
卫星12: 32.000 5.000 0.000 16399.000 387623359219250.000 9.000 26.000 318.094 0.089 16.000 -0.000 2548.255 1176450048.000 -9223372036854776000.000 0.000 
卫星13: 2.000 7.000 0.000 16399.000 387637316398625.000 53.000 25.000 -30.248 0.810 16.000 0.000 0.000 1176450048.000 -9223372036854776000.000 0.000 
卫星14: 9.000 7.000 0.000 16399.000 387637317232510.000 46.000 26.200 147.877 0.752 16.000 0.000 0.000 1176450048.000 -9223372036854776000.000 0.000 

时钟数据数组: 16840012000000.000 -0.086 5.431 -1445237998436427010.000 66.000 18.000 0.000 108.505 22.779 
测量数据数组:
卫星0: 1.000 1.000 0.000 16399.000 387638373980809.000 106.000 18.300 -578.122 2.876 16.000 0.000 0.000 1575420032.000 -9223372036854776000.000 0.000 
卫星1: 4.000 1.000 0.000 16399.000 387638369811730.000 27.000 28.000 582.108 0.630 16.000 0.000 0.000 1575420032.000 -9223372036854776000.000 0.000 
卫星2: 21.000 3.000 0.000 49359.000 52820371958445.000 21.000 30.600 -802.255 0.077 16.000 -0.000 1868.720 1604249984.000 -9223372036854776000.000 0.000 
卫星3: 28.000 5.000 0.000 16399.000 387624372603074.000 53.000 23.800 -434.873 0.934 16.000 0.000 0.000 1561097984.000 -9223372036854776000.000 0.000 
卫星4: 27.000 5.000 0.000 16399.000 387624360696441.000 35.000 26.400 -612.539 0.726 16.000 0.000 0.000 1561097984.000 -9223372036854776000.000 0.000 
卫星5: 5.000 6.000 0.000 23567.000 387638365586991.000 31.000 28.000 510.758 0.657 16.000 0.000 0.000 1575420032.000 -9223372036854776000.000 0.000 
卫星6: 1.000 1.000 0.000 81935.000 387638373988694.000 12.000 23.100 -577.542 0.951 16.000 0.000 0.000 1176450048.000 -9223372036854776000.000 0.000 
卫星7: 4.000 1.000 0.000 81935.000 387638369819560.000 4.000 35.100 581.931 0.058 16.000 -0.000 2548.255 1176450048.000 -9223372036854776000.000 0.000 
卫星8: 9.000 1.000 0.000 81935.000 387638373399522.000 9.000 26.000 385.410 0.080 16.000 -0.000 2548.255 1176450048.000 -9223372036854776000.000 0.000 
卫星9: 14.000 1.000 0.000 81935.000 387638363219261.000 9.000 26.300 -379.392 0.065 16.000 -0.000 2548.255 1176450048.000 -9223372036854776000.000 0.000 
卫星10: 5.000 6.000 0.000 81935.000 387638365593326.000 6.000 31.700 510.863 0.065 16.000 -0.000 2548.255 1176450048.000 -9223372036854776000.000 0.000 
卫星11: 27.000 5.000 0.000 16399.000 387624360702666.000 9.000 26.000 -612.701 0.090 16.000 -0.000 2548.255 1176450048.000 -9223372036854776000.000 0.000 
卫星12: 32.000 5.000 0.000 16399.000 387624359218195.000 14.000 22.300 318.178 1.040 16.000 0.000 0.000 1176450048.000 -9223372036854776000.000 0.000 
卫星13: 2.000 7.000 0.000 16399.000 387638316398847.000 53.000 25.200 -30.821 0.810 16.000 0.000 0.000 1176450048.000 -9223372036854776000.000 0.000 
卫星14: 9.000 7.000 0.000 16399.000 387638317231983.000 53.000 25.200 146.552 0.812 16.000 0.000 0.000 1176450048.000 -9223372036854776000.000 0.000 

时钟数据数组: 16841012000000.000 -0.076 4.098 -1445237998436427010.000 66.000 18.000 0.000 107.496 22.185 
测量数据数组:
卫星0: 4.000 1.000 0.000 16399.000 387639369809827.000 27.000 28.000 582.127 0.630 16.000 0.000 0.000 1575420032.000 -9223372036854776000.000 0.000 
卫星1: 21.000 3.000 0.000 49359.000 52821371961175.000 24.000 29.500 -802.331 0.109 16.000 -0.000 1868.720 1604249984.000 -9223372036854776000.000 0.000 
卫星2: 32.000 5.000 0.000 16399.000 387625359210975.000 92.000 20.000 317.316 2.695 16.000 0.000 0.000 1561097984.000 -9223372036854776000.000 0.000 
卫星3: 28.000 5.000 0.000 16399.000 387625372604553.000 61.000 22.400 -435.267 1.015 16.000 0.000 0.000 1561097984.000 -9223372036854776000.000 0.000 
卫星4: 27.000 5.000 0.000 16399.000 387625360698513.000 46.000 24.400 -613.163 0.846 16.000 0.000 0.000 1561097984.000 -9223372036854776000.000 0.000 
卫星5: 5.000 6.000 0.000 23567.000 387639365585288.000 35.000 26.500 510.682 0.767 16.000 0.000 0.000 1575420032.000 -9223372036854776000.000 0.000 
卫星6: 36.000 6.000 0.000 23567.000 387639362937536.000 70.000 21.300 -496.419 1.118 16.000 0.000 0.000 1575420032.000 -9223372036854776000.000 0.000 
卫星7: 1.000 1.000 0.000 81935.000 387639373990617.000 10.000 24.900 -577.682 0.110 16.000 -0.000 2548.255 1176450048.000 -9223372036854776000.000 0.000 
卫星8: 4.000 1.000 0.000 81935.000 387639369817615.000 4.000 35.000 581.814 0.058 16.000 -0.000 2548.255 1176450048.000 -9223372036854776000.000 0.000 
卫星9: 9.000 1.000 0.000 81935.000 387639373398236.000 10.000 25.700 385.388 0.110 16.000 -0.000 2548.255 1176450048.000 -9223372036854776000.000 0.000 
卫星10: 14.000 1.000 0.000 81935.000 387639363220524.000 10.000 25.800 -379.501 0.095 16.000 -0.000 2548.255 1176450048.000 -9223372036854776000.000 0.000 
卫星11: 5.000 6.000 0.000 81935.000 387639365591624.000 6.000 30.800 510.724 0.077 16.000 -0.000 2548.255 1176450048.000 -9223372036854776000.000 0.000 
卫星12: 8.000 6.000 0.000 81935.000 387639358415509.000 27.000 17.600 -178.545 3.739 16.000 0.000 0.000 1176450048.000 -9223372036854776000.000 0.000 
卫星13: 27.000 5.000 0.000 16399.000 387625360704705.000 10.000 24.700 -612.780 0.121 16.000 -0.000 2548.255 1176450048.000 -9223372036854776000.000 0.000 
卫星14: 28.000 5.000 0.000 16399.000 387625372610839.000 27.000 16.700 -435.845 3.160 16.000 0.000 0.000 1176450048.000 -9223372036854776000.000 0.000 
卫星15: 32.000 5.000 0.000 16399.000 387625359217134.000 10.000 25.300 317.974 0.119 16.000 -0.000 2548.255 1176450048.000 -9223372036854776000.000 0.000 
卫星16: 2.000 7.000 0.000 16399.000 387639316398969.000 61.000 24.100 -31.127 0.870 16.000 0.000 0.000 1176450048.000 -9223372036854776000.000 0.000 
卫星17: 9.000 7.000 0.000 16399.000 387639317231464.000 46.000 25.800 147.762 0.812 16.000 0.000 0.000 1176450048.000 -9223372036854776000.000 0.000 

时钟数据数组: 16842012000000.000 -0.754 3.645 -1445237998436427010.000 66.000 18.000 0.000 105.636 22.307 
测量数据数组:
卫星0: 4.000 1.000 0.000 16399.000 387640369807874.000 27.000 28.300 581.880 0.630 16.000 0.000 0.000 1575420032.000 -9223372036854776000.000 0.000 
卫星1: 21.000 3.000 0.000 49359.000 52822371963842.000 24.000 29.500 -802.229 0.109 16.000 -0.000 1868.720 1604249984.000 -9223372036854776000.000 0.000 
卫星2: 7.000 3.000 0.000 49359.000 52822370598782.000 106.000 18.100 516.376 2.872 16.000 0.000 0.000 1604812544.000 -9223372036854776000.000 0.000 
卫星3: 28.000 5.000 0.000 16399.000 387626372606033.000 61.000 22.900 -435.517 1.015 16.000 0.000 0.000 1561097984.000 -9223372036854776000.000 0.000 
卫星4: 27.000 5.000 0.000 16399.000 387626360700534.000 46.000 25.000 -612.856 0.786 16.000 0.000 0.000 1561097984.000 -9223372036854776000.000 0.000 
卫星5: 5.000 6.000 0.000 23567.000 387640365583580.000 35.000 26.700 510.796 0.767 16.000 0.000 0.000 1575420032.000 -9223372036854776000.000 0.000 
卫星6: 1.000 1.000 0.000 81935.000 387640373992551.000 12.000 23.500 -577.823 0.951 16.000 0.000 0.000 1176450048.000 -9223372036854776000.000 0.000 
卫星7: 4.000 1.000 0.000 81935.000 387640369815677.000 4.000 35.000 581.893 0.058 16.000 -0.000 2548.255 1176450048.000 -9223372036854776000.000 0.000 
卫星8: 9.000 1.000 0.000 81935.000 387640373396958.000 9.000 26.300 385.452 0.080 16.000 -0.000 2548.255 1176450048.000 -9223372036854776000.000 0.000 
卫星9: 14.000 1.000 0.000 81935.000 387640363221786.000 9.000 26.200 -379.463 0.065 16.000 -0.000 2548.255 1176450048.000 -9223372036854776000.000 0.000 
卫星10: 5.000 6.000 0.000 81935.000 387640365589919.000 6.000 30.400 510.787 0.077 16.000 -0.000 2548.255 1176450048.000 -9223372036854776000.000 0.000 
卫星11: 27.000 5.000 0.000 16399.000 387626360706749.000 9.000 26.400 -612.752 0.090 16.000 -0.000 2548.255 1176450048.000 -9223372036854776000.000 0.000 
卫星12: 32.000 5.000 0.000 16399.000 387626359216067.000 10.000 24.900 317.971 0.149 16.000 -0.000 2548.255 1176450048.000 -9223372036854776000.000 0.000 
卫星13: 9.000 7.000 0.000 16399.000 387640317231010.000 46.000 25.500 146.615 0.812 16.000 0.000 0.000 1176450048.000 -9223372036854776000.000 0.000 

时钟数据数组: 16843012000000.000 -0.907 3.419 -1445237998436427010.000 66.000 18.000 0.000 99.671 23.300 
测量数据数组:
卫星0: 4.000 1.000 0.000 16399.000 387641369805961.000 24.000 29.300 581.910 0.106 16.000 -0.000 1902.918 1575420032.000 -9223372036854776000.000 0.000 
卫星1: 21.000 3.000 0.000 49359.000 52823371966508.000 19.000 31.200 -802.142 0.059 16.000 -0.000 1868.720 1604249984.000 -9223372036854776000.000 0.000 
卫星2: 8.000 3.000 0.000 49359.000 52823369849826.000 122.000 17.300 176.649 5.240 16.000 0.000 0.000 1605374976.000 -9223372036854776000.000 0.000 
卫星3: 28.000 5.000 0.000 16399.000 387627372607532.000 61.000 22.800 -435.450 1.015 16.000 0.000 0.000 1561097984.000 -9223372036854776000.000 0.000 
卫星4: 27.000 5.000 0.000 16399.000 387627360702607.000 40.000 25.900 -612.884 0.786 16.000 0.000 0.000 1561097984.000 -9223372036854776000.000 0.000 
卫星5: 5.000 6.000 0.000 23567.000 387641365581852.000 31.000 27.900 510.891 0.707 16.000 0.000 0.000 1575420032.000 -9223372036854776000.000 0.000 
卫星6: 1.000 1.000 0.000 81935.000 387641373994470.000 12.000 23.500 -577.593 0.951 16.000 0.000 0.000 1176450048.000 -9223372036854776000.000 0.000 
卫星7: 4.000 1.000 0.000 81935.000 387641369813736.000 4.000 35.700 581.933 0.058 16.000 -0.000 2548.255 1176450048.000 -9223372036854776000.000 0.000 
卫星8: 9.000 1.000 0.000 81935.000 387641373395671.000 9.000 26.200 385.546 0.080 16.000 -0.000 2548.255 1176450048.000 -9223372036854776000.000 0.000 
卫星9: 14.000 1.000 0.000 81935.000 387641363223060.000 9.000 26.300 -379.456 0.065 16.000 -0.000 2548.255 1176450048.000 -9223372036854776000.000 0.000 
卫星10: 5.000 6.000 0.000 81935.000 387641365588214.000 6.000 32.200 510.865 0.065 16.000 -0.000 2548.255 1176450048.000 -9223372036854776000.000 0.000 
卫星11: 27.000 5.000 0.000 16399.000 387627360708788.000 8.000 26.700 -612.676 0.082 16.000 -0.000 2548.255 1176450048.000 -9223372036854776000.000 0.000 
卫星12: 32.000 5.000 0.000 16399.000 387627359215014.000 11.000 24.400 318.080 0.193 16.000 -0.000 2548.255 1176450048.000 -9223372036854776000.000 0.000 
卫星13: 2.000 7.000 0.000 16399.000 387641316399096.000 61.000 23.400 -30.847 1.691 16.000 0.000 0.000 1176450048.000 -9223372036854776000.000 0.000 
卫星14: 9.000 7.000 0.000 16399.000 387641317230586.000 53.000 24.700 147.278 0.872 16.000 0.000 0.000 1176450048.000 -9223372036854776000.000 0.000 

时钟数据数组: 16844012000000.000 -0.579 3.835 -1445237998436427010.000 66.000 18.000 0.000 98.779 23.638 
测量数据数组:
卫星0: 1.000 1.000 0.000 16399.000 387642373988626.000 106.000 17.600 -577.646 3.746 16.000 0.000 0.000 1575420032.000 -9223372036854776000.000 0.000 
卫星1: 4.000 1.000 0.000 16399.000 387642369804021.000 24.000 29.300 581.913 0.106 16.000 -0.000 1902.918 1575420032.000 -9223372036854776000.000 0.000 
卫星2: 21.000 3.000 0.000 49359.000 52824371969204.000 21.000 30.900 -802.100 0.077 16.000 -0.000 1868.720 1604249984.000 -9223372036854776000.000 0.000 
卫星3: 32.000 5.000 0.000 16399.000 387628359207764.000 92.000 20.100 318.651 2.695 16.000 0.000 0.000 1561097984.000 -9223372036854776000.000 0.000 
卫星4: 27.000 5.000 0.000 16399.000 387628360704664.000 40.000 25.800 -613.000 0.786 16.000 0.000 0.000 1561097984.000 -9223372036854776000.000 0.000 
卫星5: 3.000 6.000 0.000 23567.000 387642364709990.000 61.000 22.600 243.129 1.036 16.000 0.000 0.000 1575420032.000 -9223372036854776000.000 0.000 
卫星6: 5.000 6.000 0.000 23567.000 387642365580170.000 31.000 28.000 510.900 0.657 16.000 0.000 0.000 1575420032.000 -9223372036854776000.000 0.000 
卫星7: 36.000 6.000 0.000 23567.000 387642362942514.000 92.000 20.000 -496.324 1.209 16.000 0.000 0.000 1575420032.000 -9223372036854776000.000 0.000 
卫星8: 1.000 1.000 0.000 81935.000 387642373996396.000 11.000 24.800 -577.467 0.184 16.000 -0.000 2548.255 1176450048.000 -9223372036854776000.000 0.000 
卫星9: 4.000 1.000 0.000 81935.000 387642369811795.000 4.000 35.600 581.940 0.058 16.000 -0.000 2548.255 1176450048.000 -9223372036854776000.000 0.000 
卫星10: 9.000 1.000 0.000 81935.000 387642373394382.000 10.000 25.700 385.591 0.110 16.000 -0.000 2548.255 1176450048.000 -9223372036854776000.000 0.000 
卫星11: 14.000 1.000 0.000 81935.000 387642363224318.000 9.000 26.800 -379.489 0.065 16.000 -0.000 2548.255 1176450048.000 -9223372036854776000.000 0.000 
卫星12: 5.000 6.000 0.000 81935.000 387642365586508.000 6.000 31.800 510.845 0.065 16.000 -0.000 2548.255 1176450048.000 -9223372036854776000.000 0.000 
卫星13: 27.000 5.000 0.000 16399.000 387628360710834.000 8.000 27.300 -612.655 0.082 16.000 -0.000 2548.255 1176450048.000 -9223372036854776000.000 0.000 
卫星14: 32.000 5.000 0.000 16399.000 387628359213948.000 11.000 23.600 318.056 0.193 16.000 -0.000 2548.255 1176450048.000 -9223372036854776000.000 0.000 
卫星15: 2.000 7.000 0.000 16399.000 387642316399244.000 53.000 25.200 -31.051 0.810 16.000 0.000 0.000 1176450048.000 -9223372036854776000.000 0.000 
卫星16: 9.000 7.000 0.000 16399.000 387642317230000.000 46.000 25.900 146.717 0.812 16.000 0.000 0.000 1176450048.000 -9223372036854776000.000 0.000 

时钟数据数组: 16845012000000.000 -0.304 3.369 -1445237998436427010.000 66.000 18.000 0.000 97.229 22.333 
测量数据数组:
卫星0: 4.000 1.000 0.000 16399.000 387643369802052.000 24.000 28.700 582.019 0.106 16.000 -0.000 1902.918 1575420032.000 -9223372036854776000.000 0.000 
卫星1: 21.000 3.000 0.000 49359.000 52825371971794.000 21.000 30.700 -801.967 0.077 16.000 -0.000 1868.720 1604249984.000 -9223372036854776000.000 0.000 
卫星2: 7.000 3.000 0.000 49359.000 52825370593630.000 92.000 19.100 518.020 2.772 16.000 0.000 0.000 1604812544.000 -9223372036854776000.000 0.000 
卫星3: 28.000 5.000 0.000 16399.000 387629372610355.000 80.000 21.100 -434.797 1.844 16.000 0.000 0.000 1561097984.000 -9223372036854776000.000 0.000 
卫星4: 27.000 5.000 0.000 16399.000 387629360706682.000 35.000 27.000 -612.932 0.666 16.000 0.000 0.000 1561097984.000 -9223372036854776000.000 0.000 
卫星5: 5.000 6.000 0.000 23567.000 387643365578474.000 31.000 27.300 510.910 0.707 16.000 0.000 0.000 1575420032.000 -9223372036854776000.000 0.000 
卫星6: 36.000 6.000 0.000 23567.000 387643362944200.000 92.000 20.100 -495.915 1.209 16.000 0.000 0.000 1575420032.000 -9223372036854776000.000 0.000 
卫星7: 1.000 1.000 0.000 81935.000 387643373998333.000 11.000 24.400 -577.326 0.184 16.000 -0.000 2548.255 1176450048.000 -9223372036854776000.000 0.000 
卫星8: 4.000 1.000 0.000 81935.000 387643369809855.000 4.000 35.000 582.037 0.058 16.000 -0.000 2548.255 1176450048.000 -9223372036854776000.000 0.000 
卫星9: 9.000 1.000 0.000 81935.000 387643373393093.000 10.000 25.300 385.774 0.110 16.000 -0.000 2548.255 1176450048.000 -9223372036854776000.000 0.000 
卫星10: 14.000 1.000 0.000 81935.000 387643363225585.000 10.000 25.000 -379.410 0.095 16.000 -0.000 2548.255 1176450048.000 -9223372036854776000.000 0.000 
卫星11: 5.000 6.000 0.000 81935.000 387643365584808.000 6.000 31.200 510.932 0.077 16.000 -0.000 2548.255 1176450048.000 -9223372036854776000.000 0.000 
卫星12: 27.000 5.000 0.000 16399.000 387629360712879.000 8.000 26.700 -612.548 0.082 16.000 -0.000 2548.255 1176450048.000 -9223372036854776000.000 0.000 
卫星13: 32.000 5.000 0.000 16399.000 387629359212886.000 9.000 26.000 318.165 0.089 16.000 -0.000 2548.255 1176450048.000 -9223372036854776000.000 0.000 
卫星14: 2.000 7.000 0.000 16399.000 387643316399207.000 53.000 24.400 -30.770 0.870 16.000 0.000 0.000 1176450048.000 -9223372036854776000.000 0.000 
卫星15: 9.000 7.000 0.000 16399.000 387643317229575.000 61.000 24.200 146.246 0.872 16.000 0.000 0.000 1176450048.000 -9223372036854776000.000 0.000 

时钟数据数组: 16846012000000.000 -0.854 3.731 -1445237998436427010.000 66.000 18.000 0.000 95.530 21.788 
测量数据数组:
卫星0: 4.000 1.000 0.000 16399.000 387644369800137.000 24.000 28.600 582.274 0.106 16.000 -0.000 1902.918 1575420032.000 -9223372036854776000.000 0.000 
卫星1: 21.000 3.000 0.000 49359.000 52826371974545.000 19.000 31.000 -801.687 0.059 16.000 -0.000 1868.720 1604249984.000 -9223372036854776000.000 0.000 
卫星2: 32.000 5.000 0.000 16399.000 387630359205708.000 80.000 20.300 318.517 1.945 16.000 0.000 0.000 1561097984.000 -9223372036854776000.000 0.000 
卫星3: 27.000 5.000 0.000 16399.000 387630360708702.000 31.000 27.300 -612.193 0.666 16.000 0.000 0.000 1561097984.000 -9223372036854776000.000 0.000 
卫星4: 5.000 6.000 0.000 23567.000 387644365576761.000 27.000 28.300 511.091 0.657 16.000 0.000 0.000 1575420032.000 -9223372036854776000.000 0.000 
卫星5: 1.000 1.000 0.000 81935.000 387644374000255.000 11.000 24.100 -576.987 0.186 16.000 -0.000 2548.255 1176450048.000 -9223372036854776000.000 0.000 
卫星6: 4.000 1.000 0.000 81935.000 387644369807914.000 4.000 35.100 582.277 0.058 16.000 -0.000 2548.255 1176450048.000 -9223372036854776000.000 0.000 
卫星7: 9.000 1.000 0.000 81935.000 387644373391805.000 8.000 27.100 386.072 0.071 16.000 -0.000 2548.255 1176450048.000 -9223372036854776000.000 0.000 
卫星8: 14.000 1.000 0.000 81935.000 387644363226855.000 8.000 26.900 -379.159 0.056 16.000 -0.000 2548.255 1176450048.000 -9223372036854776000.000 0.000 
卫星9: 5.000 6.000 0.000 81935.000 387644365583102.000 5.000 32.400 511.178 0.058 16.000 -0.000 2548.255 1176450048.000 -9223372036854776000.000 0.000 
卫星10: 8.000 6.000 0.000 81935.000 387644358418493.000 30.000 16.700 -178.189 4.639 16.000 0.000 0.000 1176450048.000 -9223372036854776000.000 0.000 
卫星11: 36.000 6.000 0.000 81935.000 387644362952111.000 34.000 13.200 -496.137 10.325 16.000 0.000 0.000 1176450048.000 -9223372036854776000.000 0.000 
卫星12: 27.000 5.000 0.000 16399.000 387630360714920.000 8.000 27.000 -612.276 0.082 16.000 -0.000 2548.255 1176450048.000 -9223372036854776000.000 0.000 
卫星13: 32.000 5.000 0.000 16399.000 387630359211829.000 9.000 25.800 318.473 0.089 16.000 -0.000 2548.255 1176450048.000 -9223372036854776000.000 0.000 
卫星14: 2.000 7.000 0.000 16399.000 387644316399411.000 53.000 24.800 -31.038 0.870 16.000 0.000 0.000 1176450048.000 -9223372036854776000.000 0.000 
卫星15: 9.000 7.000 0.000 16399.000 387644317229115.000 53.000 24.900 147.291 0.872 16.000 0.000 0.000 1176450048.000 -9223372036854776000.000 0.000 

时钟数据数组: 16847012000000.000 -0.794 4.227 -1445237998436427010.000 66.000 18.000 0.000 93.105 22.294 
测量数据数组:
卫星0: 4.000 1.000 0.000 16399.000 387645369798193.000 21.000 29.600 582.153 0.074 16.000 -0.000 1902.918 1575420032.000 -9223372036854776000.000 0.000 
卫星1: 21.000 3.000 0.000 49359.000 52827371977227.000 19.000 31.300 -801.620 0.059 16.000 -0.000 1868.720 1604249984.000 -9223372036854776000.000 0.000 
卫星2: 7.000 3.000 0.000 49359.000 52827370590016.000 80.000 20.700 517.450 1.931 16.000 0.000 0.000 1604812544.000 -9223372036854776000.000 0.000 
卫星3: 28.000 5.000 0.000 16399.000 387631372613282.000 70.000 21.500 -434.720 1.844 16.000 0.000 0.000 1561097984.000 -9223372036854776000.000 0.000 
卫星4: 27.000 5.000 0.000 16399.000 387631360710771.000 40.000 25.600 -612.664 0.786 16.000 0.000 0.000 1561097984.000 -9223372036854776000.000 0.000 
卫星5: 3.000 6.000 0.000 23567.000 387645364707536.000 61.000 22.800 243.414 1.036 16.000 0.000 0.000 1575420032.000 -9223372036854776000.000 0.000 
卫星6: 5.000 6.000 0.000 23567.000 387645365575049.000 35.000 27.000 511.119 0.707 16.000 0.000 0.000 1575420032.000 -9223372036854776000.000 0.000 
卫星7: 36.000 6.000 0.000 23567.000 387645362947512.000 92.000 19.700 -495.886 1.299 16.000 0.000 0.000 1575420032.000 -9223372036854776000.000 0.000 
卫星8: 1.000 1.000 0.000 81935.000 387645374002170.000 10.000 25.400 -577.105 0.112 16.000 -0.000 2548.255 1176450048.000 -9223372036854776000.000 0.000 
卫星9: 4.000 1.000 0.000 81935.000 387645369805969.000 3.000 35.900 582.174 0.056 16.000 -0.000 2548.255 1176450048.000 -9223372036854776000.000 0.000 
卫星10: 9.000 1.000 0.000 81935.000 387645373390518.000 9.000 26.500 385.999 0.080 16.000 -0.000 2548.255 1176450048.000 -9223372036854776000.000 0.000 
卫星11: 14.000 1.000 0.000 81935.000 387645363228124.000 8.000 27.300 -379.296 0.056 16.000 -0.000 2548.255 1176450048.000 -9223372036854776000.000 0.000 
卫星12: 5.000 6.000 0.000 81935.000 387645365581399.000 6.000 31.600 511.097 0.065 16.000 -0.000 2548.255 1176450048.000 -9223372036854776000.000 0.000 
卫星13: 27.000 5.000 0.000 16399.000 387631360716965.000 9.000 26.100 -612.324 0.090 16.000 -0.000 2548.255 1176450048.000 -9223372036854776000.000 0.000 
卫星14: 32.000 5.000 0.000 16399.000 387631359210766.000 10.000 24.600 318.400 0.119 16.000 -0.000 2548.255 1176450048.000 -9223372036854776000.000 0.000 
卫星15: 2.000 7.000 0.000 16399.000 387645316399466.000 53.000 24.600 -29.853 0.870 16.000 0.000 0.000 1176450048.000 -9223372036854776000.000 0.000 
卫星16: 9.000 7.000 0.000 16399.000 387645317228531.000 40.000 27.100 147.367 0.692 16.000 0.000 0.000 1176450048.000 -9223372036854776000.000 0.000 

时钟数据数组: 16848012000000.000 -0.827 4.348 -1445237998436427010.000 66.000 18.000 0.000 92.081 21.879 
测量数据数组:
卫星0: 4.000 1.000 0.000 16399.000 387646369796265.000 24.000 28.800 581.877 0.106 16.000 -0.000 1902.918 1575420032.000 -9223372036854776000.000 0.000 
卫星1: 21.000 3.000 0.000 49359.000 52828371979874.000 19.000 31.100 -801.987 0.059 16.000 -0.000 1868.720 1604249984.000 -9223372036854776000.000 0.000 
卫星2: 32.000 5.000 0.000 16399.000 387632359203488.000 80.000 20.800 318.728 1.945 16.000 0.000 0.000 1561097984.000 -9223372036854776000.000 0.000 
卫星3: 27.000 5.000 0.000 16399.000 387632360712799.000 35.000 26.300 -613.028 0.726 16.000 0.000 0.000 1561097984.000 -9223372036854776000.000 0.000 
卫星4: 3.000 6.000 0.000 23567.000 387646364706710.000 70.000 22.000 243.386 1.036 16.000 0.000 0.000 1575420032.000 -9223372036854776000.000 0.000 
卫星5: 5.000 6.000 0.000 23567.000 387646365573337.000 35.000 27.000 510.834 0.707 16.000 0.000 0.000 1575420032.000 -9223372036854776000.000 0.000 
卫星6: 1.000 1.000 0.000 81935.000 387646374004100.000 11.000 24.700 -577.448 0.186 16.000 -0.000 2548.255 1176450048.000 -9223372036854776000.000 0.000 
卫星7: 4.000 1.000 0.000 81935.000 387646369804029.000 4.000 35.300 581.875 0.058 16.000 -0.000 2548.255 1176450048.000 -9223372036854776000.000 0.000 
卫星8: 9.000 1.000 0.000 81935.000 387646373389233.000 8.000 27.000 385.753 0.071 16.000 -0.000 2548.255 1176450048.000 -9223372036854776000.000 0.000 
卫星9: 14.000 1.000 0.000 81935.000 387646363229390.000 9.000 26.700 -379.674 0.065 16.000 -0.000 2548.255 1176450048.000 -9223372036854776000.000 0.000 
卫星10: 5.000 6.000 0.000 81935.000 387646365579694.000 6.000 32.200 510.821 0.065 16.000 -0.000 2548.255 1176450048.000 -9223372036854776000.000 0.000 
卫星11: 27.000 5.000 0.000 16399.000 387632360719013.000 9.000 26.100 -612.712 0.090 16.000 -0.000 2548.255 1176450048.000 -9223372036854776000.000 0.000 
卫星12: 28.000 5.000 0.000 16399.000 387632372620980.000 30.000 15.500 -434.800 6.320 16.000 0.000 0.000 1176450048.000 -9223372036854776000.000 0.000 
卫星13: 32.000 5.000 0.000 16399.000 387632359209698.000 11.000 24.300 318.027 0.193 16.000 -0.000 2548.255 1176450048.000 -9223372036854776000.000 0.000 
卫星14: 2.000 7.000 0.000 16399.000 387646316399618.000 61.000 24.100 -31.229 0.870 16.000 0.000 0.000 1176450048.000 -9223372036854776000.000 0.000 
卫星15: 9.000 7.000 0.000 16399.000 387646317228083.000 46.000 26.200 147.762 0.752 16.000 0.000 0.000 1176450048.000 -9223372036854776000.000 0.000 

时钟数据数组: 16849012000000.000 -0.804 3.359 -1445237998436427010.000 66.000 18.000 0.000 87.188 21.282 
测量数据数组:
卫星0: 1.000 1.000 0.000 16399.000 387647373998144.000 122.000 17.000 -576.419 4.496 16.000 0.000 0.000 1575420032.000 -9223372036854776000.000 0.000 
卫星1: 4.000 1.000 0.000 16399.000 387647369794298.000 24.000 28.700 581.990 0.106 16.000 -0.000 1902.918 1575420032.000 -9223372036854776000.000 0.000 
卫星2: 21.000 3.000 0.000 49359.000 52829371982562.000 21.000 30.200 -801.820 0.077 16.000 -0.000 1868.720 1604249984.000 -9223372036854776000.000 0.000 
卫星3: 27.000 5.000 0.000 16399.000 387633360714862.000 35.000 26.300 -612.568 0.726 16.000 0.000 0.000 1561097984.000 -9223372036854776000.000 0.000 
卫星4: 3.000 6.000 0.000 23567.000 387647364705893.000 61.000 23.000 243.509 0.956 16.000 0.000 0.000 1575420032.000 -9223372036854776000.000 0.000 
卫星5: 5.000 6.000 0.000 23567.000 387647365571668.000 31.000 27.800 510.967 0.707 16.000 0.000 0.000 1575420032.000 -9223372036854776000.000 0.000 
卫星6: 1.000 1.000 0.000 81935.000 387647374006026.000 12.000 23.300 -576.994 0.952 16.000 0.000 0.000 1176450048.000 -9223372036854776000.000 0.000 
卫星7: 4.000 1.000 0.000 81935.000 387647369802086.000 4.000 35.600 582.005 0.058 16.000 -0.000 2548.255 1176450048.000 -9223372036854776000.000 0.000 
卫星8: 9.000 1.000 0.000 81935.000 387647373387944.000 9.000 26.600 385.980 0.080 16.000 -0.000 2548.255 1176450048.000 -9223372036854776000.000 0.000 
卫星9: 14.000 1.000 0.000 81935.000 387647363230649.000 9.000 26.500 -379.488 0.065 16.000 -0.000 2548.255 1176450048.000 -9223372036854776000.000 0.000 
卫星10: 5.000 6.000 0.000 81935.000 387647365577988.000 6.000 32.000 510.941 0.065 16.000 -0.000 2548.255 1176450048.000 -9223372036854776000.000 0.000 
卫星11: 8.000 6.000 0.000 81935.000 387647358420271.000 27.000 17.700 -178.087 3.019 16.000 0.000 0.000 1176450048.000 -9223372036854776000.000 0.000 
卫星12: 27.000 5.000 0.000 16399.000 387633360721052.000 9.000 25.900 -612.506 0.090 16.000 -0.000 2548.255 1176450048.000 -9223372036854776000.000 0.000 
卫星13: 32.000 5.000 0.000 16399.000 387633359208641.000 10.000 25.100 318.155 0.119 16.000 -0.000 2548.255 1176450048.000 -9223372036854776000.000 0.000 
卫星14: 2.000 7.000 0.000 16399.000 387647316399693.000 46.000 25.300 -30.554 0.810 16.000 0.000 0.000 1176450048.000 -9223372036854776000.000 0.000 
卫星15: 9.000 7.000 0.000 16399.000 387647317227641.000 40.000 26.400 146.386 0.752 16.000 0.000 0.000 1176450048.000 -9223372036854776000.000 0.000 

时钟数据数组: 16850012000000.000 -0.138 3.766 -1445237998436427010.000 66.000 18.000 0.000 88.567 22.602 
测量数据数组:
卫星0: 4.000 1.000 0.000 16399.000 387648369792361.000 27.000 27.900 582.527 0.680 16.000 0.000 0.000 1575420032.000 -9223372036854776000.000 0.000 
卫星1: 21.000 3.000 0.000 49359.000 52830371985247.000 19.000 31.200 -801.296 0.059 16.000 -0.000 1868.720 1604249984.000 -9223372036854776000.000 0.000 
卫星2: 7.000 3.000 0.000 49359.000 52830370585032.000 92.000 19.700 517.207 2.772 16.000 0.000 0.000 1604812544.000 -9223372036854776000.000 0.000 
卫星3: 32.000 5.000 0.000 16399.000 387634359201395.000 80.000 21.000 319.563 1.855 16.000 0.000 0.000 1561097984.000 -9223372036854776000.000 0.000 
卫星4: 28.000 5.000 0.000 16399.000 387634372617659.000 92.000 20.100 -434.336 2.684 16.000 0.000 0.000 1561097984.000 -9223372036854776000.000 0.000 
卫星5: 27.000 5.000 0.000 16399.000 387634360716895.000 35.000 27.000 -611.924 0.666 16.000 0.000 0.000 1561097984.000 -9223372036854776000.000 0.000 
卫星6: 5.000 6.000 0.000 23567.000 387648365569939.000 35.000 26.700 511.405 0.767 16.000 0.000 0.000 1575420032.000 -9223372036854776000.000 0.000 
卫星7: 1.000 1.000 0.000 81935.000 387648374007954.000 12.000 23.400 -576.625 0.952 16.000 0.000 0.000 1176450048.000 -9223372036854776000.000 0.000 
卫星8: 4.000 1.000 0.000 81935.000 387648369800146.000 4.000 35.200 582.501 0.058 16.000 -0.000 2548.255 1176450048.000 -9223372036854776000.000 0.000 
卫星9: 9.000 1.000 0.000 81935.000 387648373386651.000 9.000 26.400 386.552 0.080 16.000 -0.000 2548.255 1176450048.000 -9223372036854776000.000 0.000 
卫星10: 14.000 1.000 0.000 81935.000 387648363231917.000 8.000 26.900 -378.961 0.056 16.000 -0.000 2548.255 1176450048.000 -9223372036854776000.000 0.000 
卫星11: 5.000 6.000 0.000 81935.000 387648365576283.000 6.000 31.900 511.453 0.065 16.000 -0.000 2548.255 1176450048.000 -9223372036854776000.000 0.000 
卫星12: 27.000 5.000 0.000 16399.000 387634360723092.000 8.000 27.200 -611.990 0.082 16.000 -0.000 2548.255 1176450048.000 -9223372036854776000.000 0.000 
卫星13: 32.000 5.000 0.000 16399.000 387634359207573.000 9.000 25.700 318.749 0.089 16.000 -0.000 2548.255 1176450048.000 -9223372036854776000.000 0.000 
卫星14: 2.000 7.000 0.000 16399.000 387648316399760.000 46.000 25.400 -29.968 0.810 16.000 0.000 0.000 1176450048.000 -9223372036854776000.000 0.000 
卫星15: 9.000 7.000 0.000 16399.000 387648317227077.000 40.000 26.600 148.170 0.752 16.000 0.000 0.000 1176450048.000 -9223372036854776000.000 0.000 

时钟数据数组: 16851012000000.000 -0.346 5.347 -1445237998436426750.000 66.000 18.000 0.000 89.785 24.293 
测量数据数组:
卫星0: 4.000 1.000 0.000 16399.000 387649369790397.000 27.000 28.400 581.937 0.630 16.000 0.000 0.000 1575420032.000 -9223372036854776000.000 0.000 
卫星1: 21.000 3.000 0.000 49359.000 52831371987897.000 21.000 30.400 -801.423 0.077 16.000 -0.000 1868.720 1604249984.000 -9223372036854776000.000 0.000 
卫星2: 27.000 5.000 0.000 16399.000 387635360718952.000 31.000 27.700 -612.116 0.666 16.000 0.000 0.000 1561097984.000 -9223372036854776000.000 0.000 
卫星3: 3.000 6.000 0.000 23567.000 387649364704247.000 53.000 23.400 243.966 0.956 16.000 0.000 0.000 1575420032.000 -9223372036854776000.000 0.000 
卫星4: 5.000 6.000 0.000 23567.000 387649365568241.000 35.000 26.300 511.157 0.767 16.000 0.000 0.000 1575420032.000 -9223372036854776000.000 0.000 
卫星5: 1.000 1.000 0.000 81935.000 387649374009875.000 12.000 23.600 -576.638 0.952 16.000 0.000 0.000 1176450048.000 -9223372036854776000.000 0.000 
卫星6: 4.000 1.000 0.000 81935.000 387649369798202.000 4.000 35.500 582.314 0.058 16.000 -0.000 2548.255 1176450048.000 -9223372036854776000.000 0.000 
卫星7: 9.000 1.000 0.000 81935.000 387649373385360.000 9.000 25.900 386.456 0.080 16.000 -0.000 2548.255 1176450048.000 -9223372036854776000.000 0.000 
卫星8: 14.000 1.000 0.000 81935.000 387649363233182.000 8.000 27.200 -379.135 0.056 16.000 -0.000 2548.255 1176450048.000 -9223372036854776000.000 0.000 
卫星9: 5.000 6.000 0.000 81935.000 387649365574579.000 6.000 32.100 511.255 0.065 16.000 -0.000 2548.255 1176450048.000 -9223372036854776000.000 0.000 
卫星10: 8.000 6.000 0.000 81935.000 387649358421461.000 20.000 20.200 -178.087 1.929 16.000 0.000 0.000 1176450048.000 -9223372036854776000.000 0.000 
卫星11: 27.000 5.000 0.000 16399.000 387635360725133.000 8.000 26.900 -612.052 0.082 16.000 -0.000 2548.255 1176450048.000 -9223372036854776000.000 0.000 
卫星12: 32.000 5.000 0.000 16399.000 387635359206520.000 11.000 24.400 318.594 0.193 16.000 -0.000 2548.255 1176450048.000 -9223372036854776000.000 0.000 
卫星13: 2.000 7.000 0.000 16399.000 387649316399904.000 61.000 23.600 -30.312 0.940 16.000 0.000 0.000 1176450048.000 -9223372036854776000.000 0.000 
卫星14: 9.000 7.000 0.000 16399.000 387649317226608.000 46.000 26.000 146.781 0.752 16.000 0.000 0.000 1176450048.000 -9223372036854776000.000 0.000 

时钟数据数组: 16852012000000.000 -0.849 4.954 -1445237998436426750.000 66.000 18.000 0.000 85.964 25.448 
测量数据数组:
卫星0: 4.000 1.000 0.000 16399.000 387650369788465.000 27.000 27.900 582.127 0.680 16.000 0.000 0.000 1575420032.000 -9223372036854776000.000 0.000 
卫星1: 21.000 3.000 0.000 49359.000 52832371990602.000 21.000 30.500 -801.721 0.077 16.000 -0.000 1868.720 1604249984.000 -9223372036854776000.000 0.000 
卫星2: 32.000 5.000 0.000 16399.000 387636359199276.000 80.000 20.600 316.817 1.945 16.000 0.000 0.000 1561097984.000 -9223372036854776000.000 0.000 
卫星3: 27.000 5.000 0.000 16399.000 387636360720981.000 35.000 27.200 -612.961 0.666 16.000 0.000 0.000 1561097984.000 -9223372036854776000.000 0.000 
卫星4: 3.000 6.000 0.000 23567.000 387650364703456.000 61.000 22.700 243.738 1.036 16.000 0.000 0.000 1575420032.000 -9223372036854776000.000 0.000 
卫星5: 5.000 6.000 0.000 23567.000 387650365566554.000 40.000 25.400 510.891 0.827 16.000 0.000 0.000 1575420032.000 -9223372036854776000.000 0.000 
卫星6: 1.000 1.000 0.000 81935.000 387650374011799.000 11.000 24.200 -577.088 0.186 16.000 -0.000 2548.255 1176450048.000 -9223372036854776000.000 0.000 
卫星7: 4.000 1.000 0.000 81935.000 387650369796259.000 4.000 34.900 581.970 0.058 16.000 -0.000 2548.255 1176450048.000 -9223372036854776000.000 0.000 
卫星8: 9.000 1.000 0.000 81935.000 387650373384076.000 9.000 26.300 386.120 0.080 16.000 -0.000 2548.255 1176450048.000 -9223372036854776000.000 0.000 
卫星9: 14.000 1.000 0.000 81935.000 387650363234446.000 9.000 26.200 -379.548 0.065 16.000 -0.000 2548.255 1176450048.000 -9223372036854776000.000 0.000 
卫星10: 5.000 6.000 0.000 81935.000 387650365572874.000 6.000 31.600 510.924 0.065 16.000 -0.000 2548.255 1176450048.000 -9223372036854776000.000 0.000 
卫星11: 27.000 5.000 0.000 16399.000 387636360727182.000 9.000 26.200 -612.496 0.090 16.000 -0.000 2548.255 1176450048.000 -9223372036854776000.000 0.000 
卫星12: 32.000 5.000 0.000 16399.000 387636359205463.000 9.000 25.700 318.208 0.089 16.000 -0.000 2548.255 1176450048.000 -9223372036854776000.000 0.000 
卫星13: 2.000 7.000 0.000 16399.000 387650316400023.000 53.000 24.500 -29.738 0.870 16.000 0.000 0.000 1176450048.000 -9223372036854776000.000 0.000 
卫星14: 9.000 7.000 0.000 16399.000 387650317226091.000 46.000 25.300 147.596 0.812 16.000 0.000 0.000 1176450048.000 -9223372036854776000.000 0.000 

时钟数据数组: 16853012000000.000 -0.601 4.278 -1445237998436426750.000 66.000 18.000 0.000 88.201 26.615 
测量数据数组:
卫星0: 2.000 1.000 0.000 16399.000 387651379389793.000 106.000 18.000 -200.370 3.650 16.000 0.000 0.000 1575420032.000 -9223372036854776000.000 0.000 
卫星1: 4.000 1.000 0.000 16399.000 387651369786507.000 27.000 28.500 582.727 0.630 16.000 0.000 0.000 1575420032.000 -9223372036854776000.000 0.000 
卫星2: 21.000 3.000 0.000 49359.000 52833371993248.000 21.000 30.600 -801.238 0.077 16.000 -0.000 1868.720 1604249984.000 -9223372036854776000.000 0.000 
卫星3: 7.000 3.000 0.000 49359.000 52833370579797.000 92.000 19.100 515.657 2.772 16.000 0.000 0.000 1604812544.000 -9223372036854776000.000 0.000 
卫星4: 32.000 5.000 0.000 16399.000 387637359198189.000 61.000 22.600 318.373 1.025 16.000 0.000 0.000 1561097984.000 -9223372036854776000.000 0.000 
卫星5: 28.000 5.000 0.000 16399.000 387637372622017.000 92.000 19.300 -434.864 2.774 16.000 0.000 0.000 1561097984.000 -9223372036854776000.000 0.000 
卫星6: 27.000 5.000 0.000 16399.000 387637360723039.000 27.000 28.300 -611.252 0.617 16.000 0.000 0.000 1561097984.000 -9223372036854776000.000 0.000 
卫星7: 3.000 6.000 0.000 23567.000 387651364702674.000 61.000 22.600 243.966 1.036 16.000 0.000 0.000 1575420032.000 -9223372036854776000.000 0.000 
卫星8: 5.000 6.000 0.000 23567.000 387651365564835.000 35.000 27.000 511.329 0.707 16.000 0.000 0.000 1575420032.000 -9223372036854776000.000 0.000 
卫星9: 1.000 1.000 0.000 81935.000 387651374013715.000 11.000 24.100 -576.631 0.186 16.000 -0.000 2548.255 1176450048.000 -9223372036854776000.000 0.000 
卫星10: 4.000 1.000 0.000 81935.000 387651369794320.000 4.000 35.800 582.413 0.058 16.000 -0.000 2548.255 1176450048.000 -9223372036854776000.000 0.000 
卫星11: 9.000 1.000 0.000 81935.000 387651373382799.000 9.000 26.100 386.640 0.080 16.000 -0.000 2548.255 1176450048.000 -9223372036854776000.000 0.000 
卫星12: 14.000 1.000 0.000 81935.000 387651363235714.000 8.000 28.300 -379.105 0.054 16.000 -0.000 2548.255 1176450048.000 -9223372036854776000.000 0.000 
卫星13: 5.000 6.000 0.000 81935.000 387651365571170.000 6.000 31.800 511.360 0.065 16.000 -0.000 2548.255 1176450048.000 -9223372036854776000.000 0.000 
卫星14: 8.000 6.000 0.000 81935.000 387651358422651.000 23.000 18.800 -178.048 2.119 16.000 0.000 0.000 1176450048.000 -9223372036854776000.000 0.000 
卫星15: 27.000 5.000 0.000 16399.000 387637360729220.000 8.000 26.700 -612.010 0.082 16.000 -0.000 2548.255 1176450048.000 -9223372036854776000.000 0.000 
卫星16: 32.000 5.000 0.000 16399.000 387637359204402.000 9.000 25.800 318.690 0.089 16.000 -0.000 2548.255 1176450048.000 -9223372036854776000.000 0.000 
卫星17: 2.000 7.000 0.000 16399.000 387651316400110.000 70.000 23.100 -30.299 0.940 16.000 0.000 0.000 1176450048.000 -9223372036854776000.000 0.000 
卫星18: 9.000 7.000 0.000 16399.000 387651317225547.000 46.000 25.700 147.647 0.812 16.000 0.000 0.000 1176450048.000 -9223372036854776000.000 0.000 

时钟数据数组: 16854012000000.000 -0.187 4.204 -1445237998436426750.000 66.000 18.000 0.000 88.647 24.296 
测量数据数组:
卫星0: 4.000 1.000 0.000 16399.000 387652369784581.000 24.000 29.100 582.556 0.106 16.000 -0.000 1902.918 1575420032.000 -9223372036854776000.000 0.000 
卫星1: 21.000 3.000 0.000 49359.000 52834371995922.000 21.000 30.400 -801.043 0.077 16.000 -0.000 1868.720 1604249984.000 -9223372036854776000.000 0.000 
卫星2: 8.000 3.000 0.000 49359.000 52834369843457.000 139.000 16.300 179.002 9.110 16.000 0.000 0.000 1605374976.000 -9223372036854776000.000 0.000 
卫星3: 32.000 5.000 0.000 16399.000 387638359197112.000 53.000 23.900 319.218 0.945 16.000 0.000 0.000 1561097984.000 -9223372036854776000.000 0.000 
卫星4: 27.000 5.000 0.000 16399.000 387638360725055.000 35.000 26.900 -611.300 0.726 16.000 0.000 0.000 1561097984.000 -9223372036854776000.000 0.000 
卫星5: 3.000 6.000 0.000 23567.000 387652364701837.000 61.000 23.100 244.527 0.956 16.000 0.000 0.000 1575420032.000 -9223372036854776000.000 0.000 
卫星6: 5.000 6.000 0.000 23567.000 387652365563106.000 35.000 26.600 511.509 0.767 16.000 0.000 0.000 1575420032.000 -9223372036854776000.000 0.000 
卫星7: 1.000 1.000 0.000 81935.000 387652374015647.000 11.000 24.800 -576.422 0.186 16.000 -0.000 2548.255 1176450048.000 -9223372036854776000.000 0.000 
卫星8: 4.000 1.000 0.000 81935.000 387652369792376.000 4.000 35.700 582.557 0.058 16.000 -0.000 2548.255 1176450048.000 -9223372036854776000.000 0.000 
卫星9: 9.000 1.000 0.000 81935.000 387652373381500.000 9.000 25.900 386.819 0.080 16.000 -0.000 2548.255 1176450048.000 -9223372036854776000.000 0.000 
卫星10: 14.000 1.000 0.000 81935.000 387652363236974.000 8.000 27.500 -379.029 0.056 16.000 -0.000 2548.255 1176450048.000 -9223372036854776000.000 0.000 
卫星11: 5.000 6.000 0.000 81935.000 387652365569464.000 6.000 32.200 511.522 0.065 16.000 -0.000 2548.255 1176450048.000 -9223372036854776000.000 0.000 
卫星12: 27.000 5.000 0.000 16399.000 387638360731269.000 8.000 27.100 -611.878 0.082 16.000 -0.000 2548.255 1176450048.000 -9223372036854776000.000 0.000 
卫星13: 32.000 5.000 0.000 16399.000 387638359203329.000 10.000 25.100 318.808 0.119 16.000 -0.000 2548.255 1176450048.000 -9223372036854776000.000 0.000 
卫星14: 2.000 7.000 0.000 16399.000 387652316400144.000 53.000 24.800 -29.687 0.870 16.000 0.000 0.000 1176450048.000 -9223372036854776000.000 0.000 
卫星15: 9.000 7.000 0.000 16399.000 387652317225082.000 46.000 25.800 147.380 0.812 16.000 0.000 0.000 1176450048.000 -9223372036854776000.000 0.000 

时钟数据数组: 16855012000000.000 -0.312 4.897 -1445237998436426750.000 66.000 18.000 0.000 85.125 23.661 
测量数据数组:
卫星0: 4.000 1.000 0.000 16399.000 387653369782605.000 24.000 29.300 582.636 0.106 16.000 -0.000 1902.918 1575420032.000 -9223372036854776000.000 0.000 
卫星1: 21.000 3.000 0.000 49359.000 52835371998546.000 21.000 30.400 -801.028 0.077 16.000 -0.000 1868.720 1604249984.000 -9223372036854776000.000 0.000 
卫星2: 32.000 5.000 0.000 16399.000 387639359196084.000 61.000 23.200 318.363 0.945 16.000 0.000 0.000 1561097984.000 -9223372036854776000.000 0.000 
卫星3: 27.000 5.000 0.000 16399.000 387639360727117.000 31.000 27.700 -612.385 0.666 16.000 0.000 0.000 1561097984.000 -9223372036854776000.000 0.000 
卫星4: 3.000 6.000 0.000 23567.000 387653364701034.000 70.000 21.700 244.537 1.115 16.000 0.000 0.000 1575420032.000 -9223372036854776000.000 0.000 
卫星5: 5.000 6.000 0.000 23567.000 387653365561428.000 40.000 25.900 511.528 0.827 16.000 0.000 0.000 1575420032.000 -9223372036854776000.000 0.000 
卫星6: 1.000 1.000 0.000 81935.000 387653374017572.000 11.000 24.200 -576.398 0.186 16.000 -0.000 2548.255 1176450048.000 -9223372036854776000.000 0.000 
卫星7: 4.000 1.000 0.000 81935.000 387653369790435.000 4.000 35.200 582.538 0.058 16.000 -0.000 2548.255 1176450048.000 -9223372036854776000.000 0.000 
卫星8: 9.000 1.000 0.000 81935.000 387653373380203.000 9.000 26.800 386.860 0.080 16.000 -0.000 2548.255 1176450048.000 -9223372036854776000.000 0.000 
卫星9: 14.000 1.000 0.000 81935.000 387653363238234.000 9.000 26.500 -379.053 0.065 16.000 -0.000 2548.255 1176450048.000 -9223372036854776000.000 0.000 
卫星10: 5.000 6.000 0.000 81935.000 387653365567754.000 6.000 31.600 511.504 0.065 16.000 -0.000 2548.255 1176450048.000 -9223372036854776000.000 0.000 
卫星11: 8.000 6.000 0.000 81935.000 387653358423835.000 20.000 19.500 -177.093 2.019 16.000 0.000 0.000 1176450048.000 -9223372036854776000.000 0.000 
卫星12: 27.000 5.000 0.000 16399.000 387639360733303.000 8.000 27.000 -611.862 0.082 16.000 -0.000 2548.255 1176450048.000 -9223372036854776000.000 0.000 
卫星13: 32.000 5.000 0.000 16399.000 387639359202273.000 11.000 23.900 318.862 0.193 16.000 -0.000 2548.255 1176450048.000 -9223372036854776000.000 0.000 
卫星14: 2.000 7.000 0.000 16399.000 387653316400288.000 53.000 25.200 -29.713 0.810 16.000 0.000 0.000 1176450048.000 -9223372036854776000.000 0.000 
卫星15: 9.000 7.000 0.000 16399.000 387653317224630.000 46.000 25.500 147.686 0.812 16.000 0.000 0.000 1176450048.000 -9223372036854776000.000 0.000 

时钟数据数组: 16856012000000.000 -0.881 6.702 -1445237998436426750.000 66.000 18.000 0.000 89.000 23.528 
测量数据数组:
卫星0: 4.000 1.000 0.000 16399.000 387654369780661.000 27.000 28.000 581.928 0.630 16.000 0.000 0.000 1575420032.000 -9223372036854776000.000 0.000 
卫星1: 21.000 3.000 0.000 49359.000 52836372001262.000 24.000 29.200 -801.350 0.111 16.000 -0.000 1868.720 1604249984.000 -9223372036854776000.000 0.000 
卫星2: 7.000 3.000 0.000 49359.000 52836370574580.000 92.000 19.800 517.188 2.772 16.000 0.000 0.000 1604812544.000 -9223372036854776000.000 0.000 
卫星3: 32.000 5.000 0.000 16399.000 387640359194982.000 70.000 22.200 319.544 1.025 16.000 0.000 0.000 1561097984.000 -9223372036854776000.000 0.000 
卫星4: 27.000 5.000 0.000 16399.000 387640360729142.000 27.000 28.300 -612.539 0.617 16.000 0.000 0.000 1561097984.000 -9223372036854776000.000 0.000 
卫星5: 3.000 6.000 0.000 23567.000 387654364700205.000 80.000 20.600 244.185 1.206 16.000 0.000 0.000 1575420032.000 -9223372036854776000.000 0.000 
卫星6: 5.000 6.000 0.000 23567.000 387654365559746.000 35.000 26.700 511.024 0.767 16.000 0.000 0.000 1575420032.000 -9223372036854776000.000 0.000 
卫星7: 1.000 1.000 0.000 81935.000 387654374019493.000 14.000 22.800 -576.625 1.033 16.000 0.000 0.000 1176450048.000 -9223372036854776000.000 0.000 
卫星8: 4.000 1.000 0.000 81935.000 387654369788492.000 4.000 34.900 582.148 0.058 16.000 -0.000 2548.255 1176450048.000 -9223372036854776000.000 0.000 
卫星9: 9.000 1.000 0.000 81935.000 387654373378914.000 9.000 26.000 386.552 0.080 16.000 -0.000 2548.255 1176450048.000 -9223372036854776000.000 0.000 
卫星10: 14.000 1.000 0.000 81935.000 387654363239507.000 9.000 25.900 -379.450 0.065 16.000 -0.000 2548.255 1176450048.000 -9223372036854776000.000 0.000 
卫星11: 5.000 6.000 0.000 81935.000 387654365566047.000 6.000 31.300 511.115 0.065 16.000 -0.000 2548.255 1176450048.000 -9223372036854776000.000 0.000 
卫星12: 27.000 5.000 0.000 16399.000 387640360735348.000 8.000 27.900 -612.270 0.079 16.000 -0.000 2548.255 1176450048.000 -9223372036854776000.000 0.000 
卫星13: 32.000 5.000 0.000 16399.000 387640359201206.000 11.000 24.100 318.405 0.193 16.000 -0.000 2548.255 1176450048.000 -9223372036854776000.000 0.000 
卫星14: 2.000 7.000 0.000 16399.000 387654316400338.000 61.000 23.900 -29.114 0.940 16.000 0.000 0.000 1176450048.000 -9223372036854776000.000 0.000 
卫星15: 9.000 7.000 0.000 16399.000 387654317224137.000 46.000 25.800 147.775 0.812 16.000 0.000 0.000 1176450048.000 -9223372036854776000.000 0.000 

时钟数据数组: 16857012000000.000 -0.232 7.273 -1445237998436426750.000 66.000 18.000 0.000 90.450 22.840 
测量数据数组:
卫星0: 2.000 1.000 0.000 16399.000 387655379392499.000 106.000 17.800 -199.923 3.755 16.000 0.000 0.000 1575420032.000 -9223372036854776000.000 0.000 
卫星1: 4.000 1.000 0.000 16399.000 387655369778757.000 27.000 28.500 581.747 0.630 16.000 0.000 0.000 1575420032.000 -9223372036854776000.000 0.000 
卫星2: 14.000 1.000 0.000 16399.000 387655363232886.000 70.000 20.900 -378.142 1.171 16.000 0.000 0.000 1575420032.000 -9223372036854776000.000 0.000 
卫星3: 21.000 3.000 0.000 49359.000 52837372003941.000 21.000 30.900 -801.229 0.079 16.000 -0.000 1868.720 1604249984.000 -9223372036854776000.000 0.000 
卫星4: 28.000 5.000 0.000 16399.000 387641372627860.000 106.000 18.800 -434.883 3.625 16.000 0.000 0.000 1561097984.000 -9223372036854776000.000 0.000 
卫星5: 27.000 5.000 0.000 16399.000 387641360731186.000 27.000 28.600 -612.270 0.617 16.000 0.000 0.000 1561097984.000 -9223372036854776000.000 0.000 
卫星6: 3.000 6.000 0.000 23567.000 387655364699366.000 61.000 22.300 244.270 1.036 16.000 0.000 0.000 1575420032.000 -9223372036854776000.000 0.000 
卫星7: 5.000 6.000 0.000 23567.000 387655365558005.000 40.000 25.800 511.100 0.827 16.000 0.000 0.000 1575420032.000 -9223372036854776000.000 0.000 
卫星8: 1.000 1.000 0.000 81935.000 387655374021413.000 10.000 25.000 -576.545 0.112 16.000 -0.000 2548.255 1176450048.000 -9223372036854776000.000 0.000 
卫星9: 4.000 1.000 0.000 81935.000 387655369786549.000 4.000 35.500 582.279 0.058 16.000 -0.000 2548.255 1176450048.000 -9223372036854776000.000 0.000 
卫星10: 9.000 1.000 0.000 81935.000 387655373377624.000 9.000 26.100 386.749 0.080 16.000 -0.000 2548.255 1176450048.000 -9223372036854776000.000 0.000 
卫星11: 14.000 1.000 0.000 81935.000 387655363240769.000 9.000 26.300 -379.344 0.065 16.000 -0.000 2548.255 1176450048.000 -9223372036854776000.000 0.000 
卫星12: 5.000 6.000 0.000 81935.000 387655365564345.000 6.000 31.700 511.250 0.065 16.000 -0.000 2548.255 1176450048.000 -9223372036854776000.000 0.000 
卫星13: 27.000 5.000 0.000 16399.000 387641360737381.000 8.000 27.000 -612.109 0.082 16.000 -0.000 2548.255 1176450048.000 -9223372036854776000.000 0.000 
卫星14: 28.000 5.000 0.000 16399.000 387641372634021.000 34.000 13.900 -434.316 8.090 16.000 0.000 0.000 1176450048.000 -9223372036854776000.000 0.000 
卫星15: 32.000 5.000 0.000 16399.000 387641359200141.000 11.000 23.600 318.661 0.193 16.000 -0.000 2548.255 1176450048.000 -9223372036854776000.000 0.000 
卫星16: 2.000 7.000 0.000 16399.000 387655316400533.000 61.000 24.000 -32.198 0.870 16.000 0.000 0.000 1176450048.000 -9223372036854776000.000 0.000 
卫星17: 9.000 7.000 0.000 16399.000 387655317223664.000 46.000 26.200 146.654 0.752 16.000 0.000 0.000 1176450048.000 -9223372036854776000.000 0.000 

时钟数据数组: 16858012000000.000 -0.156 6.755 -1445237998436426750.000 66.000 18.000 0.000 87.646 24.978 
测量数据数组:
卫星0: 4.000 1.000 0.000 16399.000 387656369776843.000 31.000 26.800 582.051 0.740 16.000 0.000 0.000 1575420032.000 -9223372036854776000.000 0.000 
卫星1: 21.000 3.000 0.000 49359.000 52838372006593.000 24.000 29.600 -800.930 0.111 16.000 -0.000 1868.720 1604249984.000 -9223372036854776000.000 0.000 
卫星2: 32.000 5.000 0.000 16399.000 387642359192886.000 80.000 20.600 317.710 1.945 16.000 0.000 0.000 1561097984.000 -9223372036854776000.000 0.000 
卫星3: 27.000 5.000 0.000 16399.000 387642360733220.000 35.000 26.300 -611.531 0.726 16.000 0.000 0.000 1561097984.000 -9223372036854776000.000 0.000 
卫星4: 3.000 6.000 0.000 23567.000 387656364698564.000 80.000 20.500 244.394 1.206 16.000 0.000 0.000 1575420032.000 -9223372036854776000.000 0.000 
卫星5: 5.000 6.000 0.000 23567.000 387656365556306.000 53.000 23.800 511.338 0.957 16.000 0.000 0.000 1575420032.000 -9223372036854776000.000 0.000 
卫星6: 1.000 1.000 0.000 81935.000 387656374023336.000 14.000 22.600 -576.472 1.033 16.000 0.000 0.000 1176450048.000 -9223372036854776000.000 0.000 
卫星7: 4.000 1.000 0.000 81935.000 387656369784606.000 4.000 34.300 582.431 0.060 16.000 -0.000 2548.255 1176450048.000 -9223372036854776000.000 0.000 
卫星8: 9.000 1.000 0.000 81935.000 387656373376342.000 11.000 24.500 386.943 0.184 16.000 -0.000 2548.255 1176450048.000 -9223372036854776000.000 0.000 
卫星9: 14.000 1.000 0.000 81935.000 387656363242036.000 11.000 24.800 -379.126 0.169 16.000 -0.000 2548.255 1176450048.000 -9223372036854776000.000 0.000 
卫星10: 5.000 6.000 0.000 81935.000 387656365562637.000 7.000 29.900 511.412 0.098 16.000 -0.000 2548.255 1176450048.000 -9223372036854776000.000 0.000 
卫星11: 8.000 6.000 0.000 81935.000 387656358425609.000 23.000 18.600 -177.564 2.898 16.000 0.000 0.000 1176450048.000 -9223372036854776000.000 0.000 
卫星12: 36.000 6.000 0.000 81935.000 387656362971978.000 34.000 13.400 -496.036 10.325 16.000 0.000 0.000 1176450048.000 -9223372036854776000.000 0.000 
卫星13: 27.000 5.000 0.000 16399.000 387642360739432.000 9.000 25.600 -611.937 0.090 16.000 -0.000 2548.255 1176450048.000 -9223372036854776000.000 0.000 
卫星14: 32.000 5.000 0.000 16399.000 387642359199086.000 11.000 24.200 318.742 0.193 16.000 -0.000 2548.255 1176450048.000 -9223372036854776000.000 0.000 
卫星15: 9.000 7.000 0.000 16399.000 387656317223153.000 53.000 24.400 147.775 0.872 16.000 0.000 0.000 1176450048.000 -9223372036854776000.000 0.000 

时钟数据数组: 16859012000000.000 -0.758 6.399 -1445237998436426750.000 66.000 18.000 0.000 89.789 25.047 
测量数据数组:
卫星0: 1.000 1.000 0.000 16399.000 387657374017476.000 159.000 15.300 -576.799 8.498 16.000 0.000 0.000 1575420032.000 -9223372036854776000.000 0.000 
卫星1: 4.000 1.000 0.000 16399.000 387657369774848.000 24.000 28.900 582.203 0.106 16.000 -0.000 1902.918 1575420032.000 -9223372036854776000.000 0.000 
卫星2: 21.000 3.000 0.000 49359.000 52839372009300.000 19.000 31.100 -801.224 0.060 16.000 -0.000 1868.720 1604249984.000 -9223372036854776000.000 0.000 
卫星3: 7.000 3.000 0.000 49359.000 52839370569550.000 106.000 18.200 516.367 2.872 16.000 0.000 0.000 1604812544.000 -9223372036854776000.000 0.000 
卫星4: 32.000 5.000 0.000 16399.000 387643359191809.000 61.000 22.300 318.171 1.025 16.000 0.000 0.000 1561097984.000 -9223372036854776000.000 0.000 
卫星5: 27.000 5.000 0.000 16399.000 387643360735262.000 27.000 28.800 -611.953 0.617 16.000 0.000 0.000 1561097984.000 -9223372036854776000.000 0.000 
卫星6: 3.000 6.000 0.000 23567.000 387657364697746.000 70.000 21.500 244.270 1.115 16.000 0.000 0.000 1575420032.000 -9223372036854776000.000 0.000 
卫星7: 5.000 6.000 0.000 23567.000 387657365554598.000 40.000 25.500 511.205 0.827 16.000 0.000 0.000 1575420032.000 -9223372036854776000.000 0.000 
卫星8: 1.000 1.000 0.000 81935.000 387657374025265.000 10.000 25.000 -576.528 0.112 16.000 -0.000 2548.255 1176450048.000 -9223372036854776000.000 0.000 
卫星9: 4.000 1.000 0.000 81935.000 387657369782663.000 4.000 35.300 582.208 0.058 16.000 -0.000 2548.255 1176450048.000 -9223372036854776000.000 0.000 
卫星10: 9.000 1.000 0.000 81935.000 387657373375050.000 8.000 27.300 386.764 0.071 16.000 -0.000 2548.255 1176450048.000 -9223372036854776000.000 0.000 
卫星11: 14.000 1.000 0.000 81935.000 387657363243297.000 10.000 25.300 -379.412 0.095 16.000 -0.000 2548.255 1176450048.000 -9223372036854776000.000 0.000 
卫星12: 5.000 6.000 0.000 81935.000 387657365560933.000 6.000 32.200 511.204 0.065 16.000 -0.000 2548.255 1176450048.000 -9223372036854776000.000 0.000 
卫星13: 27.000 5.000 0.000 16399.000 387643360741473.000 8.000 27.300 -612.125 0.082 16.000 -0.000 2548.255 1176450048.000 -9223372036854776000.000 0.000 
卫星14: 32.000 5.000 0.000 16399.000 387643359198015.000 10.000 25.300 318.521 0.119 16.000 -0.000 2548.255 1176450048.000 -9223372036854776000.000 0.000 
卫星15: 2.000 7.000 0.000 16399.000 387657316400789.000 70.000 23.200 -30.656 1.691 16.000 0.000 0.000 1176450048.000 -9223372036854776000.000 0.000 
卫星16: 9.000 7.000 0.000 16399.000 387657317222625.000 46.000 25.400 147.762 0.812 16.000 0.000 0.000 1176450048.000 -9223372036854776000.000 0.000 

时钟数据数组: 16860012000000.000 -0.020 5.386 -1445237998436426750.000 66.000 18.000 0.000 91.979 24.451 
测量数据数组:
卫星0: 4.000 1.000 0.000 16399.000 387658369772945.000 27.000 28.300 581.870 0.630 16.000 0.000 0.000 1575420032.000 -9223372036854776000.000 0.000 
卫星1: 21.000 3.000 0.000 49359.000 52840372011922.000 19.000 31.200 -801.554 0.060 16.000 -0.000 1868.720 1604249984.000 -9223372036854776000.000 0.000 
卫星2: 7.000 3.000 0.000 49359.000 52840370567787.000 70.000 21.500 516.862 1.091 16.000 0.000 0.000 1604812544.000 -9223372036854776000.000 0.000 
卫星3: 28.000 5.000 0.000 16399.000 387644372632134.000 92.000 20.100 -433.798 2.684 16.000 0.000 0.000 1561097984.000 -9223372036854776000.000 0.000 
卫星4: 27.000 5.000 0.000 16399.000 387644360737305.000 27.000 28.900 -612.356 0.617 16.000 0.000 0.000 1561097984.000 -9223372036854776000.000 0.000 
卫星5: 3.000 6.000 0.000 23567.000 387658364696924.000 70.000 21.500 244.023 1.115 16.000 0.000 0.000 1575420032.000 -9223372036854776000.000 0.000 
卫星6: 5.000 6.000 0.000 23567.000 387658365552887.000 40.000 26.100 510.881 0.767 16.000 0.000 0.000 1575420032.000 -9223372036854776000.000 0.000 
卫星7: 1.000 1.000 0.000 81935.000 387658374027190.000 11.000 24.400 -576.883 0.186 16.000 -0.000 2548.255 1176450048.000 -9223372036854776000.000 0.000 
卫星8: 4.000 1.000 0.000 81935.000 387658369780721.000 4.000 35.100 581.798 0.058 16.000 -0.000 2548.255 1176450048.000 -9223372036854776000.000 0.000 
卫星9: 9.000 1.000 0.000 81935.000 387658373373758.000 9.000 26.700 386.397 0.080 16.000 -0.000 2548.255 1176450048.000 -9223372036854776000.000 0.000 
卫星10: 14.000 1.000 0.000 81935.000 387658363244572.000 8.000 26.900 -379.875 0.056 16.000 -0.000 2548.255 1176450048.000 -9223372036854776000.000 0.000 
卫星11: 5.000 6.000 0.000 81935.000 387658365559229.000 5.000 32.500 510.793 0.058 16.000 -0.000 2548.255 1176450048.000 -9223372036854776000.000 0.000 
卫星12: 8.000 6.000 0.000 81935.000 387658358426787.000 23.000 18.800 -177.016 2.179 16.000 0.000 0.000 1176450048.000 -9223372036854776000.000 0.000 
卫星13: 27.000 5.000 0.000 16399.000 387644360743513.000 8.000 26.900 -612.549 0.082 16.000 -0.000 2548.255 1176450048.000 -9223372036854776000.000 0.000 
卫星14: 32.000 5.000 0.000 16399.000 387644359196950.000 10.000 25.100 318.091 0.119 16.000 -0.000 2548.255 1176450048.000 -9223372036854776000.000 0.000 
卫星15: 2.000 7.000 0.000 16399.000 387658316400824.000 61.000 24.200 -30.898 0.870 16.000 0.000 0.000 1176450048.000 -9223372036854776000.000 0.000 
卫星16: 9.000 7.000 0.000 16399.000 387658317222182.000 40.000 26.600 146.590 0.752 16.000 0.000 0.000 1176450048.000 -9223372036854776000.000 0.000 

时钟数据数组: 16861012000000.000 -0.116 4.164 -1445237998436426750.000 66.000 18.000 0.000 89.841 25.409 
测量数据数组:
卫星0: 2.000 1.000 0.000 16399.000 387659379395040.000 106.000 17.700 -200.341 3.755 16.000 0.000 0.000 1575420032.000 -9223372036854776000.000 0.000 
卫星1: 4.000 1.000 0.000 16399.000 387659369770936.000 27.000 28.500 581.937 0.630 16.000 0.000 0.000 1575420032.000 -9223372036854776000.000 0.000 
卫星2: 21.000 3.000 0.000 49359.000 52841372014653.000 19.000 31.500 -801.103 0.060 16.000 -0.000 1868.720 1604249984.000 -9223372036854776000.000 0.000 
卫星3: 32.000 5.000 0.000 16399.000 387645359189674.000 80.000 21.100 317.585 1.855 16.000 0.000 0.000 1561097984.000 -9223372036854776000.000 0.000 
卫星4: 28.000 5.000 0.000 16399.000 387645372633554.000 61.000 22.300 -433.491 1.015 16.000 0.000 0.000 1561097984.000 -9223372036854776000.000 0.000 
卫星5: 27.000 5.000 0.000 16399.000 387645360739348.000 21.000 30.500 -612.067 0.061 16.000 -0.000 1920.376 1561097984.000 -9223372036854776000.000 0.000 
卫星6: 3.000 6.000 0.000 23567.000 387659364696118.000 61.000 23.100 244.432 0.956 16.000 0.000 0.000 1575420032.000 -9223372036854776000.000 0.000 
卫星7: 5.000 6.000 0.000 23567.000 387659365551190.000 40.000 25.600 511.186 0.827 16.000 0.000 0.000 1575420032.000 -9223372036854776000.000 0.000 
卫星8: 36.000 6.000 0.000 23567.000 387659362970662.000 80.000 20.500 -495.515 1.209 16.000 0.000 0.000 1575420032.000 -9223372036854776000.000 0.000 
卫星9: 1.000 1.000 0.000 81935.000 387659374029110.000 12.000 23.600 -576.294 0.952 16.000 0.000 0.000 1176450048.000 -9223372036854776000.000 0.000 
卫星10: 4.000 1.000 0.000 81935.000 387659369778780.000 4.000 35.400 582.218 0.058 16.000 -0.000 2548.255 1176450048.000 -9223372036854776000.000 0.000 
卫星11: 9.000 1.000 0.000 81935.000 387659373372465.000 9.000 26.400 386.895 0.080 16.000 -0.000 2548.255 1176450048.000 -9223372036854776000.000 0.000 
卫星12: 14.000 1.000 0.000 81935.000 387659363245827.000 11.000 24.800 -379.422 0.169 16.000 -0.000 2548.255 1176450048.000 -9223372036854776000.000 0.000 
卫星13: 5.000 6.000 0.000 81935.000 387659365557524.000 6.000 31.200 511.247 0.077 16.000 -0.000 2548.255 1176450048.000 -9223372036854776000.000 0.000 
卫星14: 27.000 5.000 0.000 16399.000 387645360745561.000 9.000 26.300 -612.045 0.090 16.000 -0.000 2548.255 1176450048.000 -9223372036854776000.000 0.000 
卫星15: 32.000 5.000 0.000 16399.000 387645359195892.000 11.000 24.400 318.596 0.193 16.000 -0.000 2548.255 1176450048.000 -9223372036854776000.000 0.000 
卫星16: 9.000 7.000 0.000 16399.000 387659317221618.000 61.000 23.800 147.558 0.942 16.000 0.000 0.000 1176450048.000 -9223372036854776000.000 0.000 

时钟数据数组: 16862012000000.000 -0.688 4.718 -1445237998436426750.000 66.000 18.000 0.000 88.080 22.905 
测量数据数组:
卫星0: 4.000 1.000 0.000 16399.000 387660369769049.000 27.000 28.400 581.956 0.630 16.000 0.000 0.000 1575420032.000 -9223372036854776000.000 0.000 
卫星1: 21.000 3.000 0.000 49359.000 52842372017286.000 19.000 31.300 -801.062 0.060 16.000 -0.000 1868.720 1604249984.000 -9223372036854776000.000 0.000 
卫星2: 7.000 3.000 0.000 49359.000 52842370564312.000 61.000 22.600 517.665 1.762 16.000 0.000 0.000 1604812544.000 -9223372036854776000.000 0.000 
卫星3: 32.000 5.000 0.000 16399.000 387646359188613.000 70.000 22.100 318.488 1.025 16.000 0.000 0.000 1561097984.000 -9223372036854776000.000 0.000 
卫星4: 27.000 5.000 0.000 16399.000 387646360741397.000 24.000 30.000 -612.047 0.093 16.000 -0.000 1920.376 1561097984.000 -9223372036854776000.000 0.000 
卫星5: 3.000 6.000 0.000 23567.000 387660364695309.000 53.000 23.600 244.699 0.956 16.000 0.000 0.000 1575420032.000 -9223372036854776000.000 0.000 
卫星6: 5.000 6.000 0.000 23567.000 387660365549499.000 40.000 25.900 511.205 0.827 16.000 0.000 0.000 1575420032.000 -9223372036854776000.000 0.000 
卫星7: 1.000 1.000 0.000 81935.000 387660374031030.000 9.000 26.000 -576.378 0.081 16.000 -0.000 2548.255 1176450048.000 -9223372036854776000.000 0.000 
卫星8: 4.000 1.000 0.000 81935.000 387660369776839.000 4.000 35.400 582.237 0.058 16.000 -0.000 2548.255 1176450048.000 -9223372036854776000.000 0.000 
卫星9: 9.000 1.000 0.000 81935.000 387660373371174.000 9.000 26.400 386.989 0.080 16.000 -0.000 2548.255 1176450048.000 -9223372036854776000.000 0.000 
卫星10: 14.000 1.000 0.000 81935.000 387660363247106.000 10.000 25.200 -379.435 0.095 16.000 -0.000 2548.255 1176450048.000 -9223372036854776000.000 0.000 
卫星11: 5.000 6.000 0.000 81935.000 387660365555822.000 6.000 31.900 511.233 0.065 16.000 -0.000 2548.255 1176450048.000 -9223372036854776000.000 0.000 
卫星12: 8.000 6.000 0.000 81935.000 387660358427962.000 23.000 19.200 -176.838 2.079 16.000 0.000 0.000 1176450048.000 -9223372036854776000.000 0.000 
卫星13: 27.000 5.000 0.000 16399.000 387646360747598.000 8.000 26.800 -612.081 0.082 16.000 -0.000 2548.255 1176450048.000 -9223372036854776000.000 0.000 
卫星14: 32.000 5.000 0.000 16399.000 387646359194826.000 10.000 25.300 318.604 0.119 16.000 -0.000 2548.255 1176450048.000 -9223372036854776000.000 0.000 
卫星15: 2.000 7.000 0.000 16399.000 387660316400989.000 70.000 23.200 -30.834 1.691 16.000 0.000 0.000 1176450048.000 -9223372036854776000.000 0.000 
卫星16: 9.000 7.000 0.000 16399.000 387660317221092.000 46.000 25.300 147.010 0.812 16.000 0.000 0.000 1176450048.000 -9223372036854776000.000 0.000 

时钟数据数组: 16863012000000.000 -0.248 4.128 -1445237998436426750.000 66.000 18.000 0.000 90.624 22.483 
测量数据数组:
卫星0: 4.000 1.000 0.000 16399.000 387661369767121.000 27.000 28.000 582.013 0.630 16.000 0.000 0.000 1575420032.000 -9223372036854776000.000 0.000 
卫星1: 21.000 3.000 0.000 49359.000 52843372020002.000 19.000 31.000 -801.129 0.060 16.000 -0.000 1868.720 1604249984.000 -9223372036854776000.000 0.000 
卫星2: 7.000 3.000 0.000 49359.000 52843370562742.000 61.000 22.200 516.170 1.012 16.000 0.000 0.000 1604812544.000 -9223372036854776000.000 0.000 
卫星3: 8.000 3.000 0.000 49359.000 52843369838155.000 159.000 15.900 179.283 7.740 16.000 0.000 0.000 1605374976.000 -9223372036854776000.000 0.000 
卫星4: 28.000 5.000 0.000 16399.000 387647372636536.000 80.000 20.800 -433.635 1.934 16.000 0.000 0.000 1561097984.000 -9223372036854776000.000 0.000 
卫星5: 27.000 5.000 0.000 16399.000 387647360743423.000 24.000 30.100 -612.169 0.093 16.000 -0.000 1920.376 1561097984.000 -9223372036854776000.000 0.000 
卫星6: 3.000 6.000 0.000 23567.000 387661364694494.000 70.000 22.100 244.470 1.036 16.000 0.000 0.000 1575420032.000 -9223372036854776000.000 0.000 
卫星7: 5.000 6.000 0.000 23567.000 387661365547775.000 40.000 25.700 511.129 0.827 16.000 0.000 0.000 1575420032.000 -9223372036854776000.000 0.000 
卫星8: 1.000 1.000 0.000 81935.000 387661374032954.000 11.000 23.900 -576.421 0.186 16.000 -0.000 2548.255 1176450048.000 -9223372036854776000.000 0.000 
卫星9: 4.000 1.000 0.000 81935.000 387661369774899.000 4.000 35.600 582.103 0.058 16.000 -0.000 2548.255 1176450048.000 -9223372036854776000.000 0.000 
卫星10: 9.000 1.000 0.000 81935.000 387661373369893.000 9.000 26.300 386.963 0.080 16.000 -0.000 2548.255 1176450048.000 -9223372036854776000.000 0.000 
卫星11: 14.000 1.000 0.000 81935.000 387661363248362.000 9.000 25.900 -379.528 0.065 16.000 -0.000 2548.255 1176450048.000 -9223372036854776000.000 0.000 
卫星12: 5.000 6.000 0.000 81935.000 387661365554117.000 6.000 32.000 511.092 0.065 16.000 -0.000 2548.255 1176450048.000 -9223372036854776000.000 0.000 
卫星13: 27.000 5.000 0.000 16399.000 387647360749636.000 8.000 27.100 -612.127 0.082 16.000 -0.000 2548.255 1176450048.000 -9223372036854776000.000 0.000 
卫星14: 32.000 5.000 0.000 16399.000 387647359193766.000 10.000 24.900 318.461 0.119 16.000 -0.000 2548.255 1176450048.000 -9223372036854776000.000 0.000 
卫星15: 2.000 7.000 0.000 16399.000 387661316401062.000 61.000 23.500 -30.439 0.940 16.000 0.000 0.000 1176450048.000 -9223372036854776000.000 0.000 
卫星16: 9.000 7.000 0.000 16399.000 387661317220709.000 53.000 25.200 146.819 0.812 16.000 0.000 0.000 1176450048.000 -9223372036854776000.000 0.000 

时钟数据数组: 16864012000000.000 -0.725 3.546 -1445237998436426750.000 66.000 18.000 0.000 92.149 22.168 
测量数据数组:
卫星0: 4.000 1.000 0.000 16399.000 387662369765104.000 24.000 29.200 581.686 0.106 16.000 -0.000 1902.918 1575420032.000 -9223372036854776000.000 0.000 
卫星1: 21.000 3.000 0.000 49359.000 52844372022644.000 21.000 30.700 -801.501 0.079 16.000 -0.000 1868.720 1604249984.000 -9223372036854776000.000 0.000 
卫星2: 7.000 3.000 0.000 49359.000 52844370560897.000 53.000 23.800 517.058 0.931 16.000 0.000 0.000 1604812544.000 -9223372036854776000.000 0.000 
卫星3: 32.000 5.000 0.000 16399.000 387648359186494.000 80.000 20.300 317.854 1.945 16.000 0.000 0.000 1561097984.000 -9223372036854776000.000 0.000 
卫星4: 27.000 5.000 0.000 16399.000 387648360745488.000 24.000 29.500 -612.543 0.093 16.000 -0.000 1920.376 1561097984.000 -9223372036854776000.000 0.000 
卫星5: 3.000 6.000 0.000 23567.000 387662364693693.000 80.000 20.400 244.385 1.206 16.000 0.000 0.000 1575420032.000 -9223372036854776000.000 0.000 
卫星6: 5.000 6.000 0.000 23567.000 387662365546081.000 40.000 26.200 510.729 0.767 16.000 0.000 0.000 1575420032.000 -9223372036854776000.000 0.000 
卫星7: 1.000 1.000 0.000 81935.000 387662374034871.000 12.000 23.700 -576.892 0.952 16.000 0.000 0.000 1176450048.000 -9223372036854776000.000 0.000 
卫星8: 4.000 1.000 0.000 81935.000 387662369772956.000 4.000 35.100 581.698 0.058 16.000 -0.000 2548.255 1176450048.000 -9223372036854776000.000 0.000 
卫星9: 9.000 1.000 0.000 81935.000 387662373368602.000 9.000 26.000 386.547 0.080 16.000 -0.000 2548.255 1176450048.000 -9223372036854776000.000 0.000 
卫星10: 14.000 1.000 0.000 81935.000 387662363249622.000 9.000 26.800 -380.006 0.065 16.000 -0.000 2548.255 1176450048.000 -9223372036854776000.000 0.000 
卫星11: 5.000 6.000 0.000 81935.000 387662365552416.000 6.000 31.600 510.725 0.065 16.000 -0.000 2548.255 1176450048.000 -9223372036854776000.000 0.000 
卫星12: 27.000 5.000 0.000 16399.000 387648360751688.000 8.000 27.300 -612.557 0.082 16.000 -0.000 2548.255 1176450048.000 -9223372036854776000.000 0.000 
卫星13: 32.000 5.000 0.000 16399.000 387648359192702.000 10.000 25.200 318.029 0.119 16.000 -0.000 2548.255 1176450048.000 -9223372036854776000.000 0.000 
卫星14: 2.000 7.000 0.000 16399.000 387662316401276.000 61.000 23.500 -30.630 0.940 16.000 0.000 0.000 1176450048.000 -9223372036854776000.000 0.000 
卫星15: 9.000 7.000 0.000 16399.000 387662317220143.000 53.000 25.000 146.832 0.812 16.000 0.000 0.000 1176450048.000 -9223372036854776000.000 0.000 

时钟数据数组: 16865012000000.000 -0.509 2.872 -1445237998436426750.000 66.000 18.000 0.000 95.930 20.965 
测量数据数组:
卫星0: 4.000 1.000 0.000 16399.000 387663369763239.000 27.000 28.500 582.051 0.630 16.000 0.000 0.000 1575420032.000 -9223372036854776000.000 0.000 
卫星1: 21.000 3.000 0.000 49359.000 52845372025313.000 21.000 30.100 -800.955 0.079 16.000 -0.000 1868.720 1604249984.000 -9223372036854776000.000 0.000 
卫星2: 7.000 3.000 0.000 49359.000 52845370559123.000 53.000 23.900 517.908 0.931 16.000 0.000 0.000 1604812544.000 -9223372036854776000.000 0.000 
卫星3: 28.000 5.000 0.000 16399.000 387649372639395.000 70.000 21.400 -432.972 1.844 16.000 0.000 0.000 1561097984.000 -9223372036854776000.000 0.000 
卫星4: 27.000 5.000 0.000 16399.000 387649360747507.000 21.000 30.300 -612.038 0.061 16.000 -0.000 1920.376 1561097984.000 -9223372036854776000.000 0.000 
卫星5: 3.000 6.000 0.000 23567.000 387663364692812.000 70.000 21.500 244.775 1.115 16.000 0.000 0.000 1575420032.000 -9223372036854776000.000 0.000 
卫星6: 5.000 6.000 0.000 23567.000 387663365544339.000 35.000 27.100 511.224 0.707 16.000 0.000 0.000 1575420032.000 -9223372036854776000.000 0.000 
卫星7: 1.000 1.000 0.000 81935.000 387663374036801.000 11.000 24.500 -576.255 0.186 16.000 -0.000 2548.255 1176450048.000 -9223372036854776000.000 0.000 
卫星8: 4.000 1.000 0.000 81935.000 387663369771013.000 4.000 35.200 582.197 0.058 16.000 -0.000 2548.255 1176450048.000 -9223372036854776000.000 0.000 
卫星9: 9.000 1.000 0.000 81935.000 387663373367304.000 9.000 26.200 387.175 0.080 16.000 -0.000 2548.255 1176450048.000 -9223372036854776000.000 0.000 
卫星10: 14.000 1.000 0.000 81935.000 387663363250896.000 9.000 26.500 -379.474 0.065 16.000 -0.000 2548.255 1176450048.000 -9223372036854776000.000 0.000 
卫星11: 5.000 6.000 0.000 81935.000 387663365550707.000 6.000 31.800 511.189 0.065 16.000 -0.000 2548.255 1176450048.000 -9223372036854776000.000 0.000 
卫星12: 8.000 6.000 0.000 81935.000 387663358429736.000 27.000 18.200 -176.685 2.898 16.000 0.000 0.000 1176450048.000 -9223372036854776000.000 0.000 
卫星13: 27.000 5.000 0.000 16399.000 387649360753719.000 9.000 26.400 -611.960 0.090 16.000 -0.000 2548.255 1176450048.000 -9223372036854776000.000 0.000 
卫星14: 32.000 5.000 0.000 16399.000 387649359191647.000 9.000 25.900 318.638 0.089 16.000 -0.000 2548.255 1176450048.000 -9223372036854776000.000 0.000 
卫星15: 2.000 7.000 0.000 16399.000 387663316401282.000 61.000 23.700 -31.229 0.940 16.000 0.000 0.000 1176450048.000 -9223372036854776000.000 0.000 
卫星16: 9.000 7.000 0.000 16399.000 387663317219722.000 46.000 25.600 147.393 0.812 16.000 0.000 0.000 1176450048.000 -9223372036854776000.000 0.000 

时钟数据数组: 16866012000000.000 -0.188 3.403 -1445237998436426750.000 66.000 18.000 0.000 88.668 21.803 
测量数据数组:
卫星0: 4.000 1.000 0.000 16399.000 387664369761260.000 24.000 28.600 582.212 0.106 16.000 -0.000 1902.918 1575420032.000 -9223372036854776000.000 0.000 
卫星1: 21.000 3.000 0.000 49359.000 52846372028000.000 19.000 31.000 -800.900 0.060 16.000 -0.000 1868.720 1604249984.000 -9223372036854776000.000 0.000 
卫星2: 7.000 3.000 0.000 49359.000 52846370557375.000 53.000 23.900 516.441 0.931 16.000 0.000 0.000 1604812544.000 -9223372036854776000.000 0.000 
卫星3: 32.000 5.000 0.000 16399.000 387650359184342.000 92.000 20.200 318.584 1.945 16.000 0.000 0.000 1561097984.000 -9223372036854776000.000 0.000 
卫星4: 27.000 5.000 0.000 16399.000 387650360749553.000 24.000 30.100 -611.967 0.093 16.000 -0.000 1920.376 1561097984.000 -9223372036854776000.000 0.000 
卫星5: 3.000 6.000 0.000 23567.000 387664364692036.000 61.000 22.900 244.937 1.036 16.000 0.000 0.000 1575420032.000 -9223372036854776000.000 0.000 
卫星6: 5.000 6.000 0.000 23567.000 387664365542687.000 35.000 26.400 511.091 0.767 16.000 0.000 0.000 1575420032.000 -9223372036854776000.000 0.000 
卫星7: 1.000 1.000 0.000 81935.000 387664374038724.000 11.000 24.700 -576.165 0.186 16.000 -0.000 2548.255 1176450048.000 -9223372036854776000.000 0.000 
卫星8: 4.000 1.000 0.000 81935.000 387664369769073.000 4.000 35.000 582.204 0.058 16.000 -0.000 2548.255 1176450048.000 -9223372036854776000.000 0.000 
卫星9: 9.000 1.000 0.000 81935.000 387664373366012.000 9.000 26.100 387.172 0.080 16.000 -0.000 2548.255 1176450048.000 -9223372036854776000.000 0.000 
卫星10: 14.000 1.000 0.000 81935.000 387664363252163.000 9.000 26.000 -379.492 0.065 16.000 -0.000 2548.255 1176450048.000 -9223372036854776000.000 0.000 
卫星11: 5.000 6.000 0.000 81935.000 387664365549000.000 6.000 32.100 511.226 0.065 16.000 -0.000 2548.255 1176450048.000 -9223372036854776000.000 0.000 
卫星12: 27.000 5.000 0.000 16399.000 387650360755758.000 8.000 27.500 -611.991 0.079 16.000 -0.000 2548.255 1176450048.000 -9223372036854776000.000 0.000 
卫星13: 32.000 5.000 0.000 16399.000 387650359190574.000 10.000 24.900 318.611 0.119 16.000 -0.000 2548.255 1176450048.000 -9223372036854776000.000 0.000 
卫星14: 9.000 7.000 0.000 16399.000 387664317219178.000 61.000 24.100 147.711 0.872 16.000 0.000 0.000 1176450048.000 -9223372036854776000.000 0.000 

时钟数据数组: 16867012000000.000 -0.602 3.864 -1445237998436426750.000 66.000 18.000 0.000 89.314 22.269 
测量数据数组:
卫星0: 1.000 1.000 0.000 16399.000 387665374032709.000 139.000 16.000 -575.962 6.868 16.000 0.000 0.000 1575420032.000 -9223372036854776000.000 0.000 
卫星1: 4.000 1.000 0.000 16399.000 387665369759354.000 27.000 27.800 582.498 0.680 16.000 0.000 0.000 1575420032.000 -9223372036854776000.000 0.000 
卫星2: 21.000 3.000 0.000 49359.000 52847372030604.000 21.000 30.200 -801.134 0.079 16.000 -0.000 1868.720 1604249984.000 -9223372036854776000.000 0.000 
卫星3: 7.000 3.000 0.000 49359.000 52847370555585.000 53.000 23.900 516.852 0.931 16.000 0.000 0.000 1604812544.000 -9223372036854776000.000 0.000 
卫星4: 28.000 5.000 0.000 16399.000 387651372642291.000 80.000 20.800 -434.873 1.934 16.000 0.000 0.000 1561097984.000 -9223372036854776000.000 0.000 
卫星5: 27.000 5.000 0.000 16399.000 387651360751599.000 24.000 30.000 -612.273 0.093 16.000 -0.000 1920.376 1561097984.000 -9223372036854776000.000 0.000 
卫星6: 5.000 6.000 0.000 23567.000 387665365540962.000 35.000 26.300 510.948 0.767 16.000 0.000 0.000 1575420032.000 -9223372036854776000.000 0.000 
卫星7: 1.000 1.000 0.000 81935.000 387665374040647.000 11.000 24.000 -576.440 0.186 16.000 -0.000 2548.255 1176450048.000 -9223372036854776000.000 0.000 
卫星8: 4.000 1.000 0.000 81935.000 387665369767132.000 4.000 34.900 581.953 0.058 16.000 -0.000 2548.255 1176450048.000 -9223372036854776000.000 0.000 
卫星9: 9.000 1.000 0.000 81935.000 387665373364729.000 9.000 26.800 387.016 0.080 16.000 -0.000 2548.255 1176450048.000 -9223372036854776000.000 0.000 
卫星10: 14.000 1.000 0.000 81935.000 387665363253422.000 9.000 26.200 -379.768 0.065 16.000 -0.000 2548.255 1176450048.000 -9223372036854776000.000 0.000 
卫星11: 5.000 6.000 0.000 81935.000 387665365547294.000 6.000 31.800 510.987 0.065 16.000 -0.000 2548.255 1176450048.000 -9223372036854776000.000 0.000 
卫星12: 27.000 5.000 0.000 16399.000 387651360757803.000 9.000 26.300 -612.270 0.090 16.000 -0.000 2548.255 1176450048.000 -9223372036854776000.000 0.000 
卫星13: 28.000 5.000 0.000 16399.000 387651372648474.000 34.000 14.300 -433.424 8.710 16.000 0.000 0.000 1176450048.000 -9223372036854776000.000 0.000 
卫星14: 32.000 5.000 0.000 16399.000 387651359189509.000 10.000 25.200 318.310 0.119 16.000 -0.000 2548.255 1176450048.000 -9223372036854776000.000 0.000 
卫星15: 2.000 7.000 0.000 16399.000 387665316401529.000 70.000 22.400 -29.522 1.771 16.000 0.000 0.000 1176450048.000 -9223372036854776000.000 0.000 
卫星16: 9.000 7.000 0.000 16399.000 387665317218714.000 53.000 24.700 147.838 0.872 16.000 0.000 0.000 1176450048.000 -9223372036854776000.000 0.000 

时钟数据数组: 16868012000000.000 -0.452 4.334 -1445237998436426750.000 66.000 18.000 0.000 94.161 22.555 
测量数据数组:
卫星0: 4.000 1.000 0.000 16399.000 387666369757380.000 24.000 28.700 581.887 0.106 16.000 -0.000 1902.918 1575420032.000 -9223372036854776000.000 0.000 
卫星1: 21.000 3.000 0.000 49359.000 52848372033292.000 21.000 30.900 -801.146 0.079 16.000 -0.000 1868.720 1604249984.000 -9223372036854776000.000 0.000 
卫星2: 7.000 3.000 0.000 49359.000 52848370553807.000 61.000 22.900 516.824 1.012 16.000 0.000 0.000 1604812544.000 -9223372036854776000.000 0.000 
卫星3: 32.000 5.000 0.000 16399.000 387652359182224.000 80.000 21.100 318.104 1.855 16.000 0.000 0.000 1561097984.000 -9223372036854776000.000 0.000 
卫星4: 27.000 5.000 0.000 16399.000 387652360753638.000 24.000 30.200 -612.276 0.093 16.000 -0.000 1920.376 1561097984.000 -9223372036854776000.000 0.000 
卫星5: 3.000 6.000 0.000 23567.000 387666364690404.000 53.000 23.700 244.898 0.956 16.000 0.000 0.000 1575420032.000 -9223372036854776000.000 0.000 
卫星6: 5.000 6.000 0.000 23567.000 387666365539254.000 31.000 27.600 510.900 0.707 16.000 0.000 0.000 1575420032.000 -9223372036854776000.000 0.000 
卫星7: 1.000 1.000 0.000 81935.000 387666374042564.000 12.000 23.200 -576.574 0.952 16.000 0.000 0.000 1176450048.000 -9223372036854776000.000 0.000 
卫星8: 4.000 1.000 0.000 81935.000 387666369765189.000 4.000 35.300 581.907 0.058 16.000 -0.000 2548.255 1176450048.000 -9223372036854776000.000 0.000 
卫星9: 9.000 1.000 0.000 81935.000 387666373363430.000 9.000 26.300 387.035 0.080 16.000 -0.000 2548.255 1176450048.000 -9223372036854776000.000 0.000 
卫星10: 14.000 1.000 0.000 81935.000 387666363254691.000 8.000 28.100 -379.828 0.054 16.000 -0.000 2548.255 1176450048.000 -9223372036854776000.000 0.000 
卫星11: 5.000 6.000 0.000 81935.000 387666365545592.000 5.000 32.600 510.929 0.058 16.000 -0.000 2548.255 1176450048.000 -9223372036854776000.000 0.000 
卫星12: 8.000 6.000 0.000 81935.000 387666358431501.000 27.000 17.800 -176.876 3.019 16.000 0.000 0.000 1176450048.000 -9223372036854776000.000 0.000 
卫星13: 36.000 6.000 0.000 81935.000 387666362988487.000 34.000 15.000 -494.902 8.524 16.000 0.000 0.000 1176450048.000 -9223372036854776000.000 0.000 
卫星14: 27.000 5.000 0.000 16399.000 387652360759845.000 8.000 26.700 -612.296 0.082 16.000 -0.000 2548.255 1176450048.000 -9223372036854776000.000 0.000 
卫星15: 32.000 5.000 0.000 16399.000 387652359188445.000 9.000 25.700 318.288 0.089 16.000 -0.000 2548.255 1176450048.000 -9223372036854776000.000 0.000 
卫星16: 2.000 7.000 0.000 16399.000 387666316401603.000 61.000 23.600 -30.898 0.940 16.000 0.000 0.000 1176450048.000 -9223372036854776000.000 0.000 
卫星17: 9.000 7.000 0.000 16399.000 387666317218256.000 40.000 26.800 147.889 0.752 16.000 0.000 0.000 1176450048.000 -9223372036854776000.000 0.000 

时钟数据数组: 16869012000000.000 -0.512 4.223 -1445237998436426750.000 66.000 18.000 0.000 90.469 21.865 
测量数据数组:
卫星0: 4.000 1.000 0.000 16399.000 387667369755453.000 24.000 29.000 582.432 0.106 16.000 -0.000 1902.918 1575420032.000 -9223372036854776000.000 0.000 
卫星1: 21.000 3.000 0.000 49359.000 52849372035946.000 21.000 30.900 -800.546 0.079 16.000 -0.000 1868.720 1604249984.000 -9223372036854776000.000 0.000 
卫星2: 27.000 5.000 0.000 16399.000 387653360755675.000 24.000 29.300 -611.727 0.093 16.000 -0.000 1920.376 1561097984.000 -9223372036854776000.000 0.000 
卫星3: 3.000 6.000 0.000 23567.000 387667364689589.000 61.000 22.800 245.184 1.036 16.000 0.000 0.000 1575420032.000 -9223372036854776000.000 0.000 
卫星4: 5.000 6.000 0.000 23567.000 387667365537561.000 35.000 27.200 511.509 0.707 16.000 0.000 0.000 1575420032.000 -9223372036854776000.000 0.000 
卫星5: 1.000 1.000 0.000 81935.000 387667374044494.000 12.000 23.600 -576.064 0.952 16.000 0.000 0.000 1176450048.000 -9223372036854776000.000 0.000 
卫星6: 4.000 1.000 0.000 81935.000 387667369763248.000 4.000 35.200 582.434 0.058 16.000 -0.000 2548.255 1176450048.000 -9223372036854776000.000 0.000 
卫星7: 9.000 1.000 0.000 81935.000 387667373362138.000 8.000 27.300 387.581 0.071 16.000 -0.000 2548.255 1176450048.000 -9223372036854776000.000 0.000 
卫星8: 14.000 1.000 0.000 81935.000 387667363255960.000 8.000 27.300 -379.299 0.056 16.000 -0.000 2548.255 1176450048.000 -9223372036854776000.000 0.000 
卫星9: 5.000 6.000 0.000 81935.000 387667365543886.000 6.000 31.900 511.481 0.065 16.000 -0.000 2548.255 1176450048.000 -9223372036854776000.000 0.000 
卫星10: 27.000 5.000 0.000 16399.000 387653360761891.000 8.000 27.000 -611.670 0.082 16.000 -0.000 2548.255 1176450048.000 -9223372036854776000.000 0.000 
卫星11: 32.000 5.000 0.000 16399.000 387653359187386.000 10.000 24.800 318.864 0.119 16.000 -0.000 2548.255 1176450048.000 -9223372036854776000.000 0.000 
卫星12: 9.000 7.000 0.000 16399.000 387667317217753.000 46.000 25.800 148.195 0.812 16.000 0.000 0.000 1176450048.000 -9223372036854776000.000 0.000 

时钟数据数组: 16870012000000.000 -0.869 6.164 -1445237998436426750.000 66.000 18.000 0.000 95.388 22.368 
测量数据数组:
卫星0: 4.000 1.000 0.000 16399.000 387668369753476.000 27.000 28.300 582.708 0.630 16.000 0.000 0.000 1575420032.000 -9223372036854776000.000 0.000 
卫星1: 21.000 3.000 0.000 49359.000 52850372038659.000 19.000 31.000 -800.749 0.060 16.000 -0.000 1868.720 1604249984.000 -9223372036854776000.000 0.000 
卫星2: 7.000 3.000 0.000 49359.000 52850370550665.000 80.000 20.900 517.198 1.931 16.000 0.000 0.000 1604812544.000 -9223372036854776000.000 0.000 
卫星3: 32.000 5.000 0.000 16399.000 387654359180120.000 70.000 21.400 318.699 1.855 16.000 0.000 0.000 1561097984.000 -9223372036854776000.000 0.000 
卫星4: 27.000 5.000 0.000 16399.000 387654360757717.000 24.000 29.400 -611.935 0.093 16.000 -0.000 1920.376 1561097984.000 -9223372036854776000.000 0.000 
卫星5: 3.000 6.000 0.000 23567.000 387668364688753.000 70.000 21.700 245.346 1.115 16.000 0.000 0.000 1575420032.000 -9223372036854776000.000 0.000 
卫星6: 5.000 6.000 0.000 23567.000 387668365535839.000 31.000 27.300 511.272 0.707 16.000 0.000 0.000 1575420032.000 -9223372036854776000.000 0.000 
卫星7: 1.000 1.000 0.000 81935.000 387668374046414.000 11.000 24.600 -576.043 0.186 16.000 -0.000 2548.255 1176450048.000 -9223372036854776000.000 0.000 
卫星8: 4.000 1.000 0.000 81935.000 387668369761305.000 4.000 35.000 582.210 0.058 16.000 -0.000 2548.255 1176450048.000 -9223372036854776000.000 0.000 
卫星9: 9.000 1.000 0.000 81935.000 387668373360851.000 10.000 25.700 387.425 0.110 16.000 -0.000 2548.255 1176450048.000 -9223372036854776000.000 0.000 
卫星10: 14.000 1.000 0.000 81935.000 387668363257236.000 9.000 26.700 -379.568 0.065 16.000 -0.000 2548.255 1176450048.000 -9223372036854776000.000 0.000 
卫星11: 5.000 6.000 0.000 81935.000 387668365542182.000 6.000 31.800 511.256 0.065 16.000 -0.000 2548.255 1176450048.000 -9223372036854776000.000 0.000 
卫星12: 27.000 5.000 0.000 16399.000 387654360763934.000 10.000 25.400 -611.942 0.121 16.000 -0.000 2548.255 1176450048.000 -9223372036854776000.000 0.000 
卫星13: 32.000 5.000 0.000 16399.000 387654359186328.000 9.000 26.200 318.621 0.089 16.000 -0.000 2548.255 1176450048.000 -9223372036854776000.000 0.000 
卫星14: 2.000 7.000 0.000 16399.000 387668316401808.000 80.000 21.600 -29.509 1.850 16.000 0.000 0.000 1176450048.000 -9223372036854776000.000 0.000 
卫星15: 9.000 7.000 0.000 16399.000 387668317217212.000 61.000 23.500 148.170 0.942 16.000 0.000 0.000 1176450048.000 -9223372036854776000.000 0.000 

时钟数据数组: 16871012000000.000 -0.352 6.312 -1445237998436426750.000 66.000 18.000 0.000 96.510 22.491 
测量数据数组:
卫星0: 4.000 1.000 0.000 16399.000 387669369751557.000 27.000 28.500 582.536 0.630 16.000 0.000 0.000 1575420032.000 -9223372036854776000.000 0.000 
卫星1: 21.000 3.000 0.000 49359.000 52851372041374.000 21.000 30.700 -800.476 0.079 16.000 -0.000 1868.720 1604249984.000 -9223372036854776000.000 0.000 
卫星2: 28.000 5.000 0.000 16399.000 387655372648023.000 106.000 19.200 -432.588 3.525 16.000 0.000 0.000 1561097984.000 -9223372036854776000.000 0.000 
卫星3: 27.000 5.000 0.000 16399.000 387655360759758.000 24.000 29.700 -611.683 0.093 16.000 -0.000 1920.376 1561097984.000 -9223372036854776000.000 0.000 
卫星4: 5.000 6.000 0.000 23567.000 387669365534134.000 35.000 26.600 511.509 0.767 16.000 0.000 0.000 1575420032.000 -9223372036854776000.000 0.000 
卫星5: 1.000 1.000 0.000 81935.000 387669374048335.000 10.000 25.000 -575.750 0.112 16.000 -0.000 2548.255 1176450048.000 -9223372036854776000.000 0.000 
卫星6: 4.000 1.000 0.000 81935.000 387669369759365.000 4.000 35.100 582.420 0.058 16.000 -0.000 2548.255 1176450048.000 -9223372036854776000.000 0.000 
卫星7: 9.000 1.000 0.000 81935.000 387669373359554.000 9.000 26.700 387.701 0.080 16.000 -0.000 2548.255 1176450048.000 -9223372036854776000.000 0.000 
卫星8: 14.000 1.000 0.000 81935.000 387669363258492.000 8.000 27.100 -379.332 0.056 16.000 -0.000 2548.255 1176450048.000 -9223372036854776000.000 0.000 
卫星9: 5.000 6.000 0.000 81935.000 387669365540478.000 6.000 32.000 511.479 0.065 16.000 -0.000 2548.255 1176450048.000 -9223372036854776000.000 0.000 
卫星10: 8.000 6.000 0.000 81935.000 387669358433273.000 27.000 17.700 -176.163 3.019 16.000 0.000 0.000 1176450048.000 -9223372036854776000.000 0.000 
卫星11: 27.000 5.000 0.000 16399.000 387655360765971.000 8.000 27.700 -611.646 0.079 16.000 -0.000 2548.255 1176450048.000 -9223372036854776000.000 0.000 
卫星12: 28.000 5.000 0.000 16399.000 387655372654254.000 30.000 16.300 -432.800 3.940 16.000 0.000 0.000 1176450048.000 -9223372036854776000.000 0.000 
卫星13: 32.000 5.000 0.000 16399.000 387655359185266.000 11.000 24.300 318.954 0.193 16.000 -0.000 2548.255 1176450048.000 -9223372036854776000.000 0.000 
卫星14: 9.000 7.000 0.000 16399.000 387669317216768.000 53.000 24.300 147.800 0.872 16.000 0.000 0.000 1176450048.000 -9223372036854776000.000 0.000 

时钟数据数组: 16872012000000.000 -0.193 6.663 -1445237998436426750.000 66.000 18.000 0.000 93.255 22.694 
测量数据数组:
卫星0: 4.000 1.000 0.000 16399.000 387670369749592.000 24.000 28.700 582.278 0.106 16.000 -0.000 1902.918 1575420032.000 -9223372036854776000.000 0.000 
卫星1: 21.000 3.000 0.000 49359.000 52852372043968.000 21.000 30.800 -800.556 0.079 16.000 -0.000 1868.720 1604249984.000 -9223372036854776000.000 0.000 
卫星2: 7.000 3.000 0.000 49359.000 52852370546951.000 70.000 21.900 518.197 1.842 16.000 0.000 0.000 1604812544.000 -9223372036854776000.000 0.000 
卫星3: 8.000 3.000 0.000 49359.000 52852369832511.000 139.000 16.300 180.627 7.610 16.000 0.000 0.000 1605374976.000 -9223372036854776000.000 0.000 
卫星4: 32.000 5.000 0.000 16399.000 387656359177992.000 80.000 21.100 318.267 1.855 16.000 0.000 0.000 1561097984.000 -9223372036854776000.000 0.000 
卫星5: 27.000 5.000 0.000 16399.000 387656360761806.000 24.000 30.100 -611.813 0.093 16.000 -0.000 1920.376 1561097984.000 -9223372036854776000.000 0.000 
卫星6: 3.000 6.000 0.000 23567.000 387670364687125.000 61.000 22.600 245.184 1.036 16.000 0.000 0.000 1575420032.000 -9223372036854776000.000 0.000 
卫星7: 5.000 6.000 0.000 23567.000 387670365532446.000 31.000 27.800 511.214 0.707 16.000 0.000 0.000 1575420032.000 -9223372036854776000.000 0.000 
卫星8: 1.000 1.000 0.000 81935.000 387670374050247.000 11.000 24.200 -575.881 0.186 16.000 -0.000 2548.255 1176450048.000 -9223372036854776000.000 0.000 
卫星9: 4.000 1.000 0.000 81935.000 387670369757423.000 4.000 35.300 582.259 0.058 16.000 -0.000 2548.255 1176450048.000 -9223372036854776000.000 0.000 
卫星10: 9.000 1.000 0.000 81935.000 387670373358264.000 8.000 27.400 387.612 0.071 16.000 -0.000 2548.255 1176450048.000 -9223372036854776000.000 0.000 
卫星11: 14.000 1.000 0.000 81935.000 387670363259759.000 8.000 27.000 -379.521 0.056 16.000 -0.000 2548.255 1176450048.000 -9223372036854776000.000 0.000 
卫星12: 5.000 6.000 0.000 81935.000 387670365538770.000 5.000 32.900 511.300 0.058 16.000 -0.000 2548.255 1176450048.000 -9223372036854776000.000 0.000 
卫星13: 27.000 5.000 0.000 16399.000 387656360768016.000 8.000 26.800 -611.810 0.082 16.000 -0.000 2548.255 1176450048.000 -9223372036854776000.000 0.000 
卫星14: 32.000 5.000 0.000 16399.000 387656359184204.000 10.000 24.900 318.676 0.119 16.000 -0.000 2548.255 1176450048.000 -9223372036854776000.000 0.000 
卫星15: 2.000 7.000 0.000 16399.000 387670316402072.000 70.000 22.800 -28.974 1.771 16.000 0.000 0.000 1176450048.000 -9223372036854776000.000 0.000 
卫星16: 9.000 7.000 0.000 16399.000 387670317216192.000 61.000 24.100 148.667 0.872 16.000 0.000 0.000 1176450048.000 -9223372036854776000.000 0.000 

时钟数据数组: 16873012000000.000 -0.663 7.236 -1445237998436426750.000 66.000 18.000 0.000 95.669 21.503 
测量数据数组:
卫星0: 2.000 1.000 0.000 16399.000 387671379402950.000 181.000 12.900 -199.190 10.465 16.000 0.000 0.000 1575420032.000 -9223372036854776000.000 0.000 
卫星1: 4.000 1.000 0.000 16399.000 387671369747622.000 27.000 27.900 582.337 0.680 16.000 0.000 0.000 1575420032.000 -9223372036854776000.000 0.000 
卫星2: 21.000 3.000 0.000 49359.000 52853372046706.000 21.000 30.600 -800.432 0.079 16.000 -0.000 1868.720 1604249984.000 -9223372036854776000.000 0.000 
卫星3: 27.000 5.000 0.000 16399.000 387657360763868.000 27.000 29.000 -611.953 0.576 16.000 0.000 0.000 1561097984.000 -9223372036854776000.000 0.000 
卫星4: 3.000 6.000 0.000 23567.000 387671364686290.000 70.000 21.900 245.660 1.115 16.000 0.000 0.000 1575420032.000 -9223372036854776000.000 0.000 
卫星5: 5.000 6.000 0.000 23567.000 387671365530732.000 35.000 26.600 511.386 0.767 16.000 0.000 0.000 1575420032.000 -9223372036854776000.000 0.000 
卫星6: 36.000 6.000 0.000 23567.000 387671362990465.000 70.000 21.800 -494.811 1.118 16.000 0.000 0.000 1575420032.000 -9223372036854776000.000 0.000 
卫星7: 1.000 1.000 0.000 81935.000 387671374052167.000 10.000 25.200 -575.719 0.112 16.000 -0.000 2548.255 1176450048.000 -9223372036854776000.000 0.000 
卫星8: 4.000 1.000 0.000 81935.000 387671369755479.000 4.000 34.900 582.379 0.058 16.000 -0.000 2548.255 1176450048.000 -9223372036854776000.000 0.000 
卫星9: 9.000 1.000 0.000 81935.000 387671373356968.000 8.000 26.900 387.809 0.071 16.000 -0.000 2548.255 1176450048.000 -9223372036854776000.000 0.000 
卫星10: 14.000 1.000 0.000 81935.000 387671363261024.000 8.000 28.000 -379.384 0.054 16.000 -0.000 2548.255 1176450048.000 -9223372036854776000.000 0.000 
卫星11: 5.000 6.000 0.000 81935.000 387671365537062.000 6.000 32.200 511.464 0.065 16.000 -0.000 2548.255 1176450048.000 -9223372036854776000.000 0.000 
卫星12: 8.000 6.000 0.000 81935.000 387671358434437.000 23.000 18.900 -175.870 2.119 16.000 0.000 0.000 1176450048.000 -9223372036854776000.000 0.000 
卫星13: 27.000 5.000 0.000 16399.000 387657360770058.000 10.000 25.400 -611.675 0.121 16.000 -0.000 2548.255 1176450048.000 -9223372036854776000.000 0.000 
卫星14: 32.000 5.000 0.000 16399.000 387657359183144.000 9.000 25.600 318.914 0.089 16.000 -0.000 2548.255 1176450048.000 -9223372036854776000.000 0.000 

时钟数据数组: 16874012000000.000 -0.758 7.253 -1445237998436426750.000 66.000 18.000 0.000 99.578 22.522 
测量数据数组:
卫星0: 4.000 1.000 0.000 16399.000 387672369745733.000 27.000 28.200 582.175 0.630 16.000 0.000 0.000 1575420032.000 -9223372036854776000.000 0.000 
卫星1: 21.000 3.000 0.000 49359.000 52854372049406.000 19.000 31.000 -800.494 0.060 16.000 -0.000 1868.720 1604249984.000 -9223372036854776000.000 0.000 
卫星2: 7.000 3.000 0.000 49359.000 52854370543589.000 80.000 20.200 517.216 1.931 16.000 0.000 0.000 1604812544.000 -9223372036854776000.000 0.000 
卫星3: 32.000 5.000 0.000 16399.000 387658359175937.000 80.000 20.900 318.277 1.945 16.000 0.000 0.000 1561097984.000 -9223372036854776000.000 0.000 
卫星4: 27.000 5.000 0.000 16399.000 387658360765887.000 27.000 28.500 -611.761 0.617 16.000 0.000 0.000 1561097984.000 -9223372036854776000.000 0.000 
卫星5: 3.000 6.000 0.000 23567.000 387672364685529.000 70.000 21.400 245.270 1.115 16.000 0.000 0.000 1575420032.000 -9223372036854776000.000 0.000 
卫星6: 5.000 6.000 0.000 23567.000 387672365529012.000 31.000 27.400 511.119 0.707 16.000 0.000 0.000 1575420032.000 -9223372036854776000.000 0.000 
卫星7: 36.000 6.000 0.000 23567.000 387672362992128.000 61.000 22.300 -495.030 1.039 16.000 0.000 0.000 1575420032.000 -9223372036854776000.000 0.000 
卫星8: 1.000 1.000 0.000 81935.000 387672374054084.000 12.000 23.500 -575.899 0.952 16.000 0.000 0.000 1176450048.000 -9223372036854776000.000 0.000 
卫星9: 4.000 1.000 0.000 81935.000 387672369753536.000 4.000 35.200 582.166 0.058 16.000 -0.000 2548.255 1176450048.000 -9223372036854776000.000 0.000 
卫星10: 9.000 1.000 0.000 81935.000 387672373355670.000 8.000 27.200 387.597 0.071 16.000 -0.000 2548.255 1176450048.000 -9223372036854776000.000 0.000 
卫星11: 14.000 1.000 0.000 81935.000 387672363262283.000 8.000 28.200 -379.669 0.054 16.000 -0.000 2548.255 1176450048.000 -9223372036854776000.000 0.000 
卫星12: 5.000 6.000 0.000 81935.000 387672365535361.000 6.000 31.700 511.254 0.065 16.000 -0.000 2548.255 1176450048.000 -9223372036854776000.000 0.000 
卫星13: 27.000 5.000 0.000 16399.000 387658360772099.000 9.000 26.000 -611.893 0.120 16.000 -0.000 2548.255 1176450048.000 -9223372036854776000.000 0.000 
卫星14: 32.000 5.000 0.000 16399.000 387658359182078.000 10.000 25.100 318.651 0.149 16.000 -0.000 2548.255 1176450048.000 -9223372036854776000.000 0.000 
卫星15: 2.000 7.000 0.000 16399.000 387672316402196.000 70.000 22.500 -29.840 1.771 16.000 0.000 0.000 1176450048.000 -9223372036854776000.000 0.000 
卫星16: 9.000 7.000 0.000 16399.000 387672317215225.000 61.000 23.900 146.934 1.692 16.000 0.000 0.000 1176450048.000 -9223372036854776000.000 0.000 

时钟数据数组: 16875012000000.000 -0.265 6.894 -1445237998436426750.000 66.000 18.000 0.000 96.963 23.810 
测量数据数组:
卫星0: 4.000 1.000 0.000 16399.000 387673369743805.000 21.000 29.700 582.508 0.074 16.000 -0.000 1902.918 1575420032.000 -9223372036854776000.000 0.000 
卫星1: 21.000 3.000 0.000 49359.000 52855372052133.000 21.000 30.900 -800.202 0.079 16.000 -0.000 1868.720 1604249984.000 -9223372036854776000.000 0.000 
卫星2: 27.000 5.000 0.000 16399.000 387659360767947.000 24.000 30.100 -611.520 0.093 16.000 -0.000 1920.376 1561097984.000 -9223372036854776000.000 0.000 
卫星3: 3.000 6.000 0.000 23567.000 387673364684686.000 61.000 22.500 245.888 1.036 16.000 0.000 0.000 1575420032.000 -9223372036854776000.000 0.000 
卫星4: 5.000 6.000 0.000 23567.000 387673365527314.000 27.000 28.500 511.576 0.657 16.000 0.000 0.000 1575420032.000 -9223372036854776000.000 0.000 
卫星5: 1.000 1.000 0.000 81935.000 387673374056013.000 10.000 25.300 -575.511 0.112 16.000 -0.000 2548.255 1176450048.000 -9223372036854776000.000 0.000 
卫星6: 4.000 1.000 0.000 81935.000 387673369751595.000 4.000 35.800 582.520 0.058 16.000 -0.000 2548.255 1176450048.000 -9223372036854776000.000 0.000 
卫星7: 9.000 1.000 0.000 81935.000 387673373354379.000 8.000 27.500 388.057 0.071 16.000 -0.000 2548.255 1176450048.000 -9223372036854776000.000 0.000 
卫星8: 14.000 1.000 0.000 81935.000 387673363263560.000 7.000 29.100 -379.310 0.052 16.000 -0.000 2548.255 1176450048.000 -9223372036854776000.000 0.000 
卫星9: 5.000 6.000 0.000 81935.000 387673365533650.000 6.000 32.100 511.566 0.065 16.000 -0.000 2548.255 1176450048.000 -9223372036854776000.000 0.000 
卫星10: 8.000 6.000 0.000 81935.000 387673358435621.000 20.000 19.500 -175.602 2.019 16.000 0.000 0.000 1176450048.000 -9223372036854776000.000 0.000 
卫星11: 27.000 5.000 0.000 16399.000 387659360774138.000 8.000 26.500 -611.538 0.082 16.000 -0.000 2548.255 1176450048.000 -9223372036854776000.000 0.000 
卫星12: 32.000 5.000 0.000 16399.000 387659359181014.000 9.000 25.500 318.957 0.089 16.000 -0.000 2548.255 1176450048.000 -9223372036854776000.000 0.000 
卫星13: 2.000 7.000 0.000 16399.000 387673316402318.000 53.000 24.500 -30.758 0.870 16.000 0.000 0.000 1176450048.000 -9223372036854776000.000 0.000 
卫星14: 9.000 7.000 0.000 16399.000 387673317214751.000 53.000 24.700 148.055 0.872 16.000 0.000 0.000 1176450048.000 -9223372036854776000.000 0.000 

时钟数据数组: 16876012000000.000 -0.060 5.782 -1445237998436426750.000 66.000 18.000 0.000 101.971 22.016 
测量数据数组:
卫星0: 4.000 1.000 0.000 16399.000 387674369741846.000 31.000 27.500 582.946 0.680 16.000 0.000 0.000 1575420032.000 -9223372036854776000.000 0.000 
卫星1: 21.000 3.000 0.000 49359.000 52856372054703.000 21.000 30.600 -800.218 0.079 16.000 -0.000 1868.720 1604249984.000 -9223372036854776000.000 0.000 
卫星2: 7.000 3.000 0.000 49359.000 52856370540322.000 80.000 20.400 518.748 1.931 16.000 0.000 0.000 1604812544.000 -9223372036854776000.000 0.000 
卫星3: 27.000 5.000 0.000 16399.000 387660360769983.000 31.000 28.100 -611.972 0.617 16.000 0.000 0.000 1561097984.000 -9223372036854776000.000 0.000 
卫星4: 3.000 6.000 0.000 23567.000 387674364683869.000 61.000 22.700 245.802 1.036 16.000 0.000 0.000 1575420032.000 -9223372036854776000.000 0.000 
卫星5: 5.000 6.000 0.000 23567.000 387674365525615.000 31.000 27.700 511.566 0.707 16.000 0.000 0.000 1575420032.000 -9223372036854776000.000 0.000 
卫星6: 1.000 1.000 0.000 81935.000 387674374057938.000 10.000 25.400 -575.537 0.112 16.000 -0.000 2548.255 1176450048.000 -9223372036854776000.000 0.000 
卫星7: 4.000 1.000 0.000 81935.000 387674369749651.000 4.000 34.700 582.437 0.060 16.000 -0.000 2548.255 1176450048.000 -9223372036854776000.000 0.000 
卫星8: 9.000 1.000 0.000 81935.000 387674373353093.000 8.000 27.300 388.028 0.071 16.000 -0.000 2548.255 1176450048.000 -9223372036854776000.000 0.000 
卫星9: 14.000 1.000 0.000 81935.000 387674363264817.000 8.000 28.300 -379.390 0.054 16.000 -0.000 2548.255 1176450048.000 -9223372036854776000.000 0.000 
卫星10: 5.000 6.000 0.000 81935.000 387674365531941.000 6.000 32.000 511.544 0.065 16.000 -0.000 2548.255 1176450048.000 -9223372036854776000.000 0.000 
卫星11: 27.000 5.000 0.000 16399.000 387660360776178.000 10.000 24.900 -611.627 0.121 16.000 -0.000 2548.255 1176450048.000 -9223372036854776000.000 0.000 
卫星12: 32.000 5.000 0.000 16399.000 387660359179955.000 10.000 25.200 318.902 0.119 16.000 -0.000 2548.255 1176450048.000 -9223372036854776000.000 0.000 
卫星13: 9.000 7.000 0.000 16399.000 387674317214280.000 53.000 24.500 149.864 0.872 16.000 0.000 0.000 1176450048.000 -9223372036854776000.000 0.000 

时钟数据数组: 16877012000000.000 -0.887 7.624 -1445237998436426750.000 66.000 18.000 0.000 101.274 22.653 
测量数据数组:
卫星0: 4.000 1.000 0.000 16399.000 387675369739869.000 27.000 28.200 582.489 0.630 16.000 0.000 0.000 1575420032.000 -9223372036854776000.000 0.000 
卫星1: 21.000 3.000 0.000 49359.000 52857372057406.000 19.000 31.000 -800.208 0.060 16.000 -0.000 1868.720 1604249984.000 -9223372036854776000.000 0.000 
卫星2: 32.000 5.000 0.000 16399.000 387661359172656.000 80.000 21.100 319.928 2.605 16.000 0.000 0.000 1561097984.000 -9223372036854776000.000 0.000 
卫星3: 27.000 5.000 0.000 16399.000 387661360772009.000 27.000 29.000 -611.713 0.576 16.000 0.000 0.000 1561097984.000 -9223372036854776000.000 0.000 
卫星4: 3.000 6.000 0.000 23567.000 387675364683071.000 70.000 22.200 245.897 1.036 16.000 0.000 0.000 1575420032.000 -9223372036854776000.000 0.000 
卫星5: 5.000 6.000 0.000 23567.000 387675365523901.000 31.000 27.600 511.557 0.707 16.000 0.000 0.000 1575420032.000 -9223372036854776000.000 0.000 
卫星6: 36.000 6.000 0.000 23567.000 387675362997089.000 80.000 20.500 -494.735 1.209 16.000 0.000 0.000 1575420032.000 -9223372036854776000.000 0.000 
卫星7: 1.000 1.000 0.000 81935.000 387675374059854.000 11.000 24.800 -575.511 0.186 16.000 -0.000 2548.255 1176450048.000 -9223372036854776000.000 0.000 
卫星8: 4.000 1.000 0.000 81935.000 387675369747708.000 4.000 34.700 582.467 0.060 16.000 -0.000 2548.255 1176450048.000 -9223372036854776000.000 0.000 
卫星9: 9.000 1.000 0.000 81935.000 387675373351792.000 8.000 27.400 388.077 0.071 16.000 -0.000 2548.255 1176450048.000 -9223372036854776000.000 0.000 
卫星10: 14.000 1.000 0.000 81935.000 387675363266092.000 7.000 29.300 -379.410 0.052 16.000 -0.000 2548.255 1176450048.000 -9223372036854776000.000 0.000 
卫星11: 5.000 6.000 0.000 81935.000 387675365530240.000 6.000 31.900 511.531 0.065 16.000 -0.000 2548.255 1176450048.000 -9223372036854776000.000 0.000 
卫星12: 27.000 5.000 0.000 16399.000 387661360778211.000 9.000 25.500 -611.588 0.090 16.000 -0.000 2548.255 1176450048.000 -9223372036854776000.000 0.000 
卫星13: 32.000 5.000 0.000 16399.000 387661359178892.000 9.000 25.800 318.920 0.089 16.000 -0.000 2548.255 1176450048.000 -9223372036854776000.000 0.000 
卫星14: 2.000 7.000 0.000 16399.000 387675316402561.000 80.000 21.500 -30.720 1.850 16.000 0.000 0.000 1176450048.000 -9223372036854776000.000 0.000 

时钟数据数组: 16878012000000.000 -0.344 7.411 -1445237998436426750.000 66.000 18.000 0.000 101.195 23.957 
测量数据数组:
卫星0: 4.000 1.000 0.000 16399.000 387676369737988.000 27.000 27.900 582.765 0.680 16.000 0.000 0.000 1575420032.000 -9223372036854776000.000 0.000 
卫星1: 21.000 3.000 0.000 49359.000 52858372060047.000 21.000 30.500 -800.016 0.079 16.000 -0.000 1868.720 1604249984.000 -9223372036854776000.000 0.000 
卫星2: 8.000 3.000 0.000 49359.000 52858369829210.000 122.000 17.800 182.588 5.240 16.000 0.000 0.000 1605374976.000 -9223372036854776000.000 0.000 
卫星3: 27.000 5.000 0.000 16399.000 387662360774013.000 24.000 29.500 -611.410 0.093 16.000 -0.000 1920.376 1561097984.000 -9223372036854776000.000 0.000 
卫星4: 3.000 6.000 0.000 23567.000 387676364682261.000 61.000 22.900 246.088 1.036 16.000 0.000 0.000 1575420032.000 -9223372036854776000.000 0.000 
卫星5: 5.000 6.000 0.000 23567.000 387676365522190.000 31.000 28.000 511.652 0.657 16.000 0.000 0.000 1575420032.000 -9223372036854776000.000 0.000 
卫星6: 36.000 6.000 0.000 23567.000 387676362998664.000 80.000 21.200 -494.231 1.118 16.000 0.000 0.000 1575420032.000 -9223372036854776000.000 0.000 
卫星7: 1.000 1.000 0.000 81935.000 387676374061771.000 12.000 23.000 -575.389 0.952 16.000 0.000 0.000 1176450048.000 -9223372036854776000.000 0.000 
卫星8: 4.000 1.000 0.000 81935.000 387676369745767.000 4.000 35.200 582.594 0.058 16.000 -0.000 2548.255 1176450048.000 -9223372036854776000.000 0.000 
卫星9: 9.000 1.000 0.000 81935.000 387676373350503.000 8.000 27.200 388.334 0.071 16.000 -0.000 2548.255 1176450048.000 -9223372036854776000.000 0.000 
卫星10: 14.000 1.000 0.000 81935.000 387676363267350.000 8.000 28.800 -379.261 0.054 16.000 -0.000 2548.255 1176450048.000 -9223372036854776000.000 0.000 
卫星11: 5.000 6.000 0.000 81935.000 387676365528530.000 5.000 32.300 511.688 0.058 16.000 -0.000 2548.255 1176450048.000 -9223372036854776000.000 0.000 
卫星12: 8.000 6.000 0.000 81935.000 387676358437365.000 27.000 18.200 -175.385 2.898 16.000 0.000 0.000 1176450048.000 -9223372036854776000.000 0.000 
卫星13: 27.000 5.000 0.000 16399.000 387662360780258.000 9.000 25.600 -611.374 0.090 16.000 -0.000 2548.255 1176450048.000 -9223372036854776000.000 0.000 
卫星14: 28.000 5.000 0.000 16399.000 387662372664357.000 34.000 13.800 -432.443 6.590 16.000 0.000 0.000 1176450048.000 -9223372036854776000.000 0.000 
卫星15: 32.000 5.000 0.000 16399.000 387662359177817.000 9.000 25.700 319.147 0.089 16.000 -0.000 2548.255 1176450048.000 -9223372036854776000.000 0.000 
卫星16: 9.000 7.000 0.000 16399.000 387676317213323.000 61.000 23.300 147.431 1.692 16.000 0.000 0.000 1176450048.000 -9223372036854776000.000 0.000 

时钟数据数组: 16879012000000.000 -0.062 7.510 -1445237998436426750.000 66.000 18.000 0.000 101.955 22.912 
测量数据数组:
卫星0: 4.000 1.000 0.000 16399.000 387677369736013.000 27.000 28.000 582.641 0.630 16.000 0.000 0.000 1575420032.000 -9223372036854776000.000 0.000 
卫星1: 21.000 3.000 0.000 49359.000 52859372062691.000 21.000 30.800 -799.861 0.079 16.000 -0.000 1868.720 1604249984.000 -9223372036854776000.000 0.000 
卫星2: 27.000 5.000 0.000 16399.000 387663360776087.000 24.000 29.300 -611.282 0.093 16.000 -0.000 1920.376 1561097984.000 -9223372036854776000.000 0.000 
卫星3: 3.000 6.000 0.000 23567.000 387677364681413.000 61.000 23.200 246.335 0.956 16.000 0.000 0.000 1575420032.000 -9223372036854776000.000 0.000 
卫星4: 5.000 6.000 0.000 23567.000 387677365520479.000 31.000 27.900 511.757 0.707 16.000 0.000 0.000 1575420032.000 -9223372036854776000.000 0.000 
卫星5: 1.000 1.000 0.000 81935.000 387677374063698.000 12.000 23.500 -575.300 0.952 16.000 0.000 0.000 1176450048.000 -9223372036854776000.000 0.000 
卫星6: 4.000 1.000 0.000 81935.000 387677369743822.000 4.000 35.200 582.699 0.058 16.000 -0.000 2548.255 1176450048.000 -9223372036854776000.000 0.000 
卫星7: 9.000 1.000 0.000 81935.000 387677373349205.000 9.000 26.300 388.510 0.080 16.000 -0.000 2548.255 1176450048.000 -9223372036854776000.000 0.000 
卫星8: 14.000 1.000 0.000 81935.000 387677363268615.000 8.000 28.800 -379.154 0.054 16.000 -0.000 2548.255 1176450048.000 -9223372036854776000.000 0.000 
卫星9: 5.000 6.000 0.000 81935.000 387677365526824.000 6.000 31.800 511.808 0.065 16.000 -0.000 2548.255 1176450048.000 -9223372036854776000.000 0.000 
卫星10: 36.000 6.000 0.000 81935.000 387677363006631.000 34.000 14.000 -494.889 9.385 16.000 0.000 0.000 1176450048.000 -9223372036854776000.000 0.000 
卫星11: 27.000 5.000 0.000 16399.000 387663360782293.000 9.000 26.000 -611.236 0.090 16.000 -0.000 2548.255 1176450048.000 -9223372036854776000.000 0.000 
卫星12: 32.000 5.000 0.000 16399.000 387663359176755.000 10.000 24.900 319.222 0.119 16.000 -0.000 2548.255 1176450048.000 -9223372036854776000.000 0.000 
卫星13: 2.000 7.000 0.000 16399.000 387677316402673.000 70.000 22.900 -28.515 1.771 16.000 0.000 0.000 1176450048.000 -9223372036854776000.000 0.000 
卫星14: 9.000 7.000 0.000 16399.000 387677317212731.000 61.000 23.600 148.845 0.942 16.000 0.000 0.000 1176450048.000 -9223372036854776000.000 0.000 

时钟数据数组: 16880012000000.000 -0.121 8.857 -1445237998436426750.000 66.000 18.000 0.000 103.752 22.628 
测量数据数组:
卫星0: 4.000 1.000 0.000 16399.000 387678369734092.000 31.000 27.100 582.413 0.680 16.000 0.000 0.000 1575420032.000 -9223372036854776000.000 0.000 
卫星1: 21.000 3.000 0.000 49359.000 52860372065368.000 19.000 31.100 -799.962 0.060 16.000 -0.000 1868.720 1604249984.000 -9223372036854776000.000 0.000 
卫星2: 32.000 5.000 0.000 16399.000 387664359169493.000 92.000 20.100 318.622 2.695 16.000 0.000 0.000 1561097984.000 -9223372036854776000.000 0.000 
卫星3: 27.000 5.000 0.000 16399.000 387664360778122.000 31.000 28.100 -611.790 0.617 16.000 0.000 0.000 1561097984.000 -9223372036854776000.000 0.000 
卫星4: 3.000 6.000 0.000 23567.000 387678364680631.000 61.000 23.000 246.288 0.956 16.000 0.000 0.000 1575420032.000 -9223372036854776000.000 0.000 
卫星5: 5.000 6.000 0.000 23567.000 387678365518783.000 31.000 27.600 511.509 0.707 16.000 0.000 0.000 1575420032.000 -9223372036854776000.000 0.000 
卫星6: 1.000 1.000 0.000 81935.000 387678374065612.000 12.000 23.200 -575.313 0.952 16.000 0.000 0.000 1176450048.000 -9223372036854776000.000 0.000 
卫星7: 4.000 1.000 0.000 81935.000 387678369741880.000 4.000 35.100 582.570 0.058 16.000 -0.000 2548.255 1176450048.000 -9223372036854776000.000 0.000 
卫星8: 9.000 1.000 0.000 81935.000 387678373347910.000 9.000 26.100 388.373 0.080 16.000 -0.000 2548.255 1176450048.000 -9223372036854776000.000 0.000 
卫星9: 14.000 1.000 0.000 81935.000 387678363269884.000 7.000 29.000 -379.345 0.052 16.000 -0.000 2548.255 1176450048.000 -9223372036854776000.000 0.000 
卫星10: 5.000 6.000 0.000 81935.000 387678365525120.000 6.000 31.300 511.694 0.065 16.000 -0.000 2548.255 1176450048.000 -9223372036854776000.000 0.000 
卫星11: 8.000 6.000 0.000 81935.000 387678358438536.000 18.000 20.700 -174.939 1.988 16.000 0.000 0.000 1176450048.000 -9223372036854776000.000 0.000 
卫星12: 27.000 5.000 0.000 16399.000 387664360784326.000 9.000 25.500 -611.424 0.090 16.000 -0.000 2548.255 1176450048.000 -9223372036854776000.000 0.000 
卫星13: 32.000 5.000 0.000 16399.000 387664359175691.000 9.000 25.900 319.094 0.089 16.000 -0.000 2548.255 1176450048.000 -9223372036854776000.000 0.000 
卫星14: 9.000 7.000 0.000 16399.000 387678317212330.000 53.000 24.300 148.845 0.872 16.000 0.000 0.000 1176450048.000 -9223372036854776000.000 0.000 

时钟数据数组: 16881012000000.000 -0.671 8.402 -1445237998436426750.000 66.000 18.000 0.000 100.017 22.844 
测量数据数组:
卫星0: 4.000 1.000 0.000 16399.000 387679369732151.000 31.000 27.100 582.822 0.680 16.000 0.000 0.000 1575420032.000 -9223372036854776000.000 0.000 
卫星1: 21.000 3.000 0.000 49359.000 52861372068078.000 21.000 30.400 -799.670 0.079 16.000 -0.000 1868.720 1604249984.000 -9223372036854776000.000 0.000 
卫星2: 27.000 5.000 0.000 16399.000 387665360780182.000 27.000 29.100 -610.762 0.576 16.000 0.000 0.000 1561097984.000 -9223372036854776000.000 0.000 
卫星3: 3.000 6.000 0.000 23567.000 387679364679773.000 70.000 21.800 246.354 1.115 16.000 0.000 0.000 1575420032.000 -9223372036854776000.000 0.000 
卫星4: 5.000 6.000 0.000 23567.000 387679365517072.000 31.000 27.900 511.947 0.707 16.000 0.000 0.000 1575420032.000 -9223372036854776000.000 0.000 
卫星5: 36.000 6.000 0.000 23567.000 387679363003678.000 92.000 19.900 -494.202 1.300 16.000 0.000 0.000 1575420032.000 -9223372036854776000.000 0.000 
卫星6: 1.000 1.000 0.000 81935.000 387679374067527.000 12.000 23.100 -575.109 0.952 16.000 0.000 0.000 1176450048.000 -9223372036854776000.000 0.000 
卫星7: 4.000 1.000 0.000 81935.000 387679369739937.000 4.000 35.100 582.818 0.058 16.000 -0.000 2548.255 1176450048.000 -9223372036854776000.000 0.000 
卫星8: 9.000 1.000 0.000 81935.000 387679373346615.000 8.000 27.500 388.703 0.071 16.000 -0.000 2548.255 1176450048.000 -9223372036854776000.000 0.000 
卫星9: 14.000 1.000 0.000 81935.000 387679363271151.000 8.000 28.800 -379.072 0.054 16.000 -0.000 2548.255 1176450048.000 -9223372036854776000.000 0.000 
卫星10: 5.000 6.000 0.000 81935.000 387679365523411.000 6.000 31.200 511.917 0.077 16.000 -0.000 2548.255 1176450048.000 -9223372036854776000.000 0.000 
卫星11: 27.000 5.000 0.000 16399.000 387665360786376.000 9.000 26.300 -611.143 0.090 16.000 -0.000 2548.255 1176450048.000 -9223372036854776000.000 0.000 
卫星12: 32.000 5.000 0.000 16399.000 387665359174630.000 9.000 25.600 319.319 0.119 16.000 -0.000 2548.255 1176450048.000 -9223372036854776000.000 0.000 
卫星13: 2.000 7.000 0.000 16399.000 387679316402915.000 70.000 22.400 -30.121 1.771 16.000 0.000 0.000 1176450048.000 -9223372036854776000.000 0.000 
卫星14: 9.000 7.000 0.000 16399.000 387679317211863.000 53.000 25.100 147.966 0.812 16.000 0.000 0.000 1176450048.000 -9223372036854776000.000 0.000 

时钟数据数组: 16882012000000.000 -0.085 7.559 -1445237998436426750.000 66.000 18.000 0.000 99.851 22.491 
测量数据数组:
卫星0: 4.000 1.000 0.000 16399.000 387680369730231.000 31.000 27.300 582.613 0.680 16.000 0.000 0.000 1575420032.000 -9223372036854776000.000 0.000 
卫星1: 21.000 3.000 0.000 49359.000 52862372070695.000 21.000 30.800 -799.537 0.079 16.000 -0.000 1868.720 1604249984.000 -9223372036854776000.000 0.000 
卫星2: 7.000 3.000 0.000 49359.000 52862370529725.000 122.000 17.500 518.954 5.242 16.000 0.000 0.000 1604812544.000 -9223372036854776000.000 0.000 
卫星3: 27.000 5.000 0.000 16399.000 387666360782210.000 27.000 29.100 -611.156 0.576 16.000 0.000 0.000 1561097984.000 -9223372036854776000.000 0.000 
卫星4: 3.000 6.000 0.000 23567.000 387680364678897.000 61.000 22.600 246.478 1.036 16.000 0.000 0.000 1575420032.000 -9223372036854776000.000 0.000 
卫星5: 5.000 6.000 0.000 23567.000 387680365515367.000 31.000 27.900 512.080 0.707 16.000 0.000 0.000 1575420032.000 -9223372036854776000.000 0.000 
卫星6: 36.000 6.000 0.000 23567.000 387680363005354.000 92.000 20.100 -493.936 1.210 16.000 0.000 0.000 1575420032.000 -9223372036854776000.000 0.000 
卫星7: 1.000 1.000 0.000 81935.000 387680374069446.000 10.000 25.000 -574.974 0.112 16.000 -0.000 2548.255 1176450048.000 -9223372036854776000.000 0.000 
卫星8: 4.000 1.000 0.000 81935.000 387680369737990.000 4.000 35.400 582.755 0.058 16.000 -0.000 2548.255 1176450048.000 -9223372036854776000.000 0.000 
卫星9: 9.000 1.000 0.000 81935.000 387680373345319.000 8.000 27.200 388.684 0.071 16.000 -0.000 2548.255 1176450048.000 -9223372036854776000.000 0.000 
卫星10: 14.000 1.000 0.000 81935.000 387680363272417.000 7.000 29.200 -379.181 0.052 16.000 -0.000 2548.255 1176450048.000 -9223372036854776000.000 0.000 
卫星11: 5.000 6.000 0.000 81935.000 387680365521703.000 6.000 32.200 511.894 0.065 16.000 -0.000 2548.255 1176450048.000 -9223372036854776000.000 0.000 
卫星12: 8.000 6.000 0.000 81935.000 387680358439709.000 20.000 20.000 -174.697 1.988 16.000 0.000 0.000 1176450048.000 -9223372036854776000.000 0.000 
卫星13: 27.000 5.000 0.000 16399.000 387666360788417.000 9.000 26.100 -611.133 0.090 16.000 -0.000 2548.255 1176450048.000 -9223372036854776000.000 0.000 
卫星14: 32.000 5.000 0.000 16399.000 387666359173568.000 9.000 25.700 319.364 0.089 16.000 -0.000 2548.255 1176450048.000 -9223372036854776000.000 0.000 
卫星15: 2.000 7.000 0.000 16399.000 387680316403067.000 70.000 23.200 -29.840 0.940 16.000 0.000 0.000 1176450048.000 -9223372036854776000.000 0.000 
卫星16: 9.000 7.000 0.000 16399.000 387680317211248.000 61.000 24.200 148.272 0.872 16.000 0.000 0.000 1176450048.000 -9223372036854776000.000 0.000 

时钟数据数组: 16883012000000.000 -0.558 7.527 -1445237998436426750.000 66.000 18.000 0.000 99.915 21.728 
测量数据数组:
卫星0: 4.000 1.000 0.000 16399.000 387681369728261.000 27.000 27.900 582.831 0.680 16.000 0.000 0.000 1575420032.000 -9223372036854776000.000 0.000 
卫星1: 21.000 3.000 0.000 49359.000 52863372073390.000 21.000 30.000 -799.867 0.079 16.000 -0.000 1868.720 1604249984.000 -9223372036854776000.000 0.000 
卫星2: 8.000 3.000 0.000 49359.000 52863369825924.000 106.000 18.400 183.251 4.370 16.000 0.000 0.000 1605374976.000 -9223372036854776000.000 0.000 
卫星3: 32.000 5.000 0.000 16399.000 387667359166335.000 80.000 20.500 319.899 2.695 16.000 0.000 0.000 1561097984.000 -9223372036854776000.000 0.000 
卫星4: 28.000 5.000 0.000 16399.000 387667372665331.000 139.000 16.900 -431.263 9.865 16.000 0.000 0.000 1561097984.000 -9223372036854776000.000 0.000 
卫星5: 27.000 5.000 0.000 16399.000 387667360784224.000 27.000 28.700 -611.348 0.617 16.000 0.000 0.000 1561097984.000 -9223372036854776000.000 0.000 
卫星6: 3.000 6.000 0.000 23567.000 387681364678143.000 70.000 22.200 246.278 1.036 16.000 0.000 0.000 1575420032.000 -9223372036854776000.000 0.000 
卫星7: 5.000 6.000 0.000 23567.000 387681365513669.000 31.000 27.500 511.605 0.707 16.000 0.000 0.000 1575420032.000 -9223372036854776000.000 0.000 
卫星8: 1.000 1.000 0.000 81935.000 387681374071368.000 11.000 24.300 -575.148 0.186 16.000 -0.000 2548.255 1176450048.000 -9223372036854776000.000 0.000 
卫星9: 4.000 1.000 0.000 81935.000 387681369736049.000 4.000 35.100 582.545 0.058 16.000 -0.000 2548.255 1176450048.000 -9223372036854776000.000 0.000 
卫星10: 9.000 1.000 0.000 81935.000 387681373344020.000 8.000 28.100 388.509 0.069 16.000 -0.000 2548.255 1176450048.000 -9223372036854776000.000 0.000 
卫星11: 14.000 1.000 0.000 81935.000 387681363273678.000 7.000 29.300 -379.419 0.052 16.000 -0.000 2548.255 1176450048.000 -9223372036854776000.000 0.000 
卫星12: 5.000 6.000 0.000 81935.000 387681365519999.000 6.000 32.100 511.629 0.065 16.000 -0.000 2548.255 1176450048.000 -9223372036854776000.000 0.000 
卫星13: 8.000 6.000 0.000 81935.000 387681358440290.000 18.000 21.200 -174.634 1.118 16.000 0.000 0.000 1176450048.000 -9223372036854776000.000 0.000 
卫星14: 27.000 5.000 0.000 16399.000 387667360790452.000 10.000 24.700 -611.369 0.121 16.000 -0.000 2548.255 1176450048.000 -9223372036854776000.000 0.000 
卫星15: 32.000 5.000 0.000 16399.000 387667359172506.000 9.000 25.500 319.102 0.119 16.000 -0.000 2548.255 1176450048.000 -9223372036854776000.000 0.000 
卫星16: 9.000 7.000 0.000 16399.000 387681317210908.000 61.000 24.200 148.386 0.872 16.000 0.000 0.000 1176450048.000 -9223372036854776000.000 0.000 

时钟数据数组: 16884012000000.000 -0.134 6.851 -1445237998436426750.000 66.000 18.000 0.000 95.007 22.544 
测量数据数组:
卫星0: 4.000 1.000 0.000 16399.000 387682369726343.000 27.000 27.600 582.660 0.680 16.000 0.000 0.000 1575420032.000 -9223372036854776000.000 0.000 
卫星1: 21.000 3.000 0.000 49359.000 52864372076030.000 24.000 29.900 -799.974 0.111 16.000 -0.000 1868.720 1604249984.000 -9223372036854776000.000 0.000 
卫星2: 27.000 5.000 0.000 16399.000 387668360786296.000 31.000 27.300 -611.358 0.666 16.000 0.000 0.000 1561097984.000 -9223372036854776000.000 0.000 
卫星3: 3.000 6.000 0.000 23567.000 387682364677281.000 53.000 23.500 246.002 0.956 16.000 0.000 0.000 1575420032.000 -9223372036854776000.000 0.000 
卫星4: 5.000 6.000 0.000 23567.000 387682365511969.000 31.000 27.600 511.386 0.707 16.000 0.000 0.000 1575420032.000 -9223372036854776000.000 0.000 
卫星5: 1.000 1.000 0.000 81935.000 387682374073287.000 11.000 24.200 -575.318 0.186 16.000 -0.000 2548.255 1176450048.000 -9223372036854776000.000 0.000 
卫星6: 4.000 1.000 0.000 81935.000 387682369734106.000 4.000 34.800 582.350 0.060 16.000 -0.000 2548.255 1176450048.000 -9223372036854776000.000 0.000 
卫星7: 9.000 1.000 0.000 81935.000 387682373342718.000 9.000 26.400 388.382 0.080 16.000 -0.000 2548.255 1176450048.000 -9223372036854776000.000 0.000 
卫星8: 14.000 1.000 0.000 81935.000 387682363274942.000 8.000 28.100 -379.629 0.054 16.000 -0.000 2548.255 1176450048.000 -9223372036854776000.000 0.000 
卫星9: 5.000 6.000 0.000 81935.000 387682365518287.000 6.000 31.800 511.458 0.065 16.000 -0.000 2548.255 1176450048.000 -9223372036854776000.000 0.000 
卫星10: 27.000 5.000 0.000 16399.000 387668360792489.000 10.000 25.000 -611.581 0.121 16.000 -0.000 2548.255 1176450048.000 -9223372036854776000.000 0.000 
卫星11: 32.000 5.000 0.000 16399.000 387668359171432.000 9.000 26.200 318.873 0.089 16.000 -0.000 2548.255 1176450048.000 -9223372036854776000.000 0.000 
卫星12: 2.000 7.000 0.000 16399.000 387682316403190.000 70.000 22.400 -28.923 1.771 16.000 0.000 0.000 1176450048.000 -9223372036854776000.000 0.000 
卫星13: 9.000 7.000 0.000 16399.000 387682317210376.000 70.000 23.000 146.794 0.942 16.000 0.000 0.000 1176450048.000 -9223372036854776000.000 0.000 

时钟数据数组: 16885012000000.000 -0.290 5.920 -1445237998436426750.000 66.000 18.000 0.000 94.390 23.114 
测量数据数组:
卫星0: 2.000 1.000 0.000 16399.000 387683379411001.000 181.000 12.700 -199.180 10.465 16.000 0.000 0.000 1575420032.000 -9223372036854776000.000 0.000 
卫星1: 4.000 1.000 0.000 16399.000 387683369724401.000 27.000 27.700 582.194 0.680 16.000 0.000 0.000 1575420032.000 -9223372036854776000.000 0.000 
卫星2: 30.000 1.000 0.000 16399.000 387683368796794.000 181.000 13.400 -627.779 10.288 16.000 0.000 0.000 1575420032.000 -9223372036854776000.000 0.000 
卫星3: 21.000 3.000 0.000 49359.000 52865372078787.000 27.000 28.800 -800.045 0.635 16.000 0.000 0.000 1604249984.000 -9223372036854776000.000 0.000 
卫星4: 32.000 5.000 0.000 16399.000 387669359164155.000 80.000 21.100 319.419 1.855 16.000 0.000 0.000 1561097984.000 -9223372036854776000.000 0.000 
卫星5: 27.000 5.000 0.000 16399.000 387669360788343.000 31.000 27.900 -612.001 0.666 16.000 0.000 0.000 1561097984.000 -9223372036854776000.000 0.000 
卫星6: 3.000 6.000 0.000 23567.000 387683364676528.000 70.000 22.100 246.392 1.036 16.000 0.000 0.000 1575420032.000 -9223372036854776000.000 0.000 
卫星7: 5.000 6.000 0.000 23567.000 387683365510267.000 35.000 26.800 511.281 0.767 16.000 0.000 0.000 1575420032.000 -9223372036854776000.000 0.000 
卫星8: 1.000 1.000 0.000 81935.000 387683374075204.000 11.000 24.700 -575.378 0.186 16.000 -0.000 2548.255 1176450048.000 -9223372036854776000.000 0.000 
卫星9: 4.000 1.000 0.000 81935.000 387683369732165.000 4.000 34.600 582.289 0.060 16.000 -0.000 2548.255 1176450048.000 -9223372036854776000.000 0.000 
卫星10: 9.000 1.000 0.000 81935.000 387683373341424.000 9.000 26.100 388.337 0.080 16.000 -0.000 2548.255 1176450048.000 -9223372036854776000.000 0.000 
卫星11: 14.000 1.000 0.000 81935.000 387683363276214.000 7.000 29.300 -379.742 0.052 16.000 -0.000 2548.255 1176450048.000 -9223372036854776000.000 0.000 
卫星12: 5.000 6.000 0.000 81935.000 387683365516585.000 6.000 32.000 511.414 0.065 16.000 -0.000 2548.255 1176450048.000 -9223372036854776000.000 0.000 
卫星13: 8.000 6.000 0.000 81935.000 387683358441453.000 18.000 20.500 -174.876 1.929 16.000 0.000 0.000 1176450048.000 -9223372036854776000.000 0.000 
卫星14: 27.000 5.000 0.000 16399.000 387669360794532.000 10.000 25.000 -611.681 0.121 16.000 -0.000 2548.255 1176450048.000 -9223372036854776000.000 0.000 
卫星15: 32.000 5.000 0.000 16399.000 387669359170379.000 11.000 23.500 318.819 0.193 16.000 -0.000 2548.255 1176450048.000 -9223372036854776000.000 0.000 
卫星16: 2.000 7.000 0.000 16399.000 387683316403310.000 61.000 23.400 -28.834 0.940 16.000 0.000 0.000 1176450048.000 -9223372036854776000.000 0.000 

时钟数据数组: 16886012000000.000 -0.236 7.182 -1445237998436426750.000 66.000 18.000 0.000 95.939 23.198 
测量数据数组:
卫星0: 4.000 1.000 0.000 16399.000 387684369722431.000 27.000 27.600 582.451 0.680 16.000 0.000 0.000 1575420032.000 -9223372036854776000.000 0.000 
卫星1: 21.000 3.000 0.000 49359.000 52866372081480.000 27.000 28.800 -799.764 0.635 16.000 0.000 0.000 1604249984.000 -9223372036854776000.000 0.000 
卫星2: 27.000 5.000 0.000 16399.000 387670360790355.000 31.000 27.900 -611.627 0.666 16.000 0.000 0.000 1561097984.000 -9223372036854776000.000 0.000 
卫星3: 3.000 6.000 0.000 23567.000 387684364675694.000 70.000 22.100 246.735 1.036 16.000 0.000 0.000 1575420032.000 -9223372036854776000.000 0.000 
卫星4: 5.000 6.000 0.000 23567.000 387684365508546.000 27.000 28.400 511.785 0.657 16.000 0.000 0.000 1575420032.000 -9223372036854776000.000 0.000 
卫星5: 36.000 6.000 0.000 23567.000 387684363011956.000 80.000 20.400 -494.193 1.210 16.000 0.000 0.000 1575420032.000 -9223372036854776000.000 0.000 
卫星6: 1.000 1.000 0.000 81935.000 387684374077133.000 11.000 24.000 -574.960 0.186 16.000 -0.000 2548.255 1176450048.000 -9223372036854776000.000 0.000 
卫星7: 4.000 1.000 0.000 81935.000 387684369730222.000 4.000 34.900 582.585 0.058 16.000 -0.000 2548.255 1176450048.000 -9223372036854776000.000 0.000 
卫星8: 9.000 1.000 0.000 81935.000 387684373340129.000 8.000 27.500 388.761 0.071 16.000 -0.000 2548.255 1176450048.000 -9223372036854776000.000 0.000 
卫星9: 14.000 1.000 0.000 81935.000 387684363277477.000 7.000 29.300 -379.394 0.052 16.000 -0.000 2548.255 1176450048.000 -9223372036854776000.000 0.000 
卫星10: 5.000 6.000 0.000 81935.000 387684365514878.000 6.000 31.700 511.709 0.065 16.000 -0.000 2548.255 1176450048.000 -9223372036854776000.000 0.000 
卫星11: 36.000 6.000 0.000 81935.000 387684363018208.000 34.000 16.000 -494.749 6.116 16.000 0.000 0.000 1176450048.000 -9223372036854776000.000 0.000 
卫星12: 27.000 5.000 0.000 16399.000 387670360796563.000 10.000 25.000 -611.264 0.121 16.000 -0.000 2548.255 1176450048.000 -9223372036854776000.000 0.000 
卫星13: 32.000 5.000 0.000 16399.000 387670359169303.000 9.000 25.700 319.197 0.089 16.000 -0.000 2548.255 1176450048.000 -9223372036854776000.000 0.000 
卫星14: 2.000 7.000 0.000 16399.000 387684316403406.000 61.000 23.900 -32.159 0.940 16.000 0.000 0.000 1176450048.000 -9223372036854776000.000 0.000 
卫星15: 9.000 7.000 0.000 16399.000 387684317209348.000 61.000 23.300 148.476 1.692 16.000 0.000 0.000 1176450048.000 -9223372036854776000.000 0.000 

时钟数据数组: 16887012000000.000 -0.664 5.341 -1445237998436426750.000 66.000 18.000 0.000 93.188 22.032 
测量数据数组:
卫星0: 4.000 1.000 0.000 16399.000 387685369720480.000 27.000 27.900 582.032 0.680 16.000 0.000 0.000 1575420032.000 -9223372036854776000.000 0.000 
卫星1: 21.000 3.000 0.000 49359.000 52867372084022.000 24.000 29.500 -800.011 0.111 16.000 -0.000 1868.720 1604249984.000 -9223372036854776000.000 0.000 
卫星2: 32.000 5.000 0.000 16399.000 387671359162005.000 80.000 21.100 319.439 1.855 16.000 0.000 0.000 1561097984.000 -9223372036854776000.000 0.000 
卫星3: 27.000 5.000 0.000 16399.000 387671360792420.000 27.000 28.300 -612.193 0.617 16.000 0.000 0.000 1561097984.000 -9223372036854776000.000 0.000 
卫星4: 3.000 6.000 0.000 23567.000 387685364674828.000 61.000 22.500 246.525 1.036 16.000 0.000 0.000 1575420032.000 -9223372036854776000.000 0.000 
卫星5: 5.000 6.000 0.000 23567.000 387685365506844.000 31.000 27.700 511.214 0.707 16.000 0.000 0.000 1575420032.000 -9223372036854776000.000 0.000 
卫星6: 1.000 1.000 0.000 81935.000 387685374079046.000 11.000 24.300 -575.326 0.186 16.000 -0.000 2548.255 1176450048.000 -9223372036854776000.000 0.000 
卫星7: 4.000 1.000 0.000 81935.000 387685369728275.000 4.000 34.800 582.161 0.060 16.000 -0.000 2548.255 1176450048.000 -9223372036854776000.000 0.000 
卫星8: 9.000 1.000 0.000 81935.000 387685373338843.000 8.000 27.300 388.380 0.071 16.000 -0.000 2548.255 1176450048.000 -9223372036854776000.000 0.000 
卫星9: 14.000 1.000 0.000 81935.000 387685363278740.000 8.000 28.200 -379.794 0.054 16.000 -0.000 2548.255 1176450048.000 -9223372036854776000.000 0.000 
卫星10: 5.000 6.000 0.000 81935.000 387685365513175.000 6.000 32.200 511.286 0.065 16.000 -0.000 2548.255 1176450048.000 -9223372036854776000.000 0.000 
卫星11: 8.000 6.000 0.000 81935.000 387685358442619.000 18.000 20.600 -174.990 1.929 16.000 0.000 0.000 1176450048.000 -9223372036854776000.000 0.000 
卫星12: 27.000 5.000 0.000 16399.000 387671360798615.000 9.000 25.500 -611.638 0.090 16.000 -0.000 2548.255 1176450048.000 -9223372036854776000.000 0.000 
卫星13: 32.000 5.000 0.000 16399.000 387671359168234.000 10.000 25.000 318.813 0.119 16.000 -0.000 2548.255 1176450048.000 -9223372036854776000.000 0.000 
卫星14: 2.000 7.000 0.000 16399.000 387685316403508.000 53.000 24.500 -29.496 0.870 16.000 0.000 0.000 1176450048.000 -9223372036854776000.000 0.000 
卫星15: 9.000 7.000 0.000 16399.000 387685317208895.000 46.000 25.400 148.183 0.812 16.000 0.000 0.000 1176450048.000 -9223372036854776000.000 0.000 

时钟数据数组: 16888012000000.000 -0.511 6.848 -1445237998436426750.000 66.000 18.000 0.000 94.435 22.563 
测量数据数组:
卫星0: 4.000 1.000 0.000 16399.000 387686369718541.000 27.000 27.900 581.775 0.680 16.000 0.000 0.000 1575420032.000 -9223372036854776000.000 0.000 
卫星1: 21.000 3.000 0.000 49359.000 52868372086722.000 21.000 30.100 -800.230 0.079 16.000 -0.000 1868.720 1604249984.000 -9223372036854776000.000 0.000 
卫星2: 8.000 3.000 0.000 49359.000 52868369822951.000 122.000 17.100 182.709 4.490 16.000 0.000 0.000 1605374976.000 -9223372036854776000.000 0.000 
卫星3: 27.000 5.000 0.000 16399.000 387672360794429.000 31.000 28.200 -611.185 0.617 16.000 0.000 0.000 1561097984.000 -9223372036854776000.000 0.000 
卫星4: 3.000 6.000 0.000 23567.000 387686364674010.000 61.000 23.000 246.278 0.956 16.000 0.000 0.000 1575420032.000 -9223372036854776000.000 0.000 
卫星5: 5.000 6.000 0.000 23567.000 387686365505132.000 31.000 28.000 511.081 0.657 16.000 0.000 0.000 1575420032.000 -9223372036854776000.000 0.000 
卫星6: 1.000 1.000 0.000 81935.000 387686374080959.000 12.000 23.300 -575.414 0.952 16.000 0.000 0.000 1176450048.000 -9223372036854776000.000 0.000 
卫星7: 4.000 1.000 0.000 81935.000 387686369726336.000 4.000 34.300 581.918 0.060 16.000 -0.000 2548.255 1176450048.000 -9223372036854776000.000 0.000 
卫星8: 9.000 1.000 0.000 81935.000 387686373337539.000 8.000 27.700 388.222 0.071 16.000 -0.000 2548.255 1176450048.000 -9223372036854776000.000 0.000 
卫星9: 14.000 1.000 0.000 81935.000 387686363280013.000 8.000 28.600 -380.094 0.054 16.000 -0.000 2548.255 1176450048.000 -9223372036854776000.000 0.000 
卫星10: 5.000 6.000 0.000 81935.000 387686365511470.000 5.000 32.300 511.068 0.058 16.000 -0.000 2548.255 1176450048.000 -9223372036854776000.000 0.000 
卫星11: 27.000 5.000 0.000 16399.000 387672360800651.000 11.000 24.000 -611.864 0.195 16.000 -0.000 2548.255 1176450048.000 -9223372036854776000.000 0.000 
卫星12: 32.000 5.000 0.000 16399.000 387672359167175.000 11.000 24.000 318.548 0.193 16.000 -0.000 2548.255 1176450048.000 -9223372036854776000.000 0.000 

时钟数据数组: 16889012000000.000 -0.981 5.460 -1445237998436426750.000 66.000 18.000 0.000 93.920 22.489 
测量数据数组:
卫星0: 4.000 1.000 0.000 16399.000 387687369716616.000 27.000 28.400 581.985 0.630 16.000 0.000 0.000 1575420032.000 -9223372036854776000.000 0.000 
卫星1: 21.000 3.000 0.000 49359.000 52869372089389.000 21.000 30.200 -800.180 0.079 16.000 -0.000 1868.720 1604249984.000 -9223372036854776000.000 0.000 
卫星2: 32.000 5.000 0.000 16399.000 387673359159889.000 80.000 20.300 319.602 1.945 16.000 0.000 0.000 1561097984.000 -9223372036854776000.000 0.000 
卫星3: 27.000 5.000 0.000 16399.000 387673360796478.000 31.000 27.400 -611.521 0.666 16.000 0.000 0.000 1561097984.000 -9223372036854776000.000 0.000 
卫星4: 3.000 6.000 0.000 23567.000 387687364673190.000 46.000 24.300 246.116 0.885 16.000 0.000 0.000 1575420032.000 -9223372036854776000.000 0.000 
卫星5: 5.000 6.000 0.000 23567.000 387687365503441.000 27.000 28.400 511.034 0.657 16.000 0.000 0.000 1575420032.000 -9223372036854776000.000 0.000 
卫星6: 36.000 6.000 0.000 23567.000 387687363016825.000 70.000 21.600 -494.906 1.120 16.000 0.000 0.000 1575420032.000 -9223372036854776000.000 0.000 
卫星7: 1.000 1.000 0.000 81935.000 387687374082879.000 11.000 24.100 -575.485 0.186 16.000 -0.000 2548.255 1176450048.000 -9223372036854776000.000 0.000 
卫星8: 4.000 1.000 0.000 81935.000 387687369724397.000 4.000 35.200 581.949 0.058 16.000 -0.000 2548.255 1176450048.000 -9223372036854776000.000 0.000 
卫星9: 9.000 1.000 0.000 81935.000 387687373336246.000 8.000 28.600 388.281 0.069 16.000 -0.000 2548.255 1176450048.000 -9223372036854776000.000 0.000 
卫星10: 14.000 1.000 0.000 81935.000 387687363281279.000 7.000 29.700 -380.059 0.052 16.000 -0.000 2548.255 1176450048.000 -9223372036854776000.000 0.000 
卫星11: 5.000 6.000 0.000 81935.000 387687365509764.000 5.000 32.500 511.086 0.058 16.000 -0.000 2548.255 1176450048.000 -9223372036854776000.000 0.000 
卫星12: 36.000 6.000 0.000 81935.000 387687363023151.000 27.000 17.800 -494.736 2.996 16.000 0.000 0.000 1176450048.000 -9223372036854776000.000 0.000 
卫星13: 27.000 5.000 0.000 16399.000 387673360802692.000 11.000 24.400 -611.869 0.195 16.000 -0.000 2548.255 1176450048.000 -9223372036854776000.000 0.000 
卫星14: 32.000 5.000 0.000 16399.000 387673359166125.000 10.000 24.900 318.552 0.119 16.000 -0.000 2548.255 1176450048.000 -9223372036854776000.000 0.000 
卫星15: 2.000 7.000 0.000 16399.000 387687316403709.000 70.000 23.200 -30.630 1.691 16.000 0.000 0.000 1176450048.000 -9223372036854776000.000 0.000 
卫星16: 9.000 7.000 0.000 16399.000 387687317207816.000 61.000 24.000 147.953 1.622 16.000 0.000 0.000 1176450048.000 -9223372036854776000.000 0.000 

时钟数据数组: 16890012000000.000 -0.484 4.924 -1445237998436426750.000 66.000 18.000 0.000 87.350 22.237 
测量数据数组:
卫星0: 4.000 1.000 0.000 16399.000 387688369714668.000 31.000 26.800 581.366 0.740 16.000 0.000 0.000 1575420032.000 -9223372036854776000.000 0.000 
卫星1: 9.000 1.000 0.000 16399.000 387688373326988.000 159.000 15.200 389.008 9.996 16.000 0.000 0.000 1575420032.000 -9223372036854776000.000 0.000 
卫星2: 21.000 3.000 0.000 49359.000 52870372092066.000 21.000 30.200 -800.375 0.079 16.000 -0.000 1868.720 1604249984.000 -9223372036854776000.000 0.000 
卫星3: 27.000 5.000 0.000 16399.000 387674360798507.000 46.000 25.200 -612.260 0.786 16.000 0.000 0.000 1561097984.000 -9223372036854776000.000 0.000 
卫星4: 3.000 6.000 0.000 23567.000 387688364672328.000 61.000 22.800 246.145 1.036 16.000 0.000 0.000 1575420032.000 -9223372036854776000.000 0.000 
卫星5: 5.000 6.000 0.000 23567.000 387688365501743.000 31.000 27.900 510.815 0.707 16.000 0.000 0.000 1575420032.000 -9223372036854776000.000 0.000 
卫星6: 1.000 1.000 0.000 81935.000 387688374084808.000 11.000 24.100 -575.619 0.186 16.000 -0.000 2548.255 1176450048.000 -9223372036854776000.000 0.000 
卫星7: 4.000 1.000 0.000 81935.000 387688369722457.000 4.000 34.900 581.717 0.058 16.000 -0.000 2548.255 1176450048.000 -9223372036854776000.000 0.000 
卫星8: 9.000 1.000 0.000 81935.000 387688373334950.000 8.000 27.400 388.131 0.071 16.000 -0.000 2548.255 1176450048.000 -9223372036854776000.000 0.000 
卫星9: 14.000 1.000 0.000 81935.000 387688363282543.000 8.000 28.600 -380.358 0.054 16.000 -0.000 2548.255 1176450048.000 -9223372036854776000.000 0.000 
卫星10: 5.000 6.000 0.000 81935.000 387688365508063.000 6.000 32.200 510.863 0.065 16.000 -0.000 2548.255 1176450048.000 -9223372036854776000.000 0.000 
卫星11: 8.000 6.000 0.000 81935.000 387688358444380.000 23.000 18.300 -175.487 2.898 16.000 0.000 0.000 1176450048.000 -9223372036854776000.000 0.000 
卫星12: 27.000 5.000 0.000 16399.000 387674360804733.000 9.000 26.300 -612.010 0.120 16.000 -0.000 2548.255 1176450048.000 -9223372036854776000.000 0.000 
卫星13: 28.000 5.000 0.000 16399.000 387674372681622.000 34.000 13.100 -431.296 10.310 16.000 0.000 0.000 1176450048.000 -9223372036854776000.000 0.000 
卫星14: 32.000 5.000 0.000 16399.000 387674359165046.000 9.000 25.900 318.335 0.119 16.000 -0.000 2548.255 1176450048.000 -9223372036854776000.000 0.000 
卫星15: 2.000 7.000 0.000 16399.000 387688316403883.000 61.000 23.400 -28.350 0.940 16.000 0.000 0.000 1176450048.000 -9223372036854776000.000 0.000 
卫星16: 9.000 7.000 0.000 16399.000 387688317207334.000 53.000 25.100 147.749 0.812 16.000 0.000 0.000 1176450048.000 -9223372036854776000.000 0.000 

时钟数据数组: 16891012000000.000 -0.712 4.242 -1445237998436426750.000 66.000 18.000 0.000 91.122 23.891 
测量数据数组:
卫星0: 2.000 1.000 0.000 16399.000 387689379414919.000 122.000 17.500 -196.478 5.255 16.000 0.000 0.000 1575420032.000 -9223372036854776000.000 0.000 
卫星1: 4.000 1.000 0.000 16399.000 387689369712716.000 31.000 27.100 581.633 0.680 16.000 0.000 0.000 1575420032.000 -9223372036854776000.000 0.000 
卫星2: 21.000 3.000 0.000 49359.000 52871372094749.000 24.000 29.600 -800.443 0.111 16.000 -0.000 1868.720 1604249984.000 -9223372036854776000.000 0.000 
卫星3: 32.000 5.000 0.000 16399.000 387675359157818.000 80.000 21.100 317.979 1.855 16.000 0.000 0.000 1561097984.000 -9223372036854776000.000 0.000 
卫星4: 27.000 5.000 0.000 16399.000 387675360800563.000 35.000 26.300 -612.193 0.726 16.000 0.000 0.000 1561097984.000 -9223372036854776000.000 0.000 
卫星5: 3.000 6.000 0.000 23567.000 387689364671571.000 61.000 22.600 246.116 1.036 16.000 0.000 0.000 1575420032.000 -9223372036854776000.000 0.000 
卫星6: 5.000 6.000 0.000 23567.000 387689365500038.000 31.000 27.600 510.729 0.707 16.000 0.000 0.000 1575420032.000 -9223372036854776000.000 0.000 
卫星7: 1.000 1.000 0.000 81935.000 387689374086719.000 14.000 22.700 -575.771 1.033 16.000 0.000 0.000 1176450048.000 -9223372036854776000.000 0.000 
卫星8: 4.000 1.000 0.000 81935.000 387689369720516.000 4.000 34.400 581.617 0.060 16.000 -0.000 2548.255 1176450048.000 -9223372036854776000.000 0.000 
卫星9: 9.000 1.000 0.000 81935.000 387689373333655.000 8.000 27.600 388.092 0.071 16.000 -0.000 2548.255 1176450048.000 -9223372036854776000.000 0.000 
卫星10: 14.000 1.000 0.000 81935.000 387689363283821.000 8.000 28.000 -380.390 0.054 16.000 -0.000 2548.255 1176450048.000 -9223372036854776000.000 0.000 
卫星11: 5.000 6.000 0.000 81935.000 387689365506359.000 6.000 31.800 510.722 0.065 16.000 -0.000 2548.255 1176450048.000 -9223372036854776000.000 0.000 
卫星12: 27.000 5.000 0.000 16399.000 387675360806779.000 10.000 24.600 -612.163 0.121 16.000 -0.000 2548.255 1176450048.000 -9223372036854776000.000 0.000 
卫星13: 32.000 5.000 0.000 16399.000 387675359163985.000 9.000 26.300 318.276 0.089 16.000 -0.000 2548.255 1176450048.000 -9223372036854776000.000 0.000 
卫星14: 9.000 7.000 0.000 16399.000 387689317206970.000 61.000 24.200 145.851 0.872 16.000 0.000 0.000 1176450048.000 -9223372036854776000.000 0.000 

时钟数据数组: 16892012000000.000 -0.010 2.725 -1445237998436426750.000 66.000 18.000 0.000 91.741 23.525 
测量数据数组:
卫星0: 4.000 1.000 0.000 16399.000 387690369710774.000 27.000 27.700 582.441 0.680 16.000 0.000 0.000 1575420032.000 -9223372036854776000.000 0.000 
卫星1: 21.000 3.000 0.000 49359.000 52872372097470.000 24.000 29.600 -800.313 0.111 16.000 -0.000 1868.720 1604249984.000 -9223372036854776000.000 0.000 
卫星2: 27.000 5.000 0.000 16399.000 387676360802623.000 31.000 27.500 -612.145 0.666 16.000 0.000 0.000 1561097984.000 -9223372036854776000.000 0.000 
卫星3: 3.000 6.000 0.000 23567.000 387690364670725.000 53.000 23.400 246.468 0.956 16.000 0.000 0.000 1575420032.000 -9223372036854776000.000 0.000 
卫星4: 5.000 6.000 0.000 23567.000 387690365498335.000 31.000 27.500 510.881 0.707 16.000 0.000 0.000 1575420032.000 -9223372036854776000.000 0.000 
卫星5: 1.000 1.000 0.000 81935.000 387690374088637.000 11.000 24.100 -575.533 0.186 16.000 -0.000 2548.255 1176450048.000 -9223372036854776000.000 0.000 
卫星6: 4.000 1.000 0.000 81935.000 387690369718576.000 4.000 34.900 581.785 0.058 16.000 -0.000 2548.255 1176450048.000 -9223372036854776000.000 0.000 
卫星7: 9.000 1.000 0.000 81935.000 387690373332362.000 8.000 28.100 388.316 0.069 16.000 -0.000 2548.255 1176450048.000 -9223372036854776000.000 0.000 
卫星8: 14.000 1.000 0.000 81935.000 387690363285091.000 8.000 28.700 -380.237 0.054 16.000 -0.000 2548.255 1176450048.000 -9223372036854776000.000 0.000 
卫星9: 5.000 6.000 0.000 81935.000 387690365504651.000 6.000 32.100 510.941 0.065 16.000 -0.000 2548.255 1176450048.000 -9223372036854776000.000 0.000 
卫星10: 27.000 5.000 0.000 16399.000 387676360808825.000 11.000 24.200 -611.944 0.195 16.000 -0.000 2548.255 1176450048.000 -9223372036854776000.000 0.000 
卫星11: 32.000 5.000 0.000 16399.000 387676359162928.000 10.000 24.700 318.457 0.119 16.000 -0.000 2548.255 1176450048.000 -9223372036854776000.000 0.000 
卫星12: 2.000 7.000 0.000 16399.000 387690316404037.000 70.000 23.200 -29.675 1.691 16.000 0.000 0.000 1176450048.000 -9223372036854776000.000 0.000 
卫星13: 9.000 7.000 0.000 16399.000 387690317206498.000 53.000 24.400 146.717 0.872 16.000 0.000 0.000 1176450048.000 -9223372036854776000.000 0.000 

时钟数据数组: 16893012000000.000 -0.103 4.254 -1445237998436426750.000 66.000 18.000 0.000 91.066 23.543 
测量数据数组:
卫星0: 4.000 1.000 0.000 16399.000 387691369708909.000 31.000 26.900 582.070 0.740 16.000 0.000 0.000 1575420032.000 -9223372036854776000.000 0.000 
卫星1: 14.000 1.000 0.000 16399.000 387691363278501.000 70.000 20.800 -380.816 1.171 16.000 0.000 0.000 1575420032.000 -9223372036854776000.000 0.000 
卫星2: 21.000 3.000 0.000 49359.000 52873372100117.000 19.000 31.200 -800.141 0.060 16.000 -0.000 1868.720 1604249984.000 -9223372036854776000.000 0.000 
卫星3: 8.000 3.000 0.000 49359.000 52873369819937.000 122.000 17.100 182.691 4.490 16.000 0.000 0.000 1605374976.000 -9223372036854776000.000 0.000 
卫星4: 32.000 5.000 0.000 16399.000 387677359155667.000 80.000 21.000 318.910 1.855 16.000 0.000 0.000 1561097984.000 -9223372036854776000.000 0.000 
卫星5: 28.000 5.000 0.000 16399.000 387677372679716.000 139.000 16.700 -431.522 8.365 16.000 0.000 0.000 1561097984.000 -9223372036854776000.000 0.000 
卫星6: 27.000 5.000 0.000 16399.000 387677360804656.000 31.000 27.700 -611.972 0.666 16.000 0.000 0.000 1561097984.000 -9223372036854776000.000 0.000 
卫星7: 3.000 6.000 0.000 23567.000 387691364669913.000 53.000 23.400 246.183 0.956 16.000 0.000 0.000 1575420032.000 -9223372036854776000.000 0.000 
卫星8: 5.000 6.000 0.000 23567.000 387691365496630.000 27.000 28.300 510.958 0.657 16.000 0.000 0.000 1575420032.000 -9223372036854776000.000 0.000 
卫星9: 1.000 1.000 0.000 81935.000 387691374090559.000 11.000 24.400 -575.426 0.186 16.000 -0.000 2548.255 1176450048.000 -9223372036854776000.000 0.000 
卫星10: 4.000 1.000 0.000 81935.000 387691369716634.000 4.000 35.300 581.779 0.058 16.000 -0.000 2548.255 1176450048.000 -9223372036854776000.000 0.000 
卫星11: 9.000 1.000 0.000 81935.000 387691373331064.000 8.000 27.200 388.383 0.071 16.000 -0.000 2548.255 1176450048.000 -9223372036854776000.000 0.000 
卫星12: 14.000 1.000 0.000 81935.000 387691363286358.000 7.000 29.200 -380.283 0.052 16.000 -0.000 2548.255 1176450048.000 -9223372036854776000.000 0.000 
卫星13: 5.000 6.000 0.000 81935.000 387691365502949.000 5.000 32.600 510.931 0.058 16.000 -0.000 2548.255 1176450048.000 -9223372036854776000.000 0.000 
卫星14: 36.000 6.000 0.000 81935.000 387691363029752.000 27.000 17.300 -495.169 3.716 16.000 0.000 0.000 1176450048.000 -9223372036854776000.000 0.000 
卫星15: 27.000 5.000 0.000 16399.000 387677360810862.000 9.000 25.700 -611.870 0.090 16.000 -0.000 2548.255 1176450048.000 -9223372036854776000.000 0.000 
卫星16: 32.000 5.000 0.000 16399.000 387677359161872.000 9.000 25.700 318.525 0.089 16.000 -0.000 2548.255 1176450048.000 -9223372036854776000.000 0.000 
卫星17: 2.000 7.000 0.000 16399.000 387691316404138.000 61.000 23.600 -31.000 0.940 16.000 0.000 0.000 1176450048.000 -9223372036854776000.000 0.000 
卫星18: 9.000 7.000 0.000 16399.000 387691317205996.000 61.000 23.500 148.068 0.942 16.000 0.000 0.000 1176450048.000 -9223372036854776000.000 0.000 

时钟数据数组: 16894012000000.000 -0.027 4.546 -1445237998436426750.000 66.000 18.000 0.000 95.991 24.951 
测量数据数组:
卫星0: 4.000 1.000 0.000 16399.000 387692369706960.000 31.000 27.200 582.270 0.680 16.000 0.000 0.000 1575420032.000 -9223372036854776000.000 0.000 
卫星1: 9.000 1.000 0.000 16399.000 387692373321969.000 106.000 18.400 387.571 3.626 16.000 0.000 0.000 1575420032.000 -9223372036854776000.000 0.000 
卫星2: 14.000 1.000 0.000 16399.000 387692363279857.000 70.000 21.100 -380.540 1.081 16.000 0.000 0.000 1575420032.000 -9223372036854776000.000 0.000 
卫星3: 21.000 3.000 0.000 49359.000 52874372102680.000 21.000 30.000 -800.120 0.079 16.000 -0.000 1868.720 1604249984.000 -9223372036854776000.000 0.000 
卫星4: 7.000 3.000 0.000 49359.000 52874370508804.000 181.000 11.800 517.422 10.632 16.000 0.000 0.000 1604812544.000 -9223372036854776000.000 0.000 
卫星5: 32.000 5.000 0.000 16399.000 387678359154622.000 70.000 21.800 319.093 1.105 16.000 0.000 0.000 1561097984.000 -9223372036854776000.000 0.000 
卫星6: 27.000 5.000 0.000 16399.000 387678360806693.000 35.000 27.000 -612.404 0.666 16.000 0.000 0.000 1561097984.000 -9223372036854776000.000 0.000 
卫星7: 3.000 6.000 0.000 23567.000 387692364669080.000 80.000 20.300 246.326 1.206 16.000 0.000 0.000 1575420032.000 -9223372036854776000.000 0.000 
卫星8: 5.000 6.000 0.000 23567.000 387692365494917.000 35.000 27.100 510.910 0.707 16.000 0.000 0.000 1575420032.000 -9223372036854776000.000 0.000 
卫星9: 1.000 1.000 0.000 81935.000 387692374092489.000 12.000 23.700 -575.465 0.952 16.000 0.000 0.000 1176450048.000 -9223372036854776000.000 0.000 
卫星10: 4.000 1.000 0.000 81935.000 387692369714696.000 4.000 34.600 581.787 0.060 16.000 -0.000 2548.255 1176450048.000 -9223372036854776000.000 0.000 
卫星11: 9.000 1.000 0.000 81935.000 387692373329773.000 9.000 26.400 388.408 0.080 16.000 -0.000 2548.255 1176450048.000 -9223372036854776000.000 0.000 
卫星12: 14.000 1.000 0.000 81935.000 387692363287624.000 7.000 29.200 -380.318 0.052 16.000 -0.000 2548.255 1176450048.000 -9223372036854776000.000 0.000 
卫星13: 5.000 6.000 0.000 81935.000 387692365501245.000 6.000 32.000 510.973 0.065 16.000 -0.000 2548.255 1176450048.000 -9223372036854776000.000 0.000 
卫星14: 8.000 6.000 0.000 81935.000 387692358446705.000 23.000 18.600 -174.723 3.679 16.000 0.000 0.000 1176450048.000 -9223372036854776000.000 0.000 
卫星15: 27.000 5.000 0.000 16399.000 387678360812899.000 11.000 24.100 -611.953 0.195 16.000 -0.000 2548.255 1176450048.000 -9223372036854776000.000 0.000 
卫星16: 32.000 5.000 0.000 16399.000 387678359160802.000 11.000 24.200 318.447 0.193 16.000 -0.000 2548.255 1176450048.000 -9223372036854776000.000 0.000 
卫星17: 2.000 7.000 0.000 16399.000 387692316404196.000 53.000 24.400 -30.783 0.870 16.000 0.000 0.000 1176450048.000 -9223372036854776000.000 0.000 

时钟数据数组: 16895012000000.000 -0.398 4.595 -1445237998436426750.000 66.000 18.000 0.000 107.258 26.196 
测量数据数组:
卫星0: 4.000 1.000 0.000 16399.000 387693369704994.000 35.000 26.200 581.642 0.740 16.000 0.000 0.000 1575420032.000 -9223372036854776000.000 0.000 
卫星1: 21.000 3.000 0.000 49359.000 52875372105390.000 24.000 29.300 -799.943 0.111 16.000 -0.000 1868.720 1604249984.000 -9223372036854776000.000 0.000 
卫星2: 27.000 5.000 0.000 16399.000 387679360808752.000 35.000 26.400 -611.598 0.726 16.000 0.000 0.000 1561097984.000 -9223372036854776000.000 0.000 
卫星3: 3.000 6.000 0.000 23567.000 387693364668215.000 61.000 22.300 246.754 1.036 16.000 0.000 0.000 1575420032.000 -9223372036854776000.000 0.000 
卫星4: 5.000 6.000 0.000 23567.000 387693365493230.000 35.000 27.100 511.186 0.707 16.000 0.000 0.000 1575420032.000 -9223372036854776000.000 0.000 
卫星5: 36.000 6.000 0.000 23567.000 387693363026741.000 92.000 20.200 -494.469 1.210 16.000 0.000 0.000 1575420032.000 -9223372036854776000.000 0.000 
卫星6: 1.000 1.000 0.000 81935.000 387693374094393.000 12.000 23.600 -575.019 0.952 16.000 0.000 0.000 1176450048.000 -9223372036854776000.000 0.000 
卫星7: 4.000 1.000 0.000 81935.000 387693369712753.000 4.000 34.700 581.955 0.060 16.000 -0.000 2548.255 1176450048.000 -9223372036854776000.000 0.000 
卫星8: 9.000 1.000 0.000 81935.000 387693373328473.000 9.000 26.800 388.626 0.080 16.000 -0.000 2548.255 1176450048.000 -9223372036854776000.000 0.000 
卫星9: 14.000 1.000 0.000 81935.000 387693363288890.000 7.000 29.800 -380.174 0.052 16.000 -0.000 2548.255 1176450048.000 -9223372036854776000.000 0.000 
卫星10: 5.000 6.000 0.000 81935.000 387693365499539.000 6.000 31.800 511.104 0.065 16.000 -0.000 2548.255 1176450048.000 -9223372036854776000.000 0.000 
卫星11: 27.000 5.000 0.000 16399.000 387679360814943.000 10.000 25.000 -611.716 0.121 16.000 -0.000 2548.255 1176450048.000 -9223372036854776000.000 0.000 
卫星12: 32.000 5.000 0.000 16399.000 387679359159734.000 8.000 26.600 318.645 0.080 16.000 -0.000 2548.255 1176450048.000 -9223372036854776000.000 0.000 
卫星13: 2.000 7.000 0.000 16399.000 387693316404250.000 61.000 23.700 -31.000 0.940 16.000 0.000 0.000 1176450048.000 -9223372036854776000.000 0.000 
卫星14: 9.000 7.000 0.000 16399.000 387693317204861.000 70.000 22.400 147.010 1.772 16.000 0.000 0.000 1176450048.000 -9223372036854776000.000 0.000 

时钟数据数组: 16896012000000.000 -0.096 4.326 -1445237998436426500.000 66.000 18.000 0.000 96.868 22.810 
测量数据数组:
卫星0: 2.000 1.000 0.000 16399.000 387694379418117.000 122.000 16.800 -195.308 4.625 16.000 0.000 0.000 1575420032.000 -9223372036854776000.000 0.000 
卫星1: 4.000 1.000 0.000 16399.000 387694369703067.000 31.000 27.200 582.242 0.680 16.000 0.000 0.000 1575420032.000 -9223372036854776000.000 0.000 
卫星2: 14.000 1.000 0.000 16399.000 387694363282451.000 70.000 21.000 -379.503 1.081 16.000 0.000 0.000 1575420032.000 -9223372036854776000.000 0.000 
卫星3: 21.000 3.000 0.000 49359.000 52876372108083.000 21.000 30.900 -799.690 0.079 16.000 -0.000 1868.720 1604249984.000 -9223372036854776000.000 0.000 
卫星4: 27.000 5.000 0.000 16399.000 387680360810742.000 31.000 27.500 -611.550 0.666 16.000 0.000 0.000 1561097984.000 -9223372036854776000.000 0.000 
卫星5: 5.000 6.000 0.000 23567.000 387694365491511.000 35.000 26.900 511.291 0.767 16.000 0.000 0.000 1575420032.000 -9223372036854776000.000 0.000 
卫星6: 1.000 1.000 0.000 81935.000 387694374096314.000 11.000 24.500 -574.955 0.186 16.000 -0.000 2548.255 1176450048.000 -9223372036854776000.000 0.000 
卫星7: 4.000 1.000 0.000 81935.000 387694369710812.000 4.000 34.700 582.148 0.060 16.000 -0.000 2548.255 1176450048.000 -9223372036854776000.000 0.000 
卫星8: 9.000 1.000 0.000 81935.000 387694373327181.000 8.000 28.000 388.898 0.069 16.000 -0.000 2548.255 1176450048.000 -9223372036854776000.000 0.000 
卫星9: 14.000 1.000 0.000 81935.000 387694363290159.000 8.000 28.700 -379.962 0.054 16.000 -0.000 2548.255 1176450048.000 -9223372036854776000.000 0.000 
卫星10: 5.000 6.000 0.000 81935.000 387694365497835.000 5.000 32.400 511.326 0.058 16.000 -0.000 2548.255 1176450048.000 -9223372036854776000.000 0.000 
卫星11: 27.000 5.000 0.000 16399.000 387680360816979.000 9.000 25.600 -611.498 0.090 16.000 -0.000 2548.255 1176450048.000 -9223372036854776000.000 0.000 
卫星12: 32.000 5.000 0.000 16399.000 387680359158676.000 10.000 24.800 318.867 0.119 16.000 -0.000 2548.255 1176450048.000 -9223372036854776000.000 0.000 
卫星13: 2.000 7.000 0.000 16399.000 387694316404391.000 61.000 23.300 -29.573 0.940 16.000 0.000 0.000 1176450048.000 -9223372036854776000.000 0.000 

时钟数据数组: 16897012000000.000 -0.125 5.087 -1445237998436426500.000 66.000 18.000 0.000 99.277 23.432 
测量数据数组:
卫星0: 4.000 1.000 0.000 16399.000 387695369701091.000 35.000 26.400 582.042 0.740 16.000 0.000 0.000 1575420032.000 -9223372036854776000.000 0.000 
卫星1: 21.000 3.000 0.000 49359.000 52877372110728.000 21.000 30.200 -799.909 0.079 16.000 -0.000 1868.720 1604249984.000 -9223372036854776000.000 0.000 
卫星2: 32.000 5.000 0.000 16399.000 387681359151377.000 92.000 20.000 318.872 2.695 16.000 0.000 0.000 1561097984.000 -9223372036854776000.000 0.000 
卫星3: 28.000 5.000 0.000 16399.000 387681372685463.000 92.000 19.900 -431.071 3.525 16.000 0.000 0.000 1561097984.000 -9223372036854776000.000 0.000 
卫星4: 27.000 5.000 0.000 16399.000 387681360812802.000 31.000 27.900 -611.675 0.666 16.000 0.000 0.000 1561097984.000 -9223372036854776000.000 0.000 
卫星5: 3.000 6.000 0.000 23567.000 387695364666611.000 61.000 22.800 246.621 1.036 16.000 0.000 0.000 1575420032.000 -9223372036854776000.000 0.000 
卫星6: 5.000 6.000 0.000 23567.000 387695365489814.000 31.000 27.400 510.939 0.707 16.000 0.000 0.000 1575420032.000 -9223372036854776000.000 0.000 
卫星7: 36.000 6.000 0.000 23567.000 387695363030095.000 80.000 20.400 -494.459 1.210 16.000 0.000 0.000 1575420032.000 -9223372036854776000.000 0.000 
卫星8: 1.000 1.000 0.000 81935.000 387695374098236.000 11.000 24.000 -575.203 0.186 16.000 -0.000 2548.255 1176450048.000 -9223372036854776000.000 0.000 
卫星9: 4.000 1.000 0.000 81935.000 387695369708871.000 4.000 35.100 581.868 0.058 16.000 -0.000 2548.255 1176450048.000 -9223372036854776000.000 0.000 
卫星10: 9.000 1.000 0.000 81935.000 387695373325881.000 8.000 27.300 388.662 0.071 16.000 -0.000 2548.255 1176450048.000 -9223372036854776000.000 0.000 
卫星11: 14.000 1.000 0.000 81935.000 387695363291430.000 7.000 29.000 -380.293 0.052 16.000 -0.000 2548.255 1176450048.000 -9223372036854776000.000 0.000 
卫星12: 5.000 6.000 0.000 81935.000 387695365496127.000 5.000 32.900 511.026 0.058 16.000 -0.000 2548.255 1176450048.000 -9223372036854776000.000 0.000 
卫星13: 8.000 6.000 0.000 81935.000 387695358448444.000 20.000 19.300 -174.736 2.799 16.000 0.000 0.000 1176450048.000 -9223372036854776000.000 0.000 
卫星14: 27.000 5.000 0.000 16399.000 387681360819021.000 10.000 25.100 -611.782 0.121 16.000 -0.000 2548.255 1176450048.000 -9223372036854776000.000 0.000 
卫星15: 32.000 5.000 0.000 16399.000 387681359157604.000 10.000 25.400 318.553 0.149 16.000 -0.000 2548.255 1176450048.000 -9223372036854776000.000 0.000 
卫星16: 9.000 7.000 0.000 16399.000 387695317203979.000 70.000 23.000 148.310 1.692 16.000 0.000 0.000 1176450048.000 -9223372036854776000.000 0.000 

时钟数据数组: 16898012000000.000 -0.986 4.782 -1445237998436426500.000 66.000 18.000 0.000 97.928 23.062 
测量数据数组:
卫星0: 4.000 1.000 0.000 16399.000 387696369699159.000 31.000 26.800 581.642 0.740 16.000 0.000 0.000 1575420032.000 -9223372036854776000.000 0.000 
卫星1: 9.000 1.000 0.000 16399.000 387696373316754.000 106.000 17.800 388.818 3.746 16.000 0.000 0.000 1575420032.000 -9223372036854776000.000 0.000 
卫星2: 21.000 3.000 0.000 49359.000 52878372113393.000 21.000 30.300 -799.807 0.079 16.000 -0.000 1868.720 1604249984.000 -9223372036854776000.000 0.000 
卫星3: 27.000 5.000 0.000 16399.000 387682360814832.000 35.000 27.000 -611.617 0.666 16.000 0.000 0.000 1561097984.000 -9223372036854776000.000 0.000 
卫星4: 3.000 6.000 0.000 23567.000 387696364665821.000 70.000 21.700 246.877 1.115 16.000 0.000 0.000 1575420032.000 -9223372036854776000.000 0.000 
卫星5: 5.000 6.000 0.000 23567.000 387696365488087.000 31.000 27.500 511.015 0.707 16.000 0.000 0.000 1575420032.000 -9223372036854776000.000 0.000 
卫星6: 36.000 6.000 0.000 23567.000 387696363031728.000 80.000 20.700 -494.497 1.210 16.000 0.000 0.000 1575420032.000 -9223372036854776000.000 0.000 
卫星7: 1.000 1.000 0.000 81935.000 387696374100146.000 12.000 23.300 -575.465 0.952 16.000 0.000 0.000 1176450048.000 -9223372036854776000.000 0.000 
卫星8: 4.000 1.000 0.000 81935.000 387696369706928.000 4.000 34.600 581.905 0.060 16.000 -0.000 2548.255 1176450048.000 -9223372036854776000.000 0.000 
卫星9: 9.000 1.000 0.000 81935.000 387696373324578.000 8.000 27.800 388.786 0.071 16.000 -0.000 2548.255 1176450048.000 -9223372036854776000.000 0.000 
卫星10: 14.000 1.000 0.000 81935.000 387696363292696.000 7.000 29.600 -380.243 0.052 16.000 -0.000 2548.255 1176450048.000 -9223372036854776000.000 0.000 
卫星11: 5.000 6.000 0.000 81935.000 387696365494427.000 6.000 32.100 511.079 0.065 16.000 -0.000 2548.255 1176450048.000 -9223372036854776000.000 0.000 
卫星12: 36.000 6.000 0.000 81935.000 387696363038004.000 30.000 16.800 -494.468 4.616 16.000 0.000 0.000 1176450048.000 -9223372036854776000.000 0.000 
卫星13: 27.000 5.000 0.000 16399.000 387682360821056.000 9.000 26.100 -611.724 0.090 16.000 -0.000 2548.255 1176450048.000 -9223372036854776000.000 0.000 
卫星14: 32.000 5.000 0.000 16399.000 387682359156546.000 9.000 26.100 318.621 0.089 16.000 -0.000 2548.255 1176450048.000 -9223372036854776000.000 0.000 
卫星15: 2.000 7.000 0.000 16399.000 387696316404513.000 80.000 22.200 -31.420 1.771 16.000 0.000 0.000 1176450048.000 -9223372036854776000.000 0.000 
卫星16: 9.000 7.000 0.000 16399.000 387696317203433.000 61.000 23.800 147.380 0.942 16.000 0.000 0.000 1176450048.000 -9223372036854776000.000 0.000 

时钟数据数组: 16899012000000.000 -0.996 4.249 -1445237998436426500.000 66.000 18.000 0.000 92.423 22.052 
测量数据数组:
卫星0: 4.000 1.000 0.000 16399.000 387697369697270.000 35.000 26.400 582.946 0.740 16.000 0.000 0.000 1575420032.000 -9223372036854776000.000 0.000 
卫星1: 21.000 3.000 0.000 49359.000 52879372116164.000 21.000 30.100 -799.361 0.079 16.000 -0.000 1868.720 1604249984.000 -9223372036854776000.000 0.000 
卫星2: 8.000 3.000 0.000 49359.000 52879369816170.000 106.000 18.400 184.502 5.120 16.000 0.000 0.000 1605374976.000 -9223372036854776000.000 0.000 
卫星3: 32.000 5.000 0.000 16399.000 387683359149266.000 80.000 20.900 319.371 1.945 16.000 0.000 0.000 1561097984.000 -9223372036854776000.000 0.000 
卫星4: 27.000 5.000 0.000 16399.000 387683360816899.000 35.000 26.700 -611.559 0.726 16.000 0.000 0.000 1561097984.000 -9223372036854776000.000 0.000 
卫星5: 3.000 6.000 0.000 23567.000 387697364664952.000 53.000 23.400 247.391 0.956 16.000 0.000 0.000 1575420032.000 -9223372036854776000.000 0.000 
卫星6: 5.000 6.000 0.000 23567.000 387697365486397.000 35.000 27.100 511.443 0.707 16.000 0.000 0.000 1575420032.000 -9223372036854776000.000 0.000 
卫星7: 1.000 1.000 0.000 81935.000 387697374102062.000 11.000 24.000 -574.648 0.186 16.000 -0.000 2548.255 1176450048.000 -9223372036854776000.000 0.000 
卫星8: 4.000 1.000 0.000 81935.000 387697369704988.000 4.000 34.600 582.341 0.060 16.000 -0.000 2548.255 1176450048.000 -9223372036854776000.000 0.000 
卫星9: 9.000 1.000 0.000 81935.000 387697373323278.000 8.000 27.600 389.284 0.071 16.000 -0.000 2548.255 1176450048.000 -9223372036854776000.000 0.000 
卫星10: 14.000 1.000 0.000 81935.000 387697363293965.000 7.000 29.300 -379.827 0.052 16.000 -0.000 2548.255 1176450048.000 -9223372036854776000.000 0.000 
卫星11: 5.000 6.000 0.000 81935.000 387697365492718.000 6.000 32.200 511.495 0.065 16.000 -0.000 2548.255 1176450048.000 -9223372036854776000.000 0.000 
卫星12: 8.000 6.000 0.000 81935.000 387697358449602.000 23.000 19.200 -173.793 2.019 16.000 0.000 0.000 1176450048.000 -9223372036854776000.000 0.000 
卫星13: 27.000 5.000 0.000 16399.000 387683360823105.000 9.000 25.500 -611.266 0.090 16.000 -0.000 2548.255 1176450048.000 -9223372036854776000.000 0.000 
卫星14: 32.000 5.000 0.000 16399.000 387683359155490.000 9.000 26.000 319.058 0.089 16.000 -0.000 2548.255 1176450048.000 -9223372036854776000.000 0.000 
卫星15: 2.000 7.000 0.000 16399.000 387697316404736.000 61.000 23.700 -29.981 0.940 16.000 0.000 0.000 1176450048.000 -9223372036854776000.000 0.000 
卫星16: 9.000 7.000 0.000 16399.000 387697317203076.000 53.000 24.700 147.711 0.872 16.000 0.000 0.000 1176450048.000 -9223372036854776000.000 0.000 

时钟数据数组: 16900012000000.000 -0.913 5.275 -1445237998436426500.000 66.000 18.000 0.000 102.075 23.704 
测量数据数组:
卫星0: 4.000 1.000 0.000 16399.000 387698369695292.000 35.000 26.100 582.308 0.740 16.000 0.000 0.000 1575420032.000 -9223372036854776000.000 0.000 
卫星1: 21.000 3.000 0.000 49359.000 52880372118704.000 21.000 30.500 -799.508 0.079 16.000 -0.000 1868.720 1604249984.000 -9223372036854776000.000 0.000 
卫星2: 27.000 5.000 0.000 16399.000 387684360818910.000 31.000 27.800 -611.713 0.666 16.000 0.000 0.000 1561097984.000 -9223372036854776000.000 0.000 
卫星3: 3.000 6.000 0.000 23567.000 387698364664166.000 46.000 25.000 247.268 0.826 16.000 0.000 0.000 1575420032.000 -9223372036854776000.000 0.000 
卫星4: 5.000 6.000 0.000 23567.000 387698365484705.000 35.000 27.200 511.357 0.707 16.000 0.000 0.000 1575420032.000 -9223372036854776000.000 0.000 
卫星5: 1.000 1.000 0.000 81935.000 387698374103990.000 12.000 23.400 -574.650 0.952 16.000 0.000 0.000 1176450048.000 -9223372036854776000.000 0.000 
卫星6: 4.000 1.000 0.000 81935.000 387698369703045.000 4.000 35.000 582.146 0.058 16.000 -0.000 2548.255 1176450048.000 -9223372036854776000.000 0.000 
卫星7: 9.000 1.000 0.000 81935.000 387698373321983.000 8.000 27.200 389.151 0.071 16.000 -0.000 2548.255 1176450048.000 -9223372036854776000.000 0.000 
卫星8: 14.000 1.000 0.000 81935.000 387698363295226.000 7.000 29.700 -380.000 0.052 16.000 -0.000 2548.255 1176450048.000 -9223372036854776000.000 0.000 
卫星9: 5.000 6.000 0.000 81935.000 387698365491012.000 6.000 32.100 511.295 0.065 16.000 -0.000 2548.255 1176450048.000 -9223372036854776000.000 0.000 
卫星10: 27.000 5.000 0.000 16399.000 387684360825141.000 10.000 24.700 -611.438 0.121 16.000 -0.000 2548.255 1176450048.000 -9223372036854776000.000 0.000 
卫星11: 28.000 5.000 0.000 16399.000 387684372695999.000 34.000 13.800 -431.437 8.809 16.000 0.000 0.000 1176450048.000 -9223372036854776000.000 0.000 
卫星12: 32.000 5.000 0.000 16399.000 387684359154433.000 11.000 24.200 318.892 0.193 16.000 -0.000 2548.255 1176450048.000 -9223372036854776000.000 0.000 
卫星13: 2.000 7.000 0.000 16399.000 387698316404820.000 70.000 23.000 -30.019 0.940 16.000 0.000 0.000 1176450048.000 -9223372036854776000.000 0.000 
卫星14: 9.000 7.000 0.000 16399.000 387698317202552.000 61.000 23.700 146.985 0.942 16.000 0.000 0.000 1176450048.000 -9223372036854776000.000 0.000 

时钟数据数组: 16901012000000.000 -0.426 4.598 -1445237998436426500.000 66.000 18.000 0.000 109.123 24.872 
测量数据数组:
卫星0: 4.000 1.000 0.000 16399.000 387699369693343.000 35.000 26.500 582.556 0.740 16.000 0.000 0.000 1575420032.000 -9223372036854776000.000 0.000 
卫星1: 21.000 3.000 0.000 49359.000 52881372121388.000 21.000 30.100 -799.219 0.079 16.000 -0.000 1868.720 1604249984.000 -9223372036854776000.000 0.000 
卫星2: 32.000 5.000 0.000 16399.000 387685359147193.000 80.000 20.900 319.342 1.945 16.000 0.000 0.000 1561097984.000 -9223372036854776000.000 0.000 
卫星3: 27.000 5.000 0.000 16399.000 387685360820970.000 35.000 26.700 -611.655 0.726 16.000 0.000 0.000 1561097984.000 -9223372036854776000.000 0.000 
卫星4: 3.000 6.000 0.000 23567.000 387699364663289.000 46.000 24.400 247.658 0.885 16.000 0.000 0.000 1575420032.000 -9223372036854776000.000 0.000 
卫星5: 5.000 6.000 0.000 23567.000 387699365482984.000 31.000 27.600 511.605 0.707 16.000 0.000 0.000 1575420032.000 -9223372036854776000.000 0.000 
卫星6: 1.000 1.000 0.000 81935.000 387699374105902.000 11.000 24.200 -574.448 0.186 16.000 -0.000 2548.255 1176450048.000 -9223372036854776000.000 0.000 
卫星7: 4.000 1.000 0.000 81935.000 387699369701102.000 4.000 35.100 582.405 0.058 16.000 -0.000 2548.255 1176450048.000 -9223372036854776000.000 0.000 
卫星8: 9.000 1.000 0.000 81935.000 387699373320688.000 8.000 28.200 389.451 0.069 16.000 -0.000 2548.255 1176450048.000 -9223372036854776000.000 0.000 
卫星9: 14.000 1.000 0.000 81935.000 387699363296497.000 7.000 29.700 -379.740 0.052 16.000 -0.000 2548.255 1176450048.000 -9223372036854776000.000 0.000 
卫星10: 5.000 6.000 0.000 81935.000 387699365489306.000 5.000 32.300 511.614 0.058 16.000 -0.000 2548.255 1176450048.000 -9223372036854776000.000 0.000 
卫星11: 27.000 5.000 0.000 16399.000 387685360827184.000 10.000 24.900 -611.132 0.121 16.000 -0.000 2548.255 1176450048.000 -9223372036854776000.000 0.000 
卫星12: 32.000 5.000 0.000 16399.000 387685359153353.000 9.000 25.600 319.211 0.089 16.000 -0.000 2548.255 1176450048.000 -9223372036854776000.000 0.000 
卫星13: 2.000 7.000 0.000 16399.000 387699316404940.000 61.000 23.400 -27.980 0.940 16.000 0.000 0.000 1176450048.000 -9223372036854776000.000 0.000 
卫星14: 9.000 7.000 0.000 16399.000 387699317202031.000 70.000 23.000 146.322 0.942 16.000 0.000 0.000 1176450048.000 -9223372036854776000.000 0.000 

时钟数据数组: 16902012000000.000 -0.174 5.521 -1445237998436426500.000 66.000 18.000 0.000 103.325 25.596 
测量数据数组:
卫星0: 2.000 1.000 0.000 16399.000 387700379422175.000 122.000 16.600 -194.728 5.375 16.000 0.000 0.000 1575420032.000 -9223372036854776000.000 0.000 
卫星1: 4.000 1.000 0.000 16399.000 387700369691356.000 35.000 26.500 582.518 0.740 16.000 0.000 0.000 1575420032.000 -9223372036854776000.000 0.000 
卫星2: 9.000 1.000 0.000 16399.000 387700373311655.000 122.000 17.300 388.608 3.746 16.000 0.000 0.000 1575420032.000 -9223372036854776000.000 0.000 
卫星3: 21.000 3.000 0.000 49359.000 52882372124085.000 21.000 30.300 -799.270 0.079 16.000 -0.000 1868.720 1604249984.000 -9223372036854776000.000 0.000 
卫星4: 28.000 5.000 0.000 16399.000 387686372692639.000 106.000 18.700 -430.476 4.375 16.000 0.000 0.000 1561097984.000 -9223372036854776000.000 0.000 
卫星5: 27.000 5.000 0.000 16399.000 387686360823000.000 31.000 27.900 -611.242 0.666 16.000 0.000 0.000 1561097984.000 -9223372036854776000.000 0.000 
卫星6: 5.000 5.000 0.000 16399.000 387686317520522.000 70.000 21.700 -0.326 16.857 16.000 0.000 0.000 1561097984.000 -9223372036854776000.000 0.000 
卫星7: 3.000 6.000 0.000 23567.000 387700364662482.000 53.000 23.800 247.325 0.956 16.000 0.000 0.000 1575420032.000 -9223372036854776000.000 0.000 
卫星8: 5.000 6.000 0.000 23567.000 387700365481278.000 31.000 27.800 511.547 0.707 16.000 0.000 0.000 1575420032.000 -9223372036854776000.000 0.000 
卫星9: 36.000 6.000 0.000 23567.000 387700363038297.000 70.000 21.400 -494.098 1.120 16.000 0.000 0.000 1575420032.000 -9223372036854776000.000 0.000 
卫星10: 1.000 1.000 0.000 81935.000 387700374107822.000 11.000 24.400 -574.559 0.186 16.000 -0.000 2548.255 1176450048.000 -9223372036854776000.000 0.000 
卫星11: 4.000 1.000 0.000 81935.000 387700369699162.000 4.000 34.600 582.280 0.060 16.000 -0.000 2548.255 1176450048.000 -9223372036854776000.000 0.000 
卫星12: 9.000 1.000 0.000 81935.000 387700373319386.000 8.000 27.400 389.388 0.071 16.000 -0.000 2548.255 1176450048.000 -9223372036854776000.000 0.000 
卫星13: 14.000 1.000 0.000 81935.000 387700363297763.000 6.000 30.600 -379.885 0.050 16.000 -0.000 2548.255 1176450048.000 -9223372036854776000.000 0.000 
卫星14: 5.000 6.000 0.000 81935.000 387700365487600.000 5.000 32.300 511.497 0.058 16.000 -0.000 2548.255 1176450048.000 -9223372036854776000.000 0.000 
卫星15: 8.000 6.000 0.000 81935.000 387700358451354.000 27.000 17.600 -173.805 3.019 16.000 0.000 0.000 1176450048.000 -9223372036854776000.000 0.000 
卫星16: 36.000 6.000 0.000 81935.000 387700363044591.000 27.000 17.300 -494.010 3.776 16.000 0.000 0.000 1176450048.000 -9223372036854776000.000 0.000 
卫星17: 27.000 5.000 0.000 16399.000 387686360829217.000 9.000 26.000 -611.214 0.090 16.000 -0.000 2548.255 1176450048.000 -9223372036854776000.000 0.000 
卫星18: 32.000 5.000 0.000 16399.000 387686359152298.000 9.000 26.300 319.089 0.089 16.000 -0.000 2548.255 1176450048.000 -9223372036854776000.000 0.000 
卫星19: 9.000 7.000 0.000 16399.000 387700317201484.000 61.000 23.900 147.482 0.942 16.000 0.000 0.000 1176450048.000 -9223372036854776000.000 0.000 

时钟数据数组: 16903012000000.000 -0.254 4.936 -1445237998436426500.000 66.000 18.000 0.000 97.338 22.826 
测量数据数组:
卫星0: 4.000 1.000 0.000 16399.000 387701369689484.000 35.000 26.400 582.479 0.740 16.000 0.000 0.000 1575420032.000 -9223372036854776000.000 0.000 
卫星1: 21.000 3.000 0.000 49359.000 52883372126744.000 24.000 29.600 -799.515 0.111 16.000 -0.000 1868.720 1604249984.000 -9223372036854776000.000 0.000 
卫星2: 27.000 5.000 0.000 16399.000 387687360825050.000 31.000 27.400 -611.454 0.666 16.000 0.000 0.000 1561097984.000 -9223372036854776000.000 0.000 
卫星3: 3.000 6.000 0.000 23567.000 387701364661661.000 70.000 22.000 247.153 1.036 16.000 0.000 0.000 1575420032.000 -9223372036854776000.000 0.000 
卫星4: 5.000 6.000 0.000 23567.000 387701365479583.000 35.000 26.700 511.053 0.767 16.000 0.000 0.000 1575420032.000 -9223372036854776000.000 0.000 
卫星5: 36.000 6.000 0.000 23567.000 387701363039939.000 92.000 19.700 -494.183 1.300 16.000 0.000 0.000 1575420032.000 -9223372036854776000.000 0.000 
卫星6: 1.000 1.000 0.000 81935.000 387701374109741.000 16.000 21.400 -574.892 1.112 16.000 0.000 0.000 1176450048.000 -9223372036854776000.000 0.000 
卫星7: 4.000 1.000 0.000 81935.000 387701369697218.000 4.000 34.000 581.982 0.060 16.000 -0.000 2548.255 1176450048.000 -9223372036854776000.000 0.000 
卫星8: 9.000 1.000 0.000 81935.000 387701373318093.000 8.000 27.700 389.120 0.071 16.000 -0.000 2548.255 1176450048.000 -9223372036854776000.000 0.000 
卫星9: 14.000 1.000 0.000 81935.000 387701363299031.000 7.000 29.200 -380.227 0.052 16.000 -0.000 2548.255 1176450048.000 -9223372036854776000.000 0.000 
卫星10: 5.000 6.000 0.000 81935.000 387701365485895.000 6.000 31.400 511.249 0.065 16.000 -0.000 2548.255 1176450048.000 -9223372036854776000.000 0.000 
卫星11: 27.000 5.000 0.000 16399.000 387687360831258.000 10.000 24.900 -611.546 0.121 16.000 -0.000 2548.255 1176450048.000 -9223372036854776000.000 0.000 
卫星12: 32.000 5.000 0.000 16399.000 387687359151237.000 10.000 25.100 318.772 0.119 16.000 -0.000 2548.255 1176450048.000 -9223372036854776000.000 0.000 
卫星13: 2.000 7.000 0.000 16399.000 387701316405082.000 70.000 23.000 -30.159 1.691 16.000 0.000 0.000 1176450048.000 -9223372036854776000.000 0.000 

时钟数据数组: 16904012000000.000 -0.038 4.649 -1445237998436426500.000 66.000 18.000 0.000 97.276 22.367 
测量数据数组:
卫星0: 4.000 1.000 0.000 16399.000 387702369687519.000 40.000 25.200 582.194 0.800 16.000 0.000 0.000 1575420032.000 -9223372036854776000.000 0.000 
卫星1: 21.000 3.000 0.000 49359.000 52884372129463.000 24.000 29.600 -799.371 0.111 16.000 -0.000 1868.720 1604249984.000 -9223372036854776000.000 0.000 
卫星2: 32.000 5.000 0.000 16399.000 387688359143987.000 92.000 19.300 319.150 2.785 16.000 0.000 0.000 1561097984.000 -9223372036854776000.000 0.000 
卫星3: 27.000 5.000 0.000 16399.000 387688360827088.000 35.000 27.200 -611.252 0.666 16.000 0.000 0.000 1561097984.000 -9223372036854776000.000 0.000 
卫星4: 3.000 6.000 0.000 23567.000 387702364660785.000 61.000 23.000 247.287 0.956 16.000 0.000 0.000 1575420032.000 -9223372036854776000.000 0.000 
卫星5: 5.000 6.000 0.000 23567.000 387702365477872.000 31.000 27.600 511.348 0.707 16.000 0.000 0.000 1575420032.000 -9223372036854776000.000 0.000 
卫星6: 36.000 6.000 0.000 23567.000 387702363041648.000 92.000 19.800 -494.059 1.300 16.000 0.000 0.000 1575420032.000 -9223372036854776000.000 0.000 
卫星7: 1.000 1.000 0.000 81935.000 387702374111656.000 12.000 23.800 -574.586 0.952 16.000 0.000 0.000 1176450048.000 -9223372036854776000.000 0.000 
卫星8: 4.000 1.000 0.000 81935.000 387702369695276.000 4.000 34.600 582.103 0.060 16.000 -0.000 2548.255 1176450048.000 -9223372036854776000.000 0.000 
卫星9: 9.000 1.000 0.000 81935.000 387702373316793.000 8.000 27.000 389.286 0.071 16.000 -0.000 2548.255 1176450048.000 -9223372036854776000.000 0.000 
卫星10: 14.000 1.000 0.000 81935.000 387702363300298.000 7.000 29.000 -380.153 0.052 16.000 -0.000 2548.255 1176450048.000 -9223372036854776000.000 0.000 
卫星11: 5.000 6.000 0.000 81935.000 387702365484191.000 5.000 32.300 511.341 0.058 16.000 -0.000 2548.255 1176450048.000 -9223372036854776000.000 0.000 
卫星12: 27.000 5.000 0.000 16399.000 387688360833295.000 9.000 25.500 -611.436 0.090 16.000 -0.000 2548.255 1176450048.000 -9223372036854776000.000 0.000 
卫星13: 32.000 5.000 0.000 16399.000 387688359150172.000 10.000 24.700 318.861 0.119 16.000 -0.000 2548.255 1176450048.000 -9223372036854776000.000 0.000 
卫星14: 9.000 7.000 0.000 16399.000 387702317200461.000 70.000 22.600 147.800 1.772 16.000 0.000 0.000 1176450048.000 -9223372036854776000.000 0.000 

时钟数据数组: 16905012000000.000 -0.270 5.253 -1445237998436426500.000 66.000 18.000 0.000 92.669 21.135 
测量数据数组:
卫星0: 4.000 1.000 0.000 16399.000 387703369685549.000 40.000 24.800 583.088 0.860 16.000 0.000 0.000 1575420032.000 -9223372036854776000.000 0.000 
卫星1: 21.000 3.000 0.000 49359.000 52885372132094.000 21.000 30.400 -798.983 0.079 16.000 -0.000 1868.720 1604249984.000 -9223372036854776000.000 0.000 
卫星2: 8.000 3.000 0.000 49359.000 52885369812471.000 159.000 15.900 185.324 5.490 16.000 0.000 0.000 1605374976.000 -9223372036854776000.000 0.000 
卫星3: 27.000 5.000 0.000 16399.000 387689360829143.000 27.000 28.400 -610.964 0.617 16.000 0.000 0.000 1561097984.000 -9223372036854776000.000 0.000 
卫星4: 3.000 6.000 0.000 23567.000 387703364660025.000 61.000 23.000 247.838 0.956 16.000 0.000 0.000 1575420032.000 -9223372036854776000.000 0.000 
卫星5: 5.000 6.000 0.000 23567.000 387703365476149.000 31.000 28.000 511.671 0.657 16.000 0.000 0.000 1575420032.000 -9223372036854776000.000 0.000 
卫星6: 1.000 1.000 0.000 81935.000 387703374113561.000 14.000 22.800 -574.484 1.033 16.000 0.000 0.000 1176450048.000 -9223372036854776000.000 0.000 
卫星7: 4.000 1.000 0.000 81935.000 387703369693334.000 4.000 34.900 582.454 0.058 16.000 -0.000 2548.255 1176450048.000 -9223372036854776000.000 0.000 
卫星8: 9.000 1.000 0.000 81935.000 387703373315496.000 9.000 26.800 389.702 0.080 16.000 -0.000 2548.255 1176450048.000 -9223372036854776000.000 0.000 
卫星9: 14.000 1.000 0.000 81935.000 387703363301568.000 7.000 29.500 -379.794 0.052 16.000 -0.000 2548.255 1176450048.000 -9223372036854776000.000 0.000 
卫星10: 5.000 6.000 0.000 81935.000 387703365482484.000 6.000 31.800 511.678 0.065 16.000 -0.000 2548.255 1176450048.000 -9223372036854776000.000 0.000 
卫星11: 27.000 5.000 0.000 16399.000 387689360835336.000 9.000 25.600 -611.073 0.090 16.000 -0.000 2548.255 1176450048.000 -9223372036854776000.000 0.000 
卫星12: 32.000 5.000 0.000 16399.000 387689359149100.000 9.000 25.900 319.241 0.089 16.000 -0.000 2548.255 1176450048.000 -9223372036854776000.000 0.000 
卫星13: 2.000 7.000 0.000 16399.000 387703316405275.000 61.000 23.700 -29.573 1.691 16.000 0.000 0.000 1176450048.000 -9223372036854776000.000 0.000 
卫星14: 9.000 7.000 0.000 16399.000 387703317200058.000 61.000 24.100 146.755 0.872 16.000 0.000 0.000 1176450048.000 -9223372036854776000.000 0.000 

时钟数据数组: 16906012000000.000 -0.462 6.132 -1445237998436426500.000 66.000 18.000 0.000 96.694 23.762 
测量数据数组:
卫星0: 4.000 1.000 0.000 16399.000 387704369683632.000 40.000 25.500 582.441 0.800 16.000 0.000 0.000 1575420032.000 -9223372036854776000.000 0.000 
卫星1: 14.000 1.000 0.000 16399.000 387704363295238.000 70.000 21.000 -378.875 1.081 16.000 0.000 0.000 1575420032.000 -9223372036854776000.000 0.000 
卫星2: 21.000 3.000 0.000 49359.000 52886372134764.000 21.000 30.300 -798.888 0.079 16.000 -0.000 1868.720 1604249984.000 -9223372036854776000.000 0.000 
卫星3: 7.000 3.000 0.000 49359.000 52886370488362.000 181.000 11.200 516.936 10.632 16.000 0.000 0.000 1604812544.000 -9223372036854776000.000 0.000 
卫星4: 32.000 5.000 0.000 16399.000 387690359141798.000 80.000 20.600 319.448 1.945 16.000 0.000 0.000 1561097984.000 -9223372036854776000.000 0.000 
卫星5: 27.000 5.000 0.000 16399.000 387690360831158.000 31.000 27.800 -610.753 0.666 16.000 0.000 0.000 1561097984.000 -9223372036854776000.000 0.000 
卫星6: 3.000 6.000 0.000 23567.000 387704364659187.000 61.000 23.000 247.829 0.956 16.000 0.000 0.000 1575420032.000 -9223372036854776000.000 0.000 
卫星7: 5.000 6.000 0.000 23567.000 387704365474441.000 31.000 28.100 511.719 0.657 16.000 0.000 0.000 1575420032.000 -9223372036854776000.000 0.000 
卫星8: 1.000 1.000 0.000 81935.000 387704374115484.000 12.000 23.100 -574.293 0.952 16.000 0.000 0.000 1176450048.000 -9223372036854776000.000 0.000 
卫星9: 4.000 1.000 0.000 81935.000 387704369691391.000 4.000 34.200 582.520 0.060 16.000 -0.000 2548.255 1176450048.000 -9223372036854776000.000 0.000 
卫星10: 9.000 1.000 0.000 81935.000 387704373314192.000 8.000 27.200 389.858 0.071 16.000 -0.000 2548.255 1176450048.000 -9223372036854776000.000 0.000 
卫星11: 14.000 1.000 0.000 81935.000 387704363302830.000 8.000 28.500 -379.744 0.054 16.000 -0.000 2548.255 1176450048.000 -9223372036854776000.000 0.000 
卫星12: 5.000 6.000 0.000 81935.000 387704365480776.000 6.000 31.500 511.733 0.065 16.000 -0.000 2548.255 1176450048.000 -9223372036854776000.000 0.000 
卫星13: 8.000 6.000 0.000 81935.000 387704358453669.000 27.000 17.700 -173.092 3.799 16.000 0.000 0.000 1176450048.000 -9223372036854776000.000 0.000 
卫星14: 36.000 6.000 0.000 81935.000 387704363051184.000 30.000 17.000 -494.137 3.776 16.000 0.000 0.000 1176450048.000 -9223372036854776000.000 0.000 
卫星15: 27.000 5.000 0.000 16399.000 387690360837370.000 10.000 25.000 -610.958 0.151 16.000 -0.000 2548.255 1176450048.000 -9223372036854776000.000 0.000 
卫星16: 32.000 5.000 0.000 16399.000 387690359148036.000 10.000 25.300 319.333 0.119 16.000 -0.000 2548.255 1176450048.000 -9223372036854776000.000 0.000 

时钟数据数组: 16907012000000.000 -0.177 6.368 -1445237998436426500.000 66.000 18.000 0.000 101.370 25.095 
测量数据数组:
卫星0: 4.000 1.000 0.000 16399.000 387705369681645.000 35.000 26.000 581.480 0.740 16.000 0.000 0.000 1575420032.000 -9223372036854776000.000 0.000 
卫星1: 21.000 3.000 0.000 49359.000 52887372137434.000 21.000 30.800 -799.171 0.079 16.000 -0.000 1868.720 1604249984.000 -9223372036854776000.000 0.000 
卫星2: 27.000 5.000 0.000 16399.000 387691360833201.000 27.000 28.300 -611.002 0.617 16.000 0.000 0.000 1561097984.000 -9223372036854776000.000 0.000 
卫星3: 3.000 6.000 0.000 23567.000 387705364658338.000 61.000 22.900 247.724 1.036 16.000 0.000 0.000 1575420032.000 -9223372036854776000.000 0.000 
卫星4: 5.000 6.000 0.000 23567.000 387705365472762.000 27.000 28.900 511.395 0.657 16.000 0.000 0.000 1575420032.000 -9223372036854776000.000 0.000 
卫星5: 36.000 6.000 0.000 23567.000 387705363046555.000 80.000 20.900 -494.193 1.210 16.000 0.000 0.000 1575420032.000 -9223372036854776000.000 0.000 
卫星6: 1.000 1.000 0.000 81935.000 387705374117399.000 11.000 24.200 -574.469 0.186 16.000 -0.000 2548.255 1176450048.000 -9223372036854776000.000 0.000 
卫星7: 4.000 1.000 0.000 81935.000 387705369689450.000 4.000 34.800 582.207 0.060 16.000 -0.000 2548.255 1176450048.000 -9223372036854776000.000 0.000 
卫星8: 9.000 1.000 0.000 81935.000 387705373312890.000 8.000 27.900 389.525 0.069 16.000 -0.000 2548.255 1176450048.000 -9223372036854776000.000 0.000 
卫星9: 14.000 1.000 0.000 81935.000 387705363304101.000 7.000 29.300 -380.116 0.052 16.000 -0.000 2548.255 1176450048.000 -9223372036854776000.000 0.000 
卫星10: 5.000 6.000 0.000 81935.000 387705365479067.000 5.000 32.400 511.414 0.058 16.000 -0.000 2548.255 1176450048.000 -9223372036854776000.000 0.000 
卫星11: 8.000 6.000 0.000 81935.000 387705358454247.000 16.000 21.400 -173.436 1.118 16.000 0.000 0.000 1176450048.000 -9223372036854776000.000 0.000 
卫星12: 27.000 5.000 0.000 16399.000 387691360839416.000 9.000 26.400 -611.360 0.090 16.000 -0.000 2548.255 1176450048.000 -9223372036854776000.000 0.000 
卫星13: 32.000 5.000 0.000 16399.000 387691359146965.000 9.000 25.900 318.944 0.089 16.000 -0.000 2548.255 1176450048.000 -9223372036854776000.000 0.000 
卫星14: 2.000 7.000 0.000 16399.000 387705316405457.000 70.000 23.200 -29.331 1.691 16.000 0.000 0.000 1176450048.000 -9223372036854776000.000 0.000 
卫星15: 9.000 7.000 0.000 16399.000 387705317199020.000 70.000 22.800 148.565 1.772 16.000 0.000 0.000 1176450048.000 -9223372036854776000.000 0.000 

时钟数据数组: 16908012000000.000 -0.249 5.883 -1445237998436426500.000 66.000 18.000 0.000 93.602 22.649 
测量数据数组:
卫星0: 4.000 1.000 0.000 16399.000 387706369679696.000 31.000 27.100 582.451 0.680 16.000 0.000 0.000 1575420032.000 -9223372036854776000.000 0.000 
卫星1: 9.000 1.000 0.000 16399.000 387706373303630.000 106.000 17.700 389.236 5.246 16.000 0.000 0.000 1575420032.000 -9223372036854776000.000 0.000 
卫星2: 21.000 3.000 0.000 49359.000 52888372140081.000 21.000 30.800 -799.109 0.079 16.000 -0.000 1868.720 1604249984.000 -9223372036854776000.000 0.000 
卫星3: 27.000 5.000 0.000 16399.000 387692360835245.000 31.000 27.400 -611.339 0.666 16.000 0.000 0.000 1561097984.000 -9223372036854776000.000 0.000 
卫星4: 3.000 6.000 0.000 23567.000 387706364657524.000 53.000 23.600 247.648 0.956 16.000 0.000 0.000 1575420032.000 -9223372036854776000.000 0.000 
卫星5: 5.000 6.000 0.000 23567.000 387706365471032.000 31.000 28.100 511.443 0.657 16.000 0.000 0.000 1575420032.000 -9223372036854776000.000 0.000 
卫星6: 36.000 6.000 0.000 23567.000 387706363048219.000 80.000 20.400 -494.221 1.210 16.000 0.000 0.000 1575420032.000 -9223372036854776000.000 0.000 
卫星7: 1.000 1.000 0.000 81935.000 387706374119317.000 11.000 24.500 -574.413 0.186 16.000 -0.000 2548.255 1176450048.000 -9223372036854776000.000 0.000 
卫星8: 4.000 1.000 0.000 81935.000 387706369687507.000 4.000 35.300 582.182 0.058 16.000 -0.000 2548.255 1176450048.000 -9223372036854776000.000 0.000 
卫星9: 9.000 1.000 0.000 81935.000 387706373311592.000 8.000 28.500 389.652 0.069 16.000 -0.000 2548.255 1176450048.000 -9223372036854776000.000 0.000 
卫星10: 14.000 1.000 0.000 81935.000 387706363305372.000 7.000 29.400 -380.102 0.052 16.000 -0.000 2548.255 1176450048.000 -9223372036854776000.000 0.000 
卫星11: 5.000 6.000 0.000 81935.000 387706365477364.000 5.000 32.500 511.400 0.058 16.000 -0.000 2548.255 1176450048.000 -9223372036854776000.000 0.000 
卫星12: 27.000 5.000 0.000 16399.000 387692360841443.000 8.000 27.700 -611.245 0.079 16.000 -0.000 2548.255 1176450048.000 -9223372036854776000.000 0.000 
卫星13: 32.000 5.000 0.000 16399.000 387692359145907.000 8.000 26.500 319.039 0.080 16.000 -0.000 2548.255 1176450048.000 -9223372036854776000.000 0.000 
卫星14: 2.000 7.000 0.000 16399.000 387706316405695.000 61.000 23.400 -29.522 0.940 16.000 0.000 0.000 1176450048.000 -9223372036854776000.000 0.000 

时钟数据数组: 16909012000000.000 -0.332 5.814 -1445237998436426500.000 66.000 18.000 0.000 95.185 21.636 
测量数据数组:
卫星0: 4.000 1.000 0.000 16399.000 387707369677821.000 35.000 26.200 581.766 0.740 16.000 0.000 0.000 1575420032.000 -9223372036854776000.000 0.000 
卫星1: 9.000 1.000 0.000 16399.000 387707373302364.000 61.000 21.800 388.779 1.096 16.000 0.000 0.000 1575420032.000 -9223372036854776000.000 0.000 
卫星2: 21.000 3.000 0.000 49359.000 52889372142730.000 21.000 30.700 -799.553 0.079 16.000 -0.000 1868.720 1604249984.000 -9223372036854776000.000 0.000 
卫星3: 8.000 3.000 0.000 49359.000 52889369810103.000 106.000 18.100 184.735 3.620 16.000 0.000 0.000 1605374976.000 -9223372036854776000.000 0.000 
卫星4: 27.000 5.000 0.000 16399.000 387693360837271.000 31.000 28.000 -611.780 0.617 16.000 0.000 0.000 1561097984.000 -9223372036854776000.000 0.000 
卫星5: 3.000 6.000 0.000 23567.000 387707364656705.000 53.000 23.800 247.201 0.956 16.000 0.000 0.000 1575420032.000 -9223372036854776000.000 0.000 
卫星6: 5.000 6.000 0.000 23567.000 387707365469330.000 31.000 27.800 510.986 0.707 16.000 0.000 0.000 1575420032.000 -9223372036854776000.000 0.000 
卫星7: 36.000 6.000 0.000 23567.000 387707363049847.000 92.000 20.200 -494.469 1.210 16.000 0.000 0.000 1575420032.000 -9223372036854776000.000 0.000 
卫星8: 1.000 1.000 0.000 81935.000 387707374121235.000 14.000 22.500 -575.274 1.033 16.000 0.000 0.000 1176450048.000 -9223372036854776000.000 0.000 
卫星9: 4.000 1.000 0.000 81935.000 387707369685565.000 4.000 34.700 581.705 0.060 16.000 -0.000 2548.255 1176450048.000 -9223372036854776000.000 0.000 
卫星10: 9.000 1.000 0.000 81935.000 387707373310295.000 8.000 27.300 389.166 0.071 16.000 -0.000 2548.255 1176450048.000 -9223372036854776000.000 0.000 
卫星11: 14.000 1.000 0.000 81935.000 387707363306640.000 7.000 29.200 -380.605 0.052 16.000 -0.000 2548.255 1176450048.000 -9223372036854776000.000 0.000 
卫星12: 5.000 6.000 0.000 81935.000 387707365475662.000 5.000 32.800 510.933 0.058 16.000 -0.000 2548.255 1176450048.000 -9223372036854776000.000 0.000 
卫星13: 27.000 5.000 0.000 16399.000 387693360843491.000 9.000 25.600 -611.730 0.090 16.000 -0.000 2548.255 1176450048.000 -9223372036854776000.000 0.000 
卫星14: 32.000 5.000 0.000 16399.000 387693359144842.000 10.000 24.900 318.516 0.119 16.000 -0.000 2548.255 1176450048.000 -9223372036854776000.000 0.000 
卫星15: 9.000 7.000 0.000 16399.000 387707317198027.000 70.000 22.400 147.915 1.772 16.000 0.000 0.000 1176450048.000 -9223372036854776000.000 0.000 

时钟数据数组: 16910012000000.000 -0.891 4.342 -1445237998436426500.000 66.000 18.000 0.000 99.298 21.805 
测量数据数组:
卫星0: 4.000 1.000 0.000 16399.000 387708369675834.000 40.000 24.900 582.175 0.860 16.000 0.000 0.000 1575420032.000 -9223372036854776000.000 0.000 
卫星1: 21.000 3.000 0.000 49359.000 52890372145416.000 21.000 30.500 -799.269 0.079 16.000 -0.000 1868.720 1604249984.000 -9223372036854776000.000 0.000 
卫星2: 32.000 5.000 0.000 16399.000 387694359137551.000 106.000 18.700 318.430 3.635 16.000 0.000 0.000 1561097984.000 -9223372036854776000.000 0.000 
卫星3: 27.000 5.000 0.000 16399.000 387694360839342.000 31.000 28.200 -611.300 0.617 16.000 0.000 0.000 1561097984.000 -9223372036854776000.000 0.000 
卫星4: 3.000 6.000 0.000 23567.000 387708364655891.000 53.000 23.700 247.734 0.956 16.000 0.000 0.000 1575420032.000 -9223372036854776000.000 0.000 
卫星5: 5.000 6.000 0.000 23567.000 387708365467623.000 27.000 28.900 511.072 0.657 16.000 0.000 0.000 1575420032.000 -9223372036854776000.000 0.000 
卫星6: 1.000 1.000 0.000 81935.000 387708374123149.000 11.000 24.100 -574.474 0.186 16.000 -0.000 2548.255 1176450048.000 -9223372036854776000.000 0.000 
卫星7: 4.000 1.000 0.000 81935.000 387708369683624.000 4.000 34.300 581.917 0.060 16.000 -0.000 2548.255 1176450048.000 -9223372036854776000.000 0.000 
卫星8: 9.000 1.000 0.000 81935.000 387708373308992.000 8.000 28.400 389.505 0.069 16.000 -0.000 2548.255 1176450048.000 -9223372036854776000.000 0.000 
卫星9: 14.000 1.000 0.000 81935.000 387708363307909.000 8.000 28.300 -380.393 0.054 16.000 -0.000 2548.255 1176450048.000 -9223372036854776000.000 0.000 
卫星10: 5.000 6.000 0.000 81935.000 387708365473952.000 5.000 32.300 511.154 0.058 16.000 -0.000 2548.255 1176450048.000 -9223372036854776000.000 0.000 
卫星11: 8.000 6.000 0.000 81935.000 387708358455971.000 20.000 19.700 -173.410 2.799 16.000 0.000 0.000 1176450048.000 -9223372036854776000.000 0.000 
卫星12: 27.000 5.000 0.000 16399.000 387694360845530.000 9.000 25.900 -611.486 0.090 16.000 -0.000 2548.255 1176450048.000 -9223372036854776000.000 0.000 
卫星13: 32.000 5.000 0.000 16399.000 387694359143786.000 9.000 25.600 318.785 0.089 16.000 -0.000 2548.255 1176450048.000 -9223372036854776000.000 0.000 
卫星14: 2.000 7.000 0.000 16399.000 387708316405811.000 70.000 23.200 -30.006 1.691 16.000 0.000 0.000 1176450048.000 -9223372036854776000.000 0.000 
卫星15: 9.000 7.000 0.000 16399.000 387708317197636.000 61.000 24.000 148.183 0.872 16.000 0.000 0.000 1176450048.000 -9223372036854776000.000 0.000 

时钟数据数组: 16911012000000.000 -0.901 5.064 -1445237998436426500.000 66.000 18.000 0.000 99.155 23.326 
测量数据数组:
卫星0: 4.000 1.000 0.000 16399.000 387709369673844.000 31.000 26.600 582.603 0.740 16.000 0.000 0.000 1575420032.000 -9223372036854776000.000 0.000 
卫星1: 9.000 1.000 0.000 16399.000 387709373299923.000 80.000 19.800 389.436 2.026 16.000 0.000 0.000 1575420032.000 -9223372036854776000.000 0.000 
卫星2: 21.000 3.000 0.000 49359.000 52891372148051.000 21.000 30.700 -799.099 0.079 16.000 -0.000 1868.720 1604249984.000 -9223372036854776000.000 0.000 
卫星3: 27.000 5.000 0.000 16399.000 387695360841341.000 27.000 29.100 -611.118 0.576 16.000 0.000 0.000 1561097984.000 -9223372036854776000.000 0.000 
卫星4: 3.000 6.000 0.000 23567.000 387709364655060.000 61.000 22.700 247.924 1.036 16.000 0.000 0.000 1575420032.000 -9223372036854776000.000 0.000 
卫星5: 5.000 6.000 0.000 23567.000 387709365465931.000 27.000 28.400 511.357 0.657 16.000 0.000 0.000 1575420032.000 -9223372036854776000.000 0.000 
卫星6: 36.000 6.000 0.000 23567.000 387709363053187.000 70.000 21.900 -494.002 1.120 16.000 0.000 0.000 1575420032.000 -9223372036854776000.000 0.000 
卫星7: 1.000 1.000 0.000 81935.000 387709374125059.000 12.000 22.900 -574.179 1.033 16.000 0.000 0.000 1176450048.000 -9223372036854776000.000 0.000 
卫星8: 4.000 1.000 0.000 81935.000 387709369681684.000 4.000 34.700 582.069 0.060 16.000 -0.000 2548.255 1176450048.000 -9223372036854776000.000 0.000 
卫星9: 9.000 1.000 0.000 81935.000 387709373307694.000 8.000 28.300 389.726 0.069 16.000 -0.000 2548.255 1176450048.000 -9223372036854776000.000 0.000 
卫星10: 14.000 1.000 0.000 81935.000 387709363309182.000 8.000 28.500 -380.217 0.054 16.000 -0.000 2548.255 1176450048.000 -9223372036854776000.000 0.000 
卫星11: 5.000 6.000 0.000 81935.000 387709365472250.000 5.000 32.400 511.319 0.058 16.000 -0.000 2548.255 1176450048.000 -9223372036854776000.000 0.000 
卫星12: 27.000 5.000 0.000 16399.000 387695360847568.000 8.000 27.000 -611.328 0.082 16.000 -0.000 2548.255 1176450048.000 -9223372036854776000.000 0.000 
卫星13: 32.000 5.000 0.000 16399.000 387695359142728.000 8.000 26.600 318.924 0.080 16.000 -0.000 2548.255 1176450048.000 -9223372036854776000.000 0.000 
卫星14: 9.000 7.000 0.000 16399.000 387709317197035.000 61.000 24.200 148.221 0.872 16.000 0.000 0.000 1176450048.000 -9223372036854776000.000 0.000 

时钟数据数组: 16912012000000.000 -0.543 5.839 -1445237998436426500.000 66.000 18.000 0.000 98.736 22.020 
测量数据数组:
卫星0: 4.000 1.000 0.000 16399.000 387710369672028.000 35.000 26.400 581.823 0.740 16.000 0.000 0.000 1575420032.000 -9223372036854776000.000 0.000 
卫星1: 21.000 3.000 0.000 49359.000 52892372150774.000 19.000 31.400 -799.429 0.060 16.000 -0.000 1868.720 1604249984.000 -9223372036854776000.000 0.000 
卫星2: 8.000 3.000 0.000 49359.000 52892369808192.000 80.000 20.600 184.175 2.680 16.000 0.000 0.000 1605374976.000 -9223372036854776000.000 0.000 
卫星3: 27.000 5.000 0.000 16399.000 387696360843389.000 27.000 28.600 -611.473 0.617 16.000 0.000 0.000 1561097984.000 -9223372036854776000.000 0.000 
卫星4: 3.000 6.000 0.000 23567.000 387710364654205.000 70.000 21.900 247.601 1.115 16.000 0.000 0.000 1575420032.000 -9223372036854776000.000 0.000 
卫星5: 5.000 6.000 0.000 23567.000 387710365464241.000 27.000 28.400 510.958 0.657 16.000 0.000 0.000 1575420032.000 -9223372036854776000.000 0.000 
卫星6: 1.000 1.000 0.000 81935.000 387710374126982.000 14.000 22.200 -574.828 1.033 16.000 0.000 0.000 1176450048.000 -9223372036854776000.000 0.000 
卫星7: 4.000 1.000 0.000 81935.000 387710369679743.000 4.000 34.500 581.683 0.060 16.000 -0.000 2548.255 1176450048.000 -9223372036854776000.000 0.000 
卫星8: 9.000 1.000 0.000 81935.000 387710373306396.000 8.000 28.100 389.308 0.069 16.000 -0.000 2548.255 1176450048.000 -9223372036854776000.000 0.000 
卫星9: 14.000 1.000 0.000 81935.000 387710363310451.000 8.000 27.700 -380.682 0.056 16.000 -0.000 2548.255 1176450048.000 -9223372036854776000.000 0.000 
卫星10: 5.000 6.000 0.000 81935.000 387710365470544.000 5.000 32.800 510.931 0.058 16.000 -0.000 2548.255 1176450048.000 -9223372036854776000.000 0.000 
卫星11: 8.000 6.000 0.000 81935.000 387710358457138.000 23.000 19.000 -172.761 2.079 16.000 0.000 0.000 1176450048.000 -9223372036854776000.000 0.000 
卫星12: 36.000 6.000 0.000 81935.000 387710363061080.000 34.000 15.800 -494.214 5.526 16.000 0.000 0.000 1176450048.000 -9223372036854776000.000 0.000 
卫星13: 27.000 5.000 0.000 16399.000 387696360849608.000 9.000 25.900 -611.711 0.090 16.000 -0.000 2548.255 1176450048.000 -9223372036854776000.000 0.000 
卫星14: 28.000 5.000 0.000 16399.000 387696372713230.000 34.000 12.500 -429.844 10.470 16.000 0.000 0.000 1176450048.000 -9223372036854776000.000 0.000 
卫星15: 32.000 5.000 0.000 16399.000 387696359141651.000 8.000 26.800 318.482 0.080 16.000 -0.000 2548.255 1176450048.000 -9223372036854776000.000 0.000 
卫星16: 2.000 7.000 0.000 16399.000 387710316406039.000 80.000 22.000 -30.376 1.771 16.000 0.000 0.000 1176450048.000 -9223372036854776000.000 0.000 
卫星17: 9.000 7.000 0.000 16399.000 387710317196580.000 53.000 24.400 146.679 0.872 16.000 0.000 0.000 1176450048.000 -9223372036854776000.000 0.000 

时钟数据数组: 16913012000000.000 -0.821 4.587 -1445237998436426500.000 66.000 18.000 0.000 101.540 22.613 
测量数据数组:
卫星0: 4.000 1.000 0.000 16399.000 387711369670037.000 35.000 26.100 582.327 0.740 16.000 0.000 0.000 1575420032.000 -9223372036854776000.000 0.000 
卫星1: 21.000 3.000 0.000 49359.000 52893372153377.000 19.000 31.200 -798.937 0.060 16.000 -0.000 1868.720 1604249984.000 -9223372036854776000.000 0.000 
卫星2: 27.000 5.000 0.000 16399.000 387697360845422.000 27.000 28.900 -611.271 0.617 16.000 0.000 0.000 1561097984.000 -9223372036854776000.000 0.000 
卫星3: 3.000 6.000 0.000 23567.000 387711364653402.000 61.000 22.600 248.076 1.036 16.000 0.000 0.000 1575420032.000 -9223372036854776000.000 0.000 
卫星4: 5.000 6.000 0.000 23567.000 387711365462498.000 31.000 27.400 511.500 0.707 16.000 0.000 0.000 1575420032.000 -9223372036854776000.000 0.000 
卫星5: 1.000 1.000 0.000 81935.000 387711374128910.000 14.000 22.200 -574.242 1.033 16.000 0.000 0.000 1176450048.000 -9223372036854776000.000 0.000 
卫星6: 4.000 1.000 0.000 81935.000 387711369677800.000 4.000 34.500 582.130 0.060 16.000 -0.000 2548.255 1176450048.000 -9223372036854776000.000 0.000 
卫星7: 9.000 1.000 0.000 81935.000 387711373305092.000 8.000 28.100 389.894 0.069 16.000 -0.000 2548.255 1176450048.000 -9223372036854776000.000 0.000 
卫星8: 14.000 1.000 0.000 81935.000 387711363311712.000 9.000 26.700 -380.187 0.065 16.000 -0.000 2548.255 1176450048.000 -9223372036854776000.000 0.000 
卫星9: 5.000 6.000 0.000 81935.000 387711365468840.000 6.000 32.200 511.388 0.065 16.000 -0.000 2548.255 1176450048.000 -9223372036854776000.000 0.000 
卫星10: 27.000 5.000 0.000 16399.000 387697360851648.000 9.000 26.300 -611.164 0.090 16.000 -0.000 2548.255 1176450048.000 -9223372036854776000.000 0.000 
卫星11: 32.000 5.000 0.000 16399.000 387697359140598.000 10.000 25.100 319.012 0.119 16.000 -0.000 2548.255 1176450048.000 -9223372036854776000.000 0.000 
卫星12: 9.000 7.000 0.000 16399.000 387711317196102.000 53.000 24.300 148.208 0.872 16.000 0.000 0.000 1176450048.000 -9223372036854776000.000 0.000 

时钟数据数组: 16914012000000.000 -0.616 5.819 -1445237998436426500.000 66.000 18.000 0.000 100.981 24.654 
测量数据数组:
卫星0: 2.000 1.000 0.000 16399.000 387712379429945.000 181.000 13.900 -193.139 10.305 16.000 0.000 0.000 1575420032.000 -9223372036854776000.000 0.000 
卫星1: 4.000 1.000 0.000 16399.000 387712369668123.000 31.000 26.800 582.403 0.740 16.000 0.000 0.000 1575420032.000 -9223372036854776000.000 0.000 
卫星2: 9.000 1.000 0.000 16399.000 387712373296045.000 80.000 19.600 388.799 2.776 16.000 0.000 0.000 1575420032.000 -9223372036854776000.000 0.000 
卫星3: 21.000 3.000 0.000 49359.000 52894372156112.000 21.000 30.400 -799.344 0.079 16.000 -0.000 1868.720 1604249984.000 -9223372036854776000.000 0.000 
卫星4: 32.000 5.000 0.000 16399.000 387698359133346.000 106.000 18.500 318.622 3.635 16.000 0.000 0.000 1561097984.000 -9223372036854776000.000 0.000 
卫星5: 28.000 5.000 0.000 16399.000 387698372709875.000 181.000 14.800 -429.496 10.135 16.000 0.000 0.000 1561097984.000 -9223372036854776000.000 0.000 
卫星6: 27.000 5.000 0.000 16399.000 387698360847463.000 27.000 28.600 -611.915 0.617 16.000 0.000 0.000 1561097984.000 -9223372036854776000.000 0.000 
卫星7: 3.000 6.000 0.000 23567.000 387712364652563.000 53.000 23.700 247.972 0.956 16.000 0.000 0.000 1575420032.000 -9223372036854776000.000 0.000 
卫星8: 5.000 6.000 0.000 23567.000 387712365460817.000 27.000 29.100 511.043 0.617 16.000 0.000 0.000 1575420032.000 -9223372036854776000.000 0.000 
卫星9: 1.000 1.000 0.000 81935.000 387712374130818.000 12.000 23.300 -574.395 0.952 16.000 0.000 0.000 1176450048.000 -9223372036854776000.000 0.000 
卫星10: 4.000 1.000 0.000 81935.000 387712369675862.000 4.000 34.700 581.729 0.060 16.000 -0.000 2548.255 1176450048.000 -9223372036854776000.000 0.000 
卫星11: 9.000 1.000 0.000 81935.000 387712373303798.000 8.000 27.300 389.468 0.071 16.000 -0.000 2548.255 1176450048.000 -9223372036854776000.000 0.000 
卫星12: 14.000 1.000 0.000 81935.000 387712363312989.000 8.000 27.400 -380.687 0.056 16.000 -0.000 2548.255 1176450048.000 -9223372036854776000.000 0.000 
卫星13: 5.000 6.000 0.000 81935.000 387712365467138.000 5.000 32.700 510.959 0.058 16.000 -0.000 2548.255 1176450048.000 -9223372036854776000.000 0.000 
卫星14: 8.000 6.000 0.000 81935.000 387712358458299.000 20.000 19.400 -172.939 2.079 16.000 0.000 0.000 1176450048.000 -9223372036854776000.000 0.000 
卫星15: 27.000 5.000 0.000 16399.000 387698360853689.000 8.000 26.900 -611.625 0.082 16.000 -0.000 2548.255 1176450048.000 -9223372036854776000.000 0.000 
卫星16: 32.000 5.000 0.000 16399.000 387698359139532.000 9.000 26.300 318.583 0.089 16.000 -0.000 2548.255 1176450048.000 -9223372036854776000.000 0.000 
卫星17: 2.000 7.000 0.000 16399.000 387712316406264.000 70.000 22.800 -30.885 1.771 16.000 0.000 0.000 1176450048.000 -9223372036854776000.000 0.000 
卫星18: 9.000 7.000 0.000 16399.000 387712317195617.000 70.000 23.000 148.246 0.942 16.000 0.000 0.000 1176450048.000 -9223372036854776000.000 0.000 

时钟数据数组: 16915012000000.000 -0.500 5.474 -1445237998436426500.000 66.000 18.000 0.000 99.423 23.709 
测量数据数组:
卫星0: 4.000 1.000 0.000 16399.000 387713369666180.000 31.000 26.900 582.203 0.740 16.000 0.000 0.000 1575420032.000 -9223372036854776000.000 0.000 
卫星1: 17.000 1.000 0.000 16399.000 387713364351862.000 70.000 21.500 -548.712 1.082 16.000 0.000 0.000 1575420032.000 -9223372036854776000.000 0.000 
卫星2: 21.000 3.000 0.000 49359.000 52895372158672.000 19.000 31.300 -799.279 0.060 16.000 -0.000 1868.720 1604249984.000 -9223372036854776000.000 0.000 
卫星3: 8.000 3.000 0.000 49359.000 52895369806421.000 92.000 19.900 186.117 2.770 16.000 0.000 0.000 1605374976.000 -9223372036854776000.000 0.000 
卫星4: 27.000 5.000 0.000 16399.000 387699360849503.000 27.000 29.000 -611.531 0.576 16.000 0.000 0.000 1561097984.000 -9223372036854776000.000 0.000 
卫星5: 3.000 6.000 0.000 23567.000 387713364651789.000 61.000 22.700 247.772 1.036 16.000 0.000 0.000 1575420032.000 -9223372036854776000.000 0.000 
卫星6: 5.000 6.000 0.000 23567.000 387713365459104.000 27.000 28.800 510.929 0.657 16.000 0.000 0.000 1575420032.000 -9223372036854776000.000 0.000 
卫星7: 1.000 1.000 0.000 81935.000 387713374132732.000 11.000 24.700 -574.535 0.186 16.000 -0.000 2548.255 1176450048.000 -9223372036854776000.000 0.000 
卫星8: 4.000 1.000 0.000 81935.000 387713369673923.000 4.000 34.800 581.705 0.060 16.000 -0.000 2548.255 1176450048.000 -9223372036854776000.000 0.000 
卫星9: 9.000 1.000 0.000 81935.000 387713373302498.000 8.000 27.800 389.565 0.071 16.000 -0.000 2548.255 1176450048.000 -9223372036854776000.000 0.000 
卫星10: 14.000 1.000 0.000 81935.000 387713363314251.000 9.000 26.500 -380.656 0.065 16.000 -0.000 2548.255 1176450048.000 -9223372036854776000.000 0.000 
卫星11: 5.000 6.000 0.000 81935.000 387713365465430.000 5.000 32.300 510.946 0.058 16.000 -0.000 2548.255 1176450048.000 -9223372036854776000.000 0.000 
卫星12: 36.000 6.000 0.000 81935.000 387713363066028.000 27.000 18.200 -494.137 2.876 16.000 0.000 0.000 1176450048.000 -9223372036854776000.000 0.000 
卫星13: 27.000 5.000 0.000 16399.000 387699360855723.000 8.000 27.400 -611.536 0.082 16.000 -0.000 2548.255 1176450048.000 -9223372036854776000.000 0.000 
卫星14: 32.000 5.000 0.000 16399.000 387699359138461.000 9.000 26.200 318.670 0.089 16.000 -0.000 2548.255 1176450048.000 -9223372036854776000.000 0.000 
卫星15: 2.000 7.000 0.000 16399.000 387713316406326.000 70.000 23.100 -29.471 0.940 16.000 0.000 0.000 1176450048.000 -9223372036854776000.000 0.000 
卫星16: 9.000 7.000 0.000 16399.000 387713317195121.000 61.000 24.200 147.189 0.872 16.000 0.000 0.000 1176450048.000 -9223372036854776000.000 0.000 

时钟数据数组: 16916012000000.000 -0.851 5.432 -1445237998436426500.000 66.000 18.000 0.000 109.598 25.037 
测量数据数组:
卫星0: 4.000 1.000 0.000 16399.000 387714369664247.000 35.000 25.600 581.366 0.800 16.000 0.000 0.000 1575420032.000 -9223372036854776000.000 0.000 
卫星1: 21.000 3.000 0.000 49359.000 52896372161436.000 21.000 30.700 -799.477 0.079 16.000 -0.000 1868.720 1604249984.000 -9223372036854776000.000 0.000 
卫星2: 27.000 5.000 0.000 16399.000 387700360851534.000 24.000 29.400 -611.698 0.093 16.000 -0.000 1920.376 1561097984.000 -9223372036854776000.000 0.000 
卫星3: 3.000 6.000 0.000 23567.000 387714364650925.000 70.000 22.100 247.696 1.036 16.000 0.000 0.000 1575420032.000 -9223372036854776000.000 0.000 
卫星4: 5.000 6.000 0.000 23567.000 387714365457408.000 35.000 26.900 510.796 0.767 16.000 0.000 0.000 1575420032.000 -9223372036854776000.000 0.000 
卫星5: 1.000 1.000 0.000 81935.000 387714374134658.000 14.000 22.400 -574.408 1.033 16.000 0.000 0.000 1176450048.000 -9223372036854776000.000 0.000 
卫星6: 4.000 1.000 0.000 81935.000 387714369671981.000 4.000 34.200 581.457 0.060 16.000 -0.000 2548.255 1176450048.000 -9223372036854776000.000 0.000 
卫星7: 9.000 1.000 0.000 81935.000 387714373301195.000 8.000 28.100 389.394 0.069 16.000 -0.000 2548.255 1176450048.000 -9223372036854776000.000 0.000 
卫星8: 14.000 1.000 0.000 81935.000 387714363315526.000 9.000 26.400 -380.908 0.065 16.000 -0.000 2548.255 1176450048.000 -9223372036854776000.000 0.000 
卫星9: 5.000 6.000 0.000 81935.000 387714365463725.000 6.000 32.100 510.736 0.065 16.000 -0.000 2548.255 1176450048.000 -9223372036854776000.000 0.000 
卫星10: 27.000 5.000 0.000 16399.000 387700360857764.000 9.000 26.300 -611.783 0.090 16.000 -0.000 2548.255 1176450048.000 -9223372036854776000.000 0.000 
卫星11: 32.000 5.000 0.000 16399.000 387700359137403.000 10.000 24.800 318.367 0.119 16.000 -0.000 2548.255 1176450048.000 -9223372036854776000.000 0.000 
卫星12: 2.000 7.000 0.000 16399.000 387714316406387.000 61.000 23.800 -30.248 0.940 16.000 0.000 0.000 1176450048.000 -9223372036854776000.000 0.000 
卫星13: 9.000 7.000 0.000 16399.000 387714317194638.000 61.000 23.500 146.577 0.942 16.000 0.000 0.000 1176450048.000 -9223372036854776000.000 0.000 

时钟数据数组: 16917012000000.000 -0.506 3.651 -1445237998436426500.000 66.000 18.000 0.000 98.306 22.449 
测量数据数组:
卫星0: 4.000 1.000 0.000 16399.000 387715369662259.000 35.000 25.600 581.737 0.800 16.000 0.000 0.000 1575420032.000 -9223372036854776000.000 0.000 
卫星1: 21.000 3.000 0.000 49359.000 52897372164151.000 24.000 29.600 -799.393 0.111 16.000 -0.000 1868.720 1604249984.000 -9223372036854776000.000 0.000 
卫星2: 27.000 5.000 0.000 16399.000 387701360853608.000 27.000 28.800 -611.799 0.617 16.000 0.000 0.000 1561097984.000 -9223372036854776000.000 0.000 
卫星3: 3.000 6.000 0.000 23567.000 387715364650119.000 70.000 21.300 247.905 1.115 16.000 0.000 0.000 1575420032.000 -9223372036854776000.000 0.000 
卫星4: 5.000 6.000 0.000 23567.000 387715365455724.000 35.000 26.900 510.777 0.767 16.000 0.000 0.000 1575420032.000 -9223372036854776000.000 0.000 
卫星5: 1.000 1.000 0.000 81935.000 387715374136575.000 11.000 24.100 -574.643 0.186 16.000 -0.000 2548.255 1176450048.000 -9223372036854776000.000 0.000 
卫星6: 4.000 1.000 0.000 81935.000 387715369670042.000 4.000 33.900 581.492 0.060 16.000 -0.000 2548.255 1176450048.000 -9223372036854776000.000 0.000 
卫星7: 9.000 1.000 0.000 81935.000 387715373299898.000 8.000 27.700 389.468 0.071 16.000 -0.000 2548.255 1176450048.000 -9223372036854776000.000 0.000 
卫星8: 14.000 1.000 0.000 81935.000 387715363316795.000 9.000 26.600 -380.897 0.065 16.000 -0.000 2548.255 1176450048.000 -9223372036854776000.000 0.000 
卫星9: 5.000 6.000 0.000 81935.000 387715365462021.000 5.000 32.300 510.778 0.058 16.000 -0.000 2548.255 1176450048.000 -9223372036854776000.000 0.000 
卫星10: 8.000 6.000 0.000 81935.000 387715358460024.000 27.000 18.000 -173.398 2.898 16.000 0.000 0.000 1176450048.000 -9223372036854776000.000 0.000 
卫星11: 36.000 6.000 0.000 81935.000 387715363069340.000 23.000 18.800 -494.188 2.096 16.000 0.000 0.000 1176450048.000 -9223372036854776000.000 0.000 
卫星12: 27.000 5.000 0.000 16399.000 387701360859805.000 8.000 26.900 -611.788 0.082 16.000 -0.000 2548.255 1176450048.000 -9223372036854776000.000 0.000 
卫星13: 32.000 5.000 0.000 16399.000 387701359136353.000 11.000 23.700 318.441 0.193 16.000 -0.000 2548.255 1176450048.000 -9223372036854776000.000 0.000 
卫星14: 9.000 7.000 0.000 16399.000 387715317194254.000 70.000 23.100 147.380 0.942 16.000 0.000 0.000 1176450048.000 -9223372036854776000.000 0.000 

时钟数据数组: 16918012000000.000 -0.530 3.735 -1445237998436426500.000 66.000 18.000 0.000 103.584 22.809 
测量数据数组:
卫星0: 4.000 1.000 0.000 16399.000 387716369660334.000 31.000 26.700 582.118 0.740 16.000 0.000 0.000 1575420032.000 -9223372036854776000.000 0.000 
卫星1: 21.000 3.000 0.000 49359.000 52898372166793.000 21.000 30.600 -799.110 0.079 16.000 -0.000 1868.720 1604249984.000 -9223372036854776000.000 0.000 
卫星2: 7.000 3.000 0.000 49359.000 52898370467624.000 181.000 14.100 517.889 10.132 16.000 0.000 0.000 1604812544.000 -9223372036854776000.000 0.000 
卫星3: 28.000 5.000 0.000 16399.000 387702372715535.000 106.000 18.500 -430.351 3.625 16.000 0.000 0.000 1561097984.000 -9223372036854776000.000 0.000 
卫星4: 27.000 5.000 0.000 16399.000 387702360855636.000 27.000 29.100 -611.271 0.576 16.000 0.000 0.000 1561097984.000 -9223372036854776000.000 0.000 
卫星5: 3.000 6.000 0.000 23567.000 387716364649266.000 61.000 23.200 247.943 0.956 16.000 0.000 0.000 1575420032.000 -9223372036854776000.000 0.000 
卫星6: 5.000 6.000 0.000 23567.000 387716365453976.000 27.000 28.600 510.967 0.657 16.000 0.000 0.000 1575420032.000 -9223372036854776000.000 0.000 
卫星7: 1.000 1.000 0.000 81935.000 387716374138488.000 11.000 24.000 -574.305 0.186 16.000 -0.000 2548.255 1176450048.000 -9223372036854776000.000 0.000 
卫星8: 4.000 1.000 0.000 81935.000 387716369668102.000 4.000 34.300 581.717 0.060 16.000 -0.000 2548.255 1176450048.000 -9223372036854776000.000 0.000 
卫星9: 9.000 1.000 0.000 81935.000 387716373298599.000 8.000 27.600 389.756 0.071 16.000 -0.000 2548.255 1176450048.000 -9223372036854776000.000 0.000 
卫星10: 14.000 1.000 0.000 81935.000 387716363318069.000 8.000 26.900 -380.693 0.056 16.000 -0.000 2548.255 1176450048.000 -9223372036854776000.000 0.000 
卫星11: 5.000 6.000 0.000 81935.000 387716365460317.000 5.000 32.500 511.059 0.058 16.000 -0.000 2548.255 1176450048.000 -9223372036854776000.000 0.000 
卫星12: 27.000 5.000 0.000 16399.000 387702360861846.000 8.000 26.500 -611.517 0.082 16.000 -0.000 2548.255 1176450048.000 -9223372036854776000.000 0.000 
卫星13: 32.000 5.000 0.000 16399.000 387702359135276.000 10.000 24.800 318.706 0.119 16.000 -0.000 2548.255 1176450048.000 -9223372036854776000.000 0.000 
卫星14: 2.000 7.000 0.000 16399.000 387716316406634.000 70.000 22.500 -31.115 1.771 16.000 0.000 0.000 1176450048.000 -9223372036854776000.000 0.000 

时钟数据数组: 16919012000000.000 -0.698 3.810 -1445237998436426500.000 66.000 18.000 0.000 106.837 23.076 
测量数据数组:
卫星0: 4.000 1.000 0.000 16399.000 387717369658375.000 40.000 25.300 582.127 0.800 16.000 0.000 0.000 1575420032.000 -9223372036854776000.000 0.000 
卫星1: 21.000 3.000 0.000 49359.000 52899372169434.000 19.000 31.100 -799.120 0.060 16.000 -0.000 1868.720 1604249984.000 -9223372036854776000.000 0.000 
卫星2: 8.000 3.000 0.000 49359.000 52899369804042.000 106.000 18.200 185.062 3.620 16.000 0.000 0.000 1605374976.000 -9223372036854776000.000 0.000 
卫星3: 27.000 5.000 0.000 16399.000 387703360857675.000 24.000 29.300 -611.549 0.093 16.000 -0.000 1920.376 1561097984.000 -9223372036854776000.000 0.000 
卫星4: 3.000 6.000 0.000 23567.000 387717364648427.000 53.000 23.400 248.048 0.956 16.000 0.000 0.000 1575420032.000 -9223372036854776000.000 0.000 
卫星5: 5.000 6.000 0.000 23567.000 387717365452268.000 31.000 27.300 511.053 0.707 16.000 0.000 0.000 1575420032.000 -9223372036854776000.000 0.000 
卫星6: 1.000 1.000 0.000 81935.000 387717374140402.000 12.000 23.300 -574.089 0.952 16.000 0.000 0.000 1176450048.000 -9223372036854776000.000 0.000 
卫星7: 4.000 1.000 0.000 81935.000 387717369666163.000 4.000 34.900 581.682 0.058 16.000 -0.000 2548.255 1176450048.000 -9223372036854776000.000 0.000 
卫星8: 9.000 1.000 0.000 81935.000 387717373297302.000 8.000 28.000 389.761 0.069 16.000 -0.000 2548.255 1176450048.000 -9223372036854776000.000 0.000 
卫星9: 14.000 1.000 0.000 81935.000 387717363319339.000 9.000 26.300 -380.761 0.065 16.000 -0.000 2548.255 1176450048.000 -9223372036854776000.000 0.000 
卫星10: 5.000 6.000 0.000 81935.000 387717365458615.000 5.000 32.700 510.969 0.058 16.000 -0.000 2548.255 1176450048.000 -9223372036854776000.000 0.000 
卫星11: 27.000 5.000 0.000 16399.000 387703360863883.000 8.000 27.500 -611.523 0.079 16.000 -0.000 2548.255 1176450048.000 -9223372036854776000.000 0.000 
卫星12: 32.000 5.000 0.000 16399.000 387703359134217.000 9.000 26.000 318.649 0.089 16.000 -0.000 2548.255 1176450048.000 -9223372036854776000.000 0.000 
卫星13: 2.000 7.000 0.000 16399.000 387717316406687.000 70.000 23.200 -31.892 0.940 16.000 0.000 0.000 1176450048.000 -9223372036854776000.000 0.000 
卫星14: 9.000 7.000 0.000 16399.000 387717317193117.000 61.000 23.500 147.316 1.692 16.000 0.000 0.000 1176450048.000 -9223372036854776000.000 0.000 

时钟数据数组: 16920012000000.000 -0.258 2.145 -1445237998436426500.000 66.000 18.000 0.000 97.383 22.058 
测量数据数组:
卫星0: 4.000 1.000 0.000 16399.000 387718369656439.000 35.000 26.300 581.366 0.740 16.000 0.000 0.000 1575420032.000 -9223372036854776000.000 0.000 
卫星1: 9.000 1.000 0.000 16399.000 387718373288125.000 122.000 16.800 390.131 5.366 16.000 0.000 0.000 1575420032.000 -9223372036854776000.000 0.000 
卫星2: 21.000 3.000 0.000 49359.000 52900372172177.000 24.000 29.600 -799.517 0.111 16.000 -0.000 1868.720 1604249984.000 -9223372036854776000.000 0.000 
卫星3: 27.000 5.000 0.000 16399.000 387704360859712.000 24.000 29.300 -611.949 0.093 16.000 -0.000 1920.376 1561097984.000 -9223372036854776000.000 0.000 
卫星4: 3.000 6.000 0.000 23567.000 387718364647567.000 53.000 23.400 247.429 0.956 16.000 0.000 0.000 1575420032.000 -9223372036854776000.000 0.000 
卫星5: 5.000 6.000 0.000 23567.000 387718365450586.000 35.000 26.900 510.577 0.767 16.000 0.000 0.000 1575420032.000 -9223372036854776000.000 0.000 
卫星6: 1.000 1.000 0.000 81935.000 387718374142310.000 11.000 23.900 -574.794 0.186 16.000 -0.000 2548.255 1176450048.000 -9223372036854776000.000 0.000 
卫星7: 4.000 1.000 0.000 81935.000 387718369664222.000 4.000 34.400 581.221 0.060 16.000 -0.000 2548.255 1176450048.000 -9223372036854776000.000 0.000 
卫星8: 9.000 1.000 0.000 81935.000 387718373296002.000 8.000 28.500 389.361 0.069 16.000 -0.000 2548.255 1176450048.000 -9223372036854776000.000 0.000 
卫星9: 14.000 1.000 0.000 81935.000 387718363320603.000 9.000 26.600 -381.214 0.065 16.000 -0.000 2548.255 1176450048.000 -9223372036854776000.000 0.000 
卫星10: 5.000 6.000 0.000 81935.000 387718365456905.000 5.000 32.300 510.525 0.058 16.000 -0.000 2548.255 1176450048.000 -9223372036854776000.000 0.000 
卫星11: 8.000 6.000 0.000 81935.000 387718358461756.000 27.000 17.800 -172.761 3.019 16.000 0.000 0.000 1176450048.000 -9223372036854776000.000 0.000 
卫星12: 27.000 5.000 0.000 16399.000 387704360865925.000 8.000 26.600 -611.985 0.082 16.000 -0.000 2548.255 1176450048.000 -9223372036854776000.000 0.000 
卫星13: 32.000 5.000 0.000 16399.000 387704359133148.000 9.000 25.500 318.158 0.089 16.000 -0.000 2548.255 1176450048.000 -9223372036854776000.000 0.000 
卫星14: 9.000 7.000 0.000 16399.000 387718317192626.000 61.000 23.700 147.342 0.942 16.000 0.000 0.000 1176450048.000 -9223372036854776000.000 0.000 

时钟数据数组: 16921012000000.000 -0.258 1.667 -1445237998436426500.000 66.000 18.000 0.000 103.548 21.400 
测量数据数组:
卫星0: 4.000 1.000 0.000 16399.000 387719369654534.000 35.000 25.700 582.137 0.800 16.000 0.000 0.000 1575420032.000 -9223372036854776000.000 0.000 
卫星1: 21.000 3.000 0.000 49359.000 52901372174737.000 21.000 30.300 -798.686 0.079 16.000 -0.000 1868.720 1604249984.000 -9223372036854776000.000 0.000 
卫星2: 8.000 3.000 0.000 49359.000 52901369802650.000 92.000 19.800 184.437 2.020 16.000 0.000 0.000 1605374976.000 -9223372036854776000.000 0.000 
卫星3: 27.000 5.000 0.000 16399.000 387705360861738.000 24.000 29.500 -611.235 0.093 16.000 -0.000 1920.376 1561097984.000 -9223372036854776000.000 0.000 
卫星4: 5.000 6.000 0.000 23567.000 387719365448879.000 35.000 27.000 511.205 0.707 16.000 0.000 0.000 1575420032.000 -9223372036854776000.000 0.000 
卫星5: 1.000 1.000 0.000 81935.000 387719374144231.000 12.000 23.000 -573.847 0.952 16.000 0.000 0.000 1176450048.000 -9223372036854776000.000 0.000 
卫星6: 4.000 1.000 0.000 81935.000 387719369662283.000 4.000 34.000 582.041 0.060 16.000 -0.000 2548.255 1176450048.000 -9223372036854776000.000 0.000 
卫星7: 9.000 1.000 0.000 81935.000 387719373294706.000 8.000 27.200 390.241 0.071 16.000 -0.000 2548.255 1176450048.000 -9223372036854776000.000 0.000 
卫星8: 14.000 1.000 0.000 81935.000 387719363321873.000 11.000 24.800 -380.368 0.169 16.000 -0.000 2548.255 1176450048.000 -9223372036854776000.000 0.000 
卫星9: 5.000 6.000 0.000 81935.000 387719365455203.000 6.000 31.800 511.361 0.065 16.000 -0.000 2548.255 1176450048.000 -9223372036854776000.000 0.000 
卫星10: 27.000 5.000 0.000 16399.000 387705360867962.000 8.000 26.500 -611.148 0.082 16.000 -0.000 2548.255 1176450048.000 -9223372036854776000.000 0.000 
卫星11: 32.000 5.000 0.000 16399.000 387705359132090.000 9.000 25.900 319.016 0.089 16.000 -0.000 2548.255 1176450048.000 -9223372036854776000.000 0.000 
卫星12: 2.000 7.000 0.000 16399.000 387719316406992.000 70.000 23.200 -30.044 1.691 16.000 0.000 0.000 1176450048.000 -9223372036854776000.000 0.000 
卫星13: 9.000 7.000 0.000 16399.000 387719317192190.000 70.000 22.900 147.991 1.022 16.000 0.000 0.000 1176450048.000 -9223372036854776000.000 0.000 

时钟数据数组: 16922012000000.000 -0.317 4.491 -1445237998436426500.000 66.000 18.000 0.000 104.695 22.276 
测量数据数组:
卫星0: 2.000 1.000 0.000 16399.000 387720379434999.000 139.000 16.300 -193.129 6.875 16.000 0.000 0.000 1575420032.000 -9223372036854776000.000 0.000 
卫星1: 4.000 1.000 0.000 16399.000 387720369652577.000 35.000 26.300 582.165 0.740 16.000 0.000 0.000 1575420032.000 -9223372036854776000.000 0.000 
卫星2: 21.000 3.000 0.000 49359.000 52902372177463.000 21.000 30.600 -798.291 0.079 16.000 -0.000 1868.720 1604249984.000 -9223372036854776000.000 0.000 
卫星3: 27.000 5.000 0.000 16399.000 387706360863781.000 24.000 30.000 -610.793 0.093 16.000 -0.000 1920.376 1561097984.000 -9223372036854776000.000 0.000 
卫星4: 3.000 6.000 0.000 23567.000 387720364645967.000 53.000 24.100 248.818 0.885 16.000 0.000 0.000 1575420032.000 -9223372036854776000.000 0.000 
卫星5: 5.000 6.000 0.000 23567.000 387720365447170.000 31.000 27.500 511.804 0.707 16.000 0.000 0.000 1575420032.000 -9223372036854776000.000 0.000 
卫星6: 1.000 1.000 0.000 81935.000 387720374146145.000 11.000 23.900 -573.497 0.186 16.000 -0.000 2548.255 1176450048.000 -9223372036854776000.000 0.000 
卫星7: 4.000 1.000 0.000 81935.000 387720369660341.000 4.000 34.700 582.375 0.060 16.000 -0.000 2548.255 1176450048.000 -9223372036854776000.000 0.000 
卫星8: 9.000 1.000 0.000 81935.000 387720373293401.000 8.000 28.500 390.630 0.069 16.000 -0.000 2548.255 1176450048.000 -9223372036854776000.000 0.000 
卫星9: 14.000 1.000 0.000 81935.000 387720363323143.000 9.000 26.400 -380.078 0.065 16.000 -0.000 2548.255 1176450048.000 -9223372036854776000.000 0.000 
卫星10: 5.000 6.000 0.000 81935.000 387720365453498.000 5.000 32.400 511.689 0.058 16.000 -0.000 2548.255 1176450048.000 -9223372036854776000.000 0.000 
卫星11: 27.000 5.000 0.000 16399.000 387706360870003.000 8.000 26.900 -610.781 0.112 16.000 -0.000 2548.255 1176450048.000 -9223372036854776000.000 0.000 
卫星12: 32.000 5.000 0.000 16399.000 387706359131024.000 10.000 24.500 319.378 0.119 16.000 -0.000 2548.255 1176450048.000 -9223372036854776000.000 0.000 
卫星13: 2.000 7.000 0.000 16399.000 387720316407014.000 61.000 23.400 -29.369 0.940 16.000 0.000 0.000 1176450048.000 -9223372036854776000.000 0.000 
卫星14: 9.000 7.000 0.000 16399.000 387720317191692.000 53.000 24.900 147.826 0.872 16.000 0.000 0.000 1176450048.000 -9223372036854776000.000 0.000 

时钟数据数组: 16923012000000.000 -0.052 6.253 -1445237998436426500.000 66.000 18.000 0.000 99.268 21.526 
测量数据数组:
卫星0: 4.000 1.000 0.000 16399.000 387721369650610.000 31.000 27.000 581.909 0.680 16.000 0.000 0.000 1575420032.000 -9223372036854776000.000 0.000 
卫星1: 21.000 3.000 0.000 49359.000 52903372180107.000 21.000 30.700 -798.283 0.079 16.000 -0.000 1868.720 1604249984.000 -9223372036854776000.000 0.000 
卫星2: 32.000 5.000 0.000 16399.000 387707359123748.000 159.000 16.000 318.670 7.625 16.000 0.000 0.000 1561097984.000 -9223372036854776000.000 0.000 
卫星3: 27.000 5.000 0.000 16399.000 387707360865841.000 24.000 29.400 -610.773 0.093 16.000 -0.000 1920.376 1561097984.000 -9223372036854776000.000 0.000 
卫星4: 3.000 6.000 0.000 23567.000 387721364645089.000 53.000 23.600 248.780 0.956 16.000 0.000 0.000 1575420032.000 -9223372036854776000.000 0.000 
卫星5: 5.000 6.000 0.000 23567.000 387721365445475.000 31.000 27.600 511.690 0.707 16.000 0.000 0.000 1575420032.000 -9223372036854776000.000 0.000 
卫星6: 1.000 1.000 0.000 81935.000 387721374148050.000 12.000 23.000 -573.529 0.952 16.000 0.000 0.000 1176450048.000 -9223372036854776000.000 0.000 
卫星7: 4.000 1.000 0.000 81935.000 387721369658400.000 4.000 34.600 582.354 0.060 16.000 -0.000 2548.255 1176450048.000 -9223372036854776000.000 0.000 
卫星8: 9.000 1.000 0.000 81935.000 387721373292095.000 8.000 27.400 390.671 0.071 16.000 -0.000 2548.255 1176450048.000 -9223372036854776000.000 0.000 
卫星9: 14.000 1.000 0.000 81935.000 387721363324413.000 8.000 27.200 -380.107 0.056 16.000 -0.000 2548.255 1176450048.000 -9223372036854776000.000 0.000 
卫星10: 5.000 6.000 0.000 81935.000 387721365451794.000 5.000 33.200 511.657 0.058 16.000 -0.000 2548.255 1176450048.000 -9223372036854776000.000 0.000 
卫星11: 8.000 6.000 0.000 81935.000 387721358463470.000 23.000 18.500 -171.818 2.898 16.000 0.000 0.000 1176450048.000 -9223372036854776000.000 0.000 
卫星12: 27.000 5.000 0.000 16399.000 387707360872040.000 8.000 26.500 -610.795 0.082 16.000 -0.000 2548.255 1176450048.000 -9223372036854776000.000 0.000 
卫星13: 32.000 5.000 0.000 16399.000 387707359129959.000 9.000 25.700 319.369 0.089 16.000 -0.000 2548.255 1176450048.000 -9223372036854776000.000 0.000 
卫星14: 2.000 7.000 0.000 16399.000 387721316407173.000 61.000 24.000 -29.458 0.870 16.000 0.000 0.000 1176450048.000 -9223372036854776000.000 0.000 
卫星15: 9.000 7.000 0.000 16399.000 387721317191205.000 53.000 24.700 148.883 0.872 16.000 0.000 0.000 1176450048.000 -9223372036854776000.000 0.000 

时钟数据数组: 16924012000000.000 -0.959 6.863 -1445237998436426500.000 66.000 18.000 0.000 97.759 21.340 
测量数据数组:
卫星0: 4.000 1.000 0.000 16399.000 387722369648706.000 35.000 26.200 582.831 0.740 16.000 0.000 0.000 1575420032.000 -9223372036854776000.000 0.000 
卫星1: 9.000 1.000 0.000 16399.000 387722373282957.000 106.000 17.800 390.606 3.746 16.000 0.000 0.000 1575420032.000 -9223372036854776000.000 0.000 
卫星2: 21.000 3.000 0.000 49359.000 52904372182700.000 21.000 30.300 -798.484 0.079 16.000 -0.000 1868.720 1604249984.000 -9223372036854776000.000 0.000 
卫星3: 8.000 3.000 0.000 49359.000 52904369800623.000 80.000 20.100 187.070 2.680 16.000 0.000 0.000 1605374976.000 -9223372036854776000.000 0.000 
卫星4: 27.000 5.000 0.000 16399.000 387708360867875.000 27.000 28.500 -610.983 0.617 16.000 0.000 0.000 1561097984.000 -9223372036854776000.000 0.000 
卫星5: 3.000 6.000 0.000 23567.000 387722364644301.000 61.000 23.200 248.885 0.956 16.000 0.000 0.000 1575420032.000 -9223372036854776000.000 0.000 
卫星6: 5.000 6.000 0.000 23567.000 387722365443763.000 35.000 26.700 511.509 0.767 16.000 0.000 0.000 1575420032.000 -9223372036854776000.000 0.000 
卫星7: 1.000 1.000 0.000 81935.000 387722374149974.000 12.000 22.900 -573.567 1.033 16.000 0.000 0.000 1176450048.000 -9223372036854776000.000 0.000 
卫星8: 4.000 1.000 0.000 81935.000 387722369656455.000 4.000 34.000 582.113 0.060 16.000 -0.000 2548.255 1176450048.000 -9223372036854776000.000 0.000 
卫星9: 9.000 1.000 0.000 81935.000 387722373290788.000 8.000 27.700 390.471 0.071 16.000 -0.000 2548.255 1176450048.000 -9223372036854776000.000 0.000 
卫星10: 14.000 1.000 0.000 81935.000 387722363325681.000 9.000 26.300 -380.441 0.065 16.000 -0.000 2548.255 1176450048.000 -9223372036854776000.000 0.000 
卫星11: 5.000 6.000 0.000 81935.000 387722365450086.000 5.000 32.300 511.428 0.058 16.000 -0.000 2548.255 1176450048.000 -9223372036854776000.000 0.000 
卫星12: 27.000 5.000 0.000 16399.000 387708360874080.000 9.000 26.400 -611.023 0.090 16.000 -0.000 2548.255 1176450048.000 -9223372036854776000.000 0.000 
卫星13: 28.000 5.000 0.000 16399.000 387708372730429.000 34.000 12.600 -429.436 10.470 16.000 0.000 0.000 1176450048.000 -9223372036854776000.000 0.000 
卫星14: 32.000 5.000 0.000 16399.000 387708359128889.000 9.000 25.900 319.087 0.089 16.000 -0.000 2548.255 1176450048.000 -9223372036854776000.000 0.000 
卫星15: 9.000 7.000 0.000 16399.000 387722317190571.000 61.000 24.000 147.520 0.872 16.000 0.000 0.000 1176450048.000 -9223372036854776000.000 0.000 

时钟数据数组: 16925012000000.000 -0.171 6.336 -1445237998436426500.000 66.000 18.000 0.000 101.695 22.824 
测量数据数组:
卫星0: 4.000 1.000 0.000 16399.000 387723369646718.000 35.000 25.900 581.804 0.800 16.000 0.000 0.000 1575420032.000 -9223372036854776000.000 0.000 
卫星1: 21.000 3.000 0.000 49359.000 52905372185442.000 21.000 30.100 -798.302 0.079 16.000 -0.000 1868.720 1604249984.000 -9223372036854776000.000 0.000 
卫星2: 27.000 5.000 0.000 16399.000 387709360869913.000 24.000 29.300 -610.853 0.093 16.000 -0.000 1920.376 1561097984.000 -9223372036854776000.000 0.000 
卫星3: 3.000 6.000 0.000 23567.000 387723364643475.000 53.000 23.800 249.123 0.956 16.000 0.000 0.000 1575420032.000 -9223372036854776000.000 0.000 
卫星4: 5.000 6.000 0.000 23567.000 387723365442048.000 31.000 27.500 511.557 0.707 16.000 0.000 0.000 1575420032.000 -9223372036854776000.000 0.000 
卫星5: 1.000 1.000 0.000 81935.000 387723374151891.000 14.000 22.800 -573.694 1.033 16.000 0.000 0.000 1176450048.000 -9223372036854776000.000 0.000 
卫星6: 4.000 1.000 0.000 81935.000 387723369654513.000 4.000 34.300 582.225 0.060 16.000 -0.000 2548.255 1176450048.000 -9223372036854776000.000 0.000 
卫星7: 9.000 1.000 0.000 81935.000 387723373289490.000 8.000 28.000 390.667 0.069 16.000 -0.000 2548.255 1176450048.000 -9223372036854776000.000 0.000 
卫星8: 14.000 1.000 0.000 81935.000 387723363326949.000 9.000 26.500 -380.300 0.065 16.000 -0.000 2548.255 1176450048.000 -9223372036854776000.000 0.000 
卫星9: 5.000 6.000 0.000 81935.000 387723365448379.000 5.000 32.600 511.567 0.058 16.000 -0.000 2548.255 1176450048.000 -9223372036854776000.000 0.000 
卫星10: 27.000 5.000 0.000 16399.000 387709360876119.000 9.000 26.300 -610.879 0.090 16.000 -0.000 2548.255 1176450048.000 -9223372036854776000.000 0.000 
卫星11: 32.000 5.000 0.000 16399.000 387709359127829.000 10.000 25.200 319.241 0.119 16.000 -0.000 2548.255 1176450048.000 -9223372036854776000.000 0.000 
卫星12: 2.000 7.000 0.000 16399.000 387723316407362.000 70.000 22.800 -29.687 1.771 16.000 0.000 0.000 1176450048.000 -9223372036854776000.000 0.000 
卫星13: 9.000 7.000 0.000 16399.000 387723317190209.000 61.000 23.600 147.749 0.942 16.000 0.000 0.000 1176450048.000 -9223372036854776000.000 0.000 

时钟数据数组: 16926012000000.000 -0.746 6.330 -1445237998436426500.000 66.000 18.000 0.000 96.087 22.083 
测量数据数组:
卫星0: 4.000 1.000 0.000 16399.000 387724369644822.000 40.000 25.500 582.717 0.800 16.000 0.000 0.000 1575420032.000 -9223372036854776000.000 0.000 
卫星1: 21.000 3.000 0.000 49359.000 52906372188027.000 21.000 30.500 -797.828 0.079 16.000 -0.000 1868.720 1604249984.000 -9223372036854776000.000 0.000 
卫星2: 8.000 3.000 0.000 49359.000 52906369799607.000 92.000 19.700 186.864 2.020 16.000 0.000 0.000 1605374976.000 -9223372036854776000.000 0.000 
卫星3: 27.000 5.000 0.000 16399.000 387710360871932.000 21.000 30.300 -610.400 0.061 16.000 -0.000 1920.376 1561097984.000 -9223372036854776000.000 0.000 
卫星4: 3.000 6.000 0.000 23567.000 387724364642654.000 46.000 24.700 249.408 0.885 16.000 0.000 0.000 1575420032.000 -9223372036854776000.000 0.000 
卫星5: 5.000 6.000 0.000 23567.000 387724365440345.000 24.000 29.300 511.974 0.133 16.000 -0.000 1902.918 1575420032.000 -9223372036854776000.000 0.000 
卫星6: 1.000 1.000 0.000 81935.000 387724374153799.000 12.000 23.400 -573.096 0.952 16.000 0.000 0.000 1176450048.000 -9223372036854776000.000 0.000 
卫星7: 4.000 1.000 0.000 81935.000 387724369652571.000 4.000 34.500 582.642 0.060 16.000 -0.000 2548.255 1176450048.000 -9223372036854776000.000 0.000 
卫星8: 9.000 1.000 0.000 81935.000 387724373288182.000 8.000 28.000 391.151 0.069 16.000 -0.000 2548.255 1176450048.000 -9223372036854776000.000 0.000 
卫星9: 14.000 1.000 0.000 81935.000 387724363328220.000 9.000 26.500 -379.835 0.065 16.000 -0.000 2548.255 1176450048.000 -9223372036854776000.000 0.000 
卫星10: 5.000 6.000 0.000 81935.000 387724365446673.000 5.000 32.700 511.982 0.058 16.000 -0.000 2548.255 1176450048.000 -9223372036854776000.000 0.000 
卫星11: 8.000 6.000 0.000 81935.000 387724358465182.000 23.000 18.400 -171.346 2.898 16.000 0.000 0.000 1176450048.000 -9223372036854776000.000 0.000 
卫星12: 27.000 5.000 0.000 16399.000 387710360878154.000 8.000 26.700 -610.438 0.082 16.000 -0.000 2548.255 1176450048.000 -9223372036854776000.000 0.000 
卫星13: 32.000 5.000 0.000 16399.000 387710359126765.000 8.000 26.600 319.689 0.080 16.000 -0.000 2548.255 1176450048.000 -9223372036854776000.000 0.000 
卫星14: 2.000 7.000 0.000 16399.000 387724316407337.000 61.000 23.900 -30.248 0.940 16.000 0.000 0.000 1176450048.000 -9223372036854776000.000 0.000 
卫星15: 9.000 7.000 0.000 16399.000 387724317189622.000 61.000 23.300 147.800 0.942 16.000 0.000 0.000 1176450048.000 -9223372036854776000.000 0.000 

时钟数据数组: 16927012000000.000 -0.064 6.178 -1445237998436426500.000 66.000 18.000 0.000 97.998 21.391 
测量数据数组:
卫星0: 4.000 1.000 0.000 16399.000 387725369642875.000 40.000 25.500 582.774 0.800 16.000 0.000 0.000 1575420032.000 -9223372036854776000.000 0.000 
卫星1: 9.000 1.000 0.000 16399.000 387725373279087.000 92.000 18.800 389.997 2.876 16.000 0.000 0.000 1575420032.000 -9223372036854776000.000 0.000 
卫星2: 21.000 3.000 0.000 49359.000 52907372190745.000 24.000 29.800 -797.851 0.111 16.000 -0.000 1868.720 1604249984.000 -9223372036854776000.000 0.000 
卫星3: 27.000 5.000 0.000 16399.000 387711360873975.000 24.000 29.700 -610.448 0.093 16.000 -0.000 1920.376 1561097984.000 -9223372036854776000.000 0.000 
卫星4: 3.000 6.000 0.000 23567.000 387725364641813.000 53.000 23.800 249.380 0.956 16.000 0.000 0.000 1575420032.000 -9223372036854776000.000 0.000 
卫星5: 5.000 6.000 0.000 23567.000 387725365438633.000 31.000 28.000 511.852 0.657 16.000 0.000 0.000 1575420032.000 -9223372036854776000.000 0.000 
卫星6: 1.000 1.000 0.000 81935.000 387725374155715.000 14.000 22.100 -573.121 1.033 16.000 0.000 0.000 1176450048.000 -9223372036854776000.000 0.000 
卫星7: 4.000 1.000 0.000 81935.000 387725369650628.000 4.000 34.200 582.609 0.060 16.000 -0.000 2548.255 1176450048.000 -9223372036854776000.000 0.000 
卫星8: 9.000 1.000 0.000 81935.000 387725373286878.000 8.000 28.000 391.181 0.069 16.000 -0.000 2548.255 1176450048.000 -9223372036854776000.000 0.000 
卫星9: 14.000 1.000 0.000 81935.000 387725363329484.000 10.000 25.200 -379.944 0.095 16.000 -0.000 2548.255 1176450048.000 -9223372036854776000.000 0.000 
卫星10: 3.000 6.000 0.000 81935.000 387725364648143.000 34.000 16.100 248.776 5.308 16.000 0.000 0.000 1176450048.000 -9223372036854776000.000 0.000 
卫星11: 5.000 6.000 0.000 81935.000 387725365444964.000 6.000 31.800 511.956 0.065 16.000 -0.000 2548.255 1176450048.000 -9223372036854776000.000 0.000 
卫星12: 27.000 5.000 0.000 16399.000 387711360880193.000 8.000 26.500 -610.481 0.082 16.000 -0.000 2548.255 1176450048.000 -9223372036854776000.000 0.000 
卫星13: 32.000 5.000 0.000 16399.000 387711359125707.000 9.000 25.600 319.682 0.089 16.000 -0.000 2548.255 1176450048.000 -9223372036854776000.000 0.000 
卫星14: 9.000 7.000 0.000 16399.000 387725317189206.000 53.000 24.600 149.469 0.872 16.000 0.000 0.000 1176450048.000 -9223372036854776000.000 0.000 

时钟数据数组: 16928012000000.000 -0.749 7.240 -1445237998436426500.000 66.000 18.000 0.000 99.242 21.908 
测量数据数组:
卫星0: 4.000 1.000 0.000 16399.000 387726369640902.000 35.000 26.400 582.108 0.740 16.000 0.000 0.000 1575420032.000 -9223372036854776000.000 0.000 
卫星1: 21.000 3.000 0.000 49359.000 52908372193348.000 24.000 29.300 -798.196 0.111 16.000 -0.000 1868.720 1604249984.000 -9223372036854776000.000 0.000 
卫星2: 27.000 5.000 0.000 16399.000 387712360876032.000 24.000 29.500 -610.852 0.093 16.000 -0.000 1920.376 1561097984.000 -9223372036854776000.000 0.000 
卫星3: 3.000 6.000 0.000 23567.000 387726364641021.000 61.000 23.000 249.056 0.956 16.000 0.000 0.000 1575420032.000 -9223372036854776000.000 0.000 
卫星4: 5.000 6.000 0.000 23567.000 387726365436941.000 31.000 27.900 511.433 0.707 16.000 0.000 0.000 1575420032.000 -9223372036854776000.000 0.000 
卫星5: 1.000 1.000 0.000 81935.000 387726374157618.000 14.000 22.000 -573.108 1.033 16.000 0.000 0.000 1176450048.000 -9223372036854776000.000 0.000 
卫星6: 4.000 1.000 0.000 81935.000 387726369648684.000 4.000 34.300 582.223 0.060 16.000 -0.000 2548.255 1176450048.000 -9223372036854776000.000 0.000 
卫星7: 9.000 1.000 0.000 81935.000 387726373285577.000 8.000 27.700 390.846 0.071 16.000 -0.000 2548.255 1176450048.000 -9223372036854776000.000 0.000 
卫星8: 14.000 1.000 0.000 81935.000 387726363330752.000 9.000 26.500 -380.287 0.065 16.000 -0.000 2548.255 1176450048.000 -9223372036854776000.000 0.000 
卫星9: 5.000 6.000 0.000 81935.000 387726365443257.000 6.000 32.000 511.529 0.065 16.000 -0.000 2548.255 1176450048.000 -9223372036854776000.000 0.000 
卫星10: 36.000 6.000 0.000 81935.000 387726363087433.000 34.000 15.100 -493.576 9.246 16.000 0.000 0.000 1176450048.000 -9223372036854776000.000 0.000 
卫星11: 27.000 5.000 0.000 16399.000 387712360882233.000 9.000 26.400 -610.831 0.090 16.000 -0.000 2548.255 1176450048.000 -9223372036854776000.000 0.000 
卫星12: 32.000 5.000 0.000 16399.000 387712359124630.000 9.000 25.600 319.264 0.089 16.000 -0.000 2548.255 1176450048.000 -9223372036854776000.000 0.000 

时钟数据数组: 16929012000000.000 -0.630 6.084 -1445237998436426500.000 66.000 18.000 0.000 96.261 21.461 
测量数据数组:
卫星0: 4.000 1.000 0.000 16399.000 387727369638956.000 40.000 25.500 582.261 0.800 16.000 0.000 0.000 1575420032.000 -9223372036854776000.000 0.000 
卫星1: 21.000 3.000 0.000 49359.000 52909372196034.000 21.000 30.300 -798.281 0.079 16.000 -0.000 1868.720 1604249984.000 -9223372036854776000.000 0.000 
卫星2: 32.000 5.000 0.000 16399.000 387713359117423.000 122.000 18.100 320.072 5.135 16.000 0.000 0.000 1561097984.000 -9223372036854776000.000 0.000 
卫星3: 27.000 5.000 0.000 16399.000 387713360878058.000 24.000 30.100 -610.952 0.093 16.000 -0.000 1920.376 1561097984.000 -9223372036854776000.000 0.000 
卫星4: 3.000 6.000 0.000 23567.000 387727364640144.000 53.000 23.500 249.028 0.956 16.000 0.000 0.000 1575420032.000 -9223372036854776000.000 0.000 
卫星5: 5.000 6.000 0.000 23567.000 387727365435217.000 31.000 27.800 511.367 0.707 16.000 0.000 0.000 1575420032.000 -9223372036854776000.000 0.000 
卫星6: 1.000 1.000 0.000 81935.000 387727374159534.000 12.000 23.100 -573.490 0.952 16.000 0.000 0.000 1176450048.000 -9223372036854776000.000 0.000 
卫星7: 4.000 1.000 0.000 81935.000 387727369646744.000 4.000 34.600 582.084 0.060 16.000 -0.000 2548.255 1176450048.000 -9223372036854776000.000 0.000 
卫星8: 9.000 1.000 0.000 81935.000 387727373284271.000 8.000 28.200 390.755 0.069 16.000 -0.000 2548.255 1176450048.000 -9223372036854776000.000 0.000 
卫星9: 14.000 1.000 0.000 81935.000 387727363332021.000 9.000 26.400 -380.487 0.065 16.000 -0.000 2548.255 1176450048.000 -9223372036854776000.000 0.000 
卫星10: 5.000 6.000 0.000 81935.000 387727365441552.000 5.000 32.500 511.413 0.058 16.000 -0.000 2548.255 1176450048.000 -9223372036854776000.000 0.000 
卫星11: 8.000 6.000 0.000 81935.000 387727358466899.000 27.000 17.400 -171.155 3.019 16.000 0.000 0.000 1176450048.000 -9223372036854776000.000 0.000 
卫星12: 27.000 5.000 0.000 16399.000 387713360884266.000 8.000 27.000 -610.974 0.082 16.000 -0.000 2548.255 1176450048.000 -9223372036854776000.000 0.000 
卫星13: 32.000 5.000 0.000 16399.000 387713359123576.000 9.000 25.900 319.040 0.119 16.000 -0.000 2548.255 1176450048.000 -9223372036854776000.000 0.000 
卫星14: 2.000 7.000 0.000 16399.000 387727316407752.000 70.000 22.400 -28.897 2.521 16.000 0.000 0.000 1176450048.000 -9223372036854776000.000 0.000 
卫星15: 9.000 7.000 0.000 16399.000 387727317188180.000 61.000 24.200 148.667 1.622 16.000 0.000 0.000 1176450048.000 -9223372036854776000.000 0.000 

时钟数据数组: 16930012000000.000 -0.884 6.353 -1445237998436426500.000 66.000 18.000 0.000 93.695 22.514 
测量数据数组:
卫星0: 4.000 1.000 0.000 16399.000 387728369636997.000 31.000 26.800 581.813 0.740 16.000 0.000 0.000 1575420032.000 -9223372036854776000.000 0.000 
卫星1: 9.000 1.000 0.000 16399.000 387728373275130.000 92.000 19.500 390.987 2.776 16.000 0.000 0.000 1575420032.000 -9223372036854776000.000 0.000 
卫星2: 21.000 3.000 0.000 49359.000 52910372198712.000 21.000 30.600 -798.394 0.079 16.000 -0.000 1868.720 1604249984.000 -9223372036854776000.000 0.000 
卫星3: 7.000 3.000 0.000 49359.000 52910370446699.000 181.000 14.700 519.206 10.132 16.000 0.000 0.000 1604812544.000 -9223372036854776000.000 0.000 
卫星4: 8.000 3.000 0.000 49359.000 52910369796931.000 106.000 18.400 187.705 3.620 16.000 0.000 0.000 1605374976.000 -9223372036854776000.000 0.000 
卫星5: 32.000 5.000 0.000 16399.000 387714359116291.000 70.000 22.200 319.496 1.025 16.000 0.000 0.000 1561097984.000 -9223372036854776000.000 0.000 
卫星6: 28.000 5.000 0.000 16399.000 387714372732821.000 159.000 16.000 -428.709 9.865 16.000 0.000 0.000 1561097984.000 -9223372036854776000.000 0.000 
卫星7: 27.000 5.000 0.000 16399.000 387714360880084.000 21.000 30.300 -611.070 0.061 16.000 -0.000 1920.376 1561097984.000 -9223372036854776000.000 0.000 
卫星8: 3.000 6.000 0.000 23567.000 387728364639313.000 46.000 24.500 249.152 0.885 16.000 0.000 0.000 1575420032.000 -9223372036854776000.000 0.000 
卫星9: 5.000 6.000 0.000 23567.000 387728365433531.000 31.000 28.100 511.253 0.657 16.000 0.000 0.000 1575420032.000 -9223372036854776000.000 0.000 
卫星10: 1.000 1.000 0.000 81935.000 387728374161433.000 14.000 22.400 -573.554 1.033 16.000 0.000 0.000 1176450048.000 -9223372036854776000.000 0.000 
卫星11: 4.000 1.000 0.000 81935.000 387728369644802.000 4.000 34.200 581.906 0.060 16.000 -0.000 2548.255 1176450048.000 -9223372036854776000.000 0.000 
卫星12: 9.000 1.000 0.000 81935.000 387728373282966.000 8.000 27.500 390.645 0.071 16.000 -0.000 2548.255 1176450048.000 -9223372036854776000.000 0.000 
卫星13: 14.000 1.000 0.000 81935.000 387728363333289.000 9.000 26.600 -380.652 0.065 16.000 -0.000 2548.255 1176450048.000 -9223372036854776000.000 0.000 
卫星14: 5.000 6.000 0.000 81935.000 387728365439844.000 5.000 32.800 511.280 0.058 16.000 -0.000 2548.255 1176450048.000 -9223372036854776000.000 0.000 
卫星15: 27.000 5.000 0.000 16399.000 387714360886302.000 9.000 25.500 -611.093 0.090 16.000 -0.000 2548.255 1176450048.000 -9223372036854776000.000 0.000 
卫星16: 32.000 5.000 0.000 16399.000 387714359122503.000 9.000 25.700 318.996 0.089 16.000 -0.000 2548.255 1176450048.000 -9223372036854776000.000 0.000 
卫星17: 2.000 7.000 0.000 16399.000 387728316407770.000 61.000 23.600 -30.694 0.940 16.000 0.000 0.000 1176450048.000 -9223372036854776000.000 0.000 
卫星18: 9.000 7.000 0.000 16399.000 387728317187742.000 53.000 25.100 148.310 0.812 16.000 0.000 0.000 1176450048.000 -9223372036854776000.000 0.000 

时钟数据数组: 16931012000000.000 -0.391 5.733 -1445237998436426500.000 66.000 18.000 0.000 92.068 21.502 
测量数据数组:
卫星0: 4.000 1.000 0.000 16399.000 387729369635129.000 46.000 24.500 581.832 0.860 16.000 0.000 0.000 1575420032.000 -9223372036854776000.000 0.000 
卫星1: 21.000 3.000 0.000 49359.000 52911372201389.000 24.000 29.700 -798.204 0.111 16.000 -0.000 1868.720 1604249984.000 -9223372036854776000.000 0.000 
卫星2: 27.000 5.000 0.000 16399.000 387715360882115.000 21.000 30.500 -610.932 0.061 16.000 -0.000 1920.376 1561097984.000 -9223372036854776000.000 0.000 
卫星3: 3.000 6.000 0.000 23567.000 387729364638466.000 61.000 22.400 249.370 1.036 16.000 0.000 0.000 1575420032.000 -9223372036854776000.000 0.000 
卫星4: 5.000 6.000 0.000 23567.000 387729365431822.000 31.000 28.100 511.433 0.657 16.000 0.000 0.000 1575420032.000 -9223372036854776000.000 0.000 
卫星5: 1.000 1.000 0.000 81935.000 387729374163368.000 12.000 23.800 -573.618 0.952 16.000 0.000 0.000 1176450048.000 -9223372036854776000.000 0.000 
卫星6: 4.000 1.000 0.000 81935.000 387729369642863.000 4.000 33.900 582.031 0.060 16.000 -0.000 2548.255 1176450048.000 -9223372036854776000.000 0.000 
卫星7: 9.000 1.000 0.000 81935.000 387729373281667.000 8.000 27.900 390.832 0.069 16.000 -0.000 2548.255 1176450048.000 -9223372036854776000.000 0.000 
卫星8: 14.000 1.000 0.000 81935.000 387729363334557.000 8.000 26.900 -380.544 0.056 16.000 -0.000 2548.255 1176450048.000 -9223372036854776000.000 0.000 
卫星9: 5.000 6.000 0.000 81935.000 387729365438143.000 5.000 32.600 511.435 0.058 16.000 -0.000 2548.255 1176450048.000 -9223372036854776000.000 0.000 
卫星10: 27.000 5.000 0.000 16399.000 387715360888345.000 9.000 26.100 -610.935 0.090 16.000 -0.000 2548.255 1176450048.000 -9223372036854776000.000 0.000 
卫星11: 32.000 5.000 0.000 16399.000 387715359121430.000 10.000 24.700 319.156 0.119 16.000 -0.000 2548.255 1176450048.000 -9223372036854776000.000 0.000 
卫星12: 9.000 7.000 0.000 16399.000 387729317187136.000 61.000 23.300 148.272 0.942 16.000 0.000 0.000 1176450048.000 -9223372036854776000.000 0.000 

时钟数据数组: 16932012000000.000 -0.152 6.551 -1445237998436426500.000 66.000 18.000 0.000 89.490 21.891 
测量数据数组:
卫星0: 4.000 1.000 0.000 16399.000 387730369633142.000 35.000 26.300 582.070 0.740 16.000 0.000 0.000 1575420032.000 -9223372036854776000.000 0.000 
卫星1: 9.000 1.000 0.000 16399.000 387730373272553.000 92.000 19.500 390.530 2.026 16.000 0.000 0.000 1575420032.000 -9223372036854776000.000 0.000 
卫星2: 17.000 1.000 0.000 16399.000 387730364382558.000 61.000 21.700 -548.541 1.082 16.000 0.000 0.000 1575420032.000 -9223372036854776000.000 0.000 
卫星3: 21.000 3.000 0.000 49359.000 52912372204089.000 21.000 30.800 -798.439 0.079 16.000 -0.000 1868.720 1604249984.000 -9223372036854776000.000 0.000 
卫星4: 7.000 3.000 0.000 49359.000 52912370443250.000 92.000 19.700 518.029 2.022 16.000 0.000 0.000 1604812544.000 -9223372036854776000.000 0.000 
卫星5: 27.000 5.000 0.000 16399.000 387716360884163.000 21.000 30.900 -611.097 0.061 16.000 -0.000 1920.376 1561097984.000 -9223372036854776000.000 0.000 
卫星6: 3.000 6.000 0.000 23567.000 387730364637662.000 46.000 24.900 249.256 0.885 16.000 0.000 0.000 1575420032.000 -9223372036854776000.000 0.000 
卫星7: 5.000 6.000 0.000 23567.000 387730365430097.000 27.000 28.600 511.214 0.657 16.000 0.000 0.000 1575420032.000 -9223372036854776000.000 0.000 
卫星8: 1.000 1.000 0.000 81935.000 387730374165272.000 14.000 22.200 -573.758 1.033 16.000 0.000 0.000 1176450048.000 -9223372036854776000.000 0.000 
卫星9: 4.000 1.000 0.000 81935.000 387730369640920.000 4.000 34.500 581.883 0.060 16.000 -0.000 2548.255 1176450048.000 -9223372036854776000.000 0.000 
卫星10: 9.000 1.000 0.000 81935.000 387730373280363.000 8.000 27.800 390.753 0.071 16.000 -0.000 2548.255 1176450048.000 -9223372036854776000.000 0.000 
卫星11: 14.000 1.000 0.000 81935.000 387730363335820.000 9.000 26.500 -380.709 0.065 16.000 -0.000 2548.255 1176450048.000 -9223372036854776000.000 0.000 
卫星12: 5.000 6.000 0.000 81935.000 387730365436433.000 5.000 33.300 511.214 0.056 16.000 -0.000 2548.255 1176450048.000 -9223372036854776000.000 0.000 
卫星13: 8.000 6.000 0.000 81935.000 387730358468615.000 23.000 18.500 -171.525 2.898 16.000 0.000 0.000 1176450048.000 -9223372036854776000.000 0.000 
卫星14: 27.000 5.000 0.000 16399.000 387716360890383.000 8.000 26.600 -611.070 0.082 16.000 -0.000 2548.255 1176450048.000 -9223372036854776000.000 0.000 
卫星15: 32.000 5.000 0.000 16399.000 387716359120382.000 10.000 25.300 319.026 0.119 16.000 -0.000 2548.255 1176450048.000 -9223372036854776000.000 0.000 
卫星16: 2.000 7.000 0.000 16399.000 387730316407928.000 80.000 22.100 -29.522 1.771 16.000 0.000 0.000 1176450048.000 -9223372036854776000.000 0.000 
卫星17: 9.000 7.000 0.000 16399.000 387730317186632.000 53.000 24.700 148.527 0.872 16.000 0.000 0.000 1176450048.000 -9223372036854776000.000 0.000 

时钟数据数组: 16933012000000.000 -0.764 6.722 -1445237998436426500.000 66.000 18.000 0.000 94.839 21.853 
测量数据数组:
卫星0: 4.000 1.000 0.000 16399.000 387731369631226.000 35.000 25.600 581.262 0.800 16.000 0.000 0.000 1575420032.000 -9223372036854776000.000 0.000 
卫星1: 21.000 3.000 0.000 49359.000 52913372206649.000 21.000 30.200 -798.447 0.079 16.000 -0.000 1868.720 1604249984.000 -9223372036854776000.000 0.000 
卫星2: 8.000 3.000 0.000 49359.000 52913369795062.000 106.000 18.100 188.078 2.870 16.000 0.000 0.000 1605374976.000 -9223372036854776000.000 0.000 
卫星3: 32.000 5.000 0.000 16399.000 387717359113145.000 92.000 19.600 318.843 2.785 16.000 0.000 0.000 1561097984.000 -9223372036854776000.000 0.000 
卫星4: 27.000 5.000 0.000 16399.000 387717360886202.000 21.000 30.700 -611.187 0.061 16.000 -0.000 1920.376 1561097984.000 -9223372036854776000.000 0.000 
卫星5: 3.000 6.000 0.000 23567.000 387731364636800.000 53.000 23.900 249.285 0.956 16.000 0.000 0.000 1575420032.000 -9223372036854776000.000 0.000 
卫星6: 5.000 6.000 0.000 23567.000 387731365428395.000 31.000 27.700 511.138 0.707 16.000 0.000 0.000 1575420032.000 -9223372036854776000.000 0.000 
卫星7: 1.000 1.000 0.000 81935.000 387731374167183.000 11.000 24.400 -573.618 0.186 16.000 -0.000 2548.255 1176450048.000 -9223372036854776000.000 0.000 
卫星8: 4.000 1.000 0.000 81935.000 387731369638979.000 4.000 34.300 581.750 0.060 16.000 -0.000 2548.255 1176450048.000 -9223372036854776000.000 0.000 
卫星9: 9.000 1.000 0.000 81935.000 387731373279059.000 8.000 28.700 390.712 0.069 16.000 -0.000 2548.255 1176450048.000 -9223372036854776000.000 0.000 
卫星10: 14.000 1.000 0.000 81935.000 387731363337101.000 9.000 26.500 -380.815 0.065 16.000 -0.000 2548.255 1176450048.000 -9223372036854776000.000 0.000 
卫星11: 3.000 6.000 0.000 81935.000 387731364643177.000 34.000 15.500 248.980 5.438 16.000 0.000 0.000 1176450048.000 -9223372036854776000.000 0.000 
卫星12: 5.000 6.000 0.000 81935.000 387731365434731.000 5.000 32.600 511.108 0.058 16.000 -0.000 2548.255 1176450048.000 -9223372036854776000.000 0.000 
卫星13: 27.000 5.000 0.000 16399.000 387717360892422.000 8.000 27.200 -611.166 0.082 16.000 -0.000 2548.255 1176450048.000 -9223372036854776000.000 0.000 
卫星14: 32.000 5.000 0.000 16399.000 387717359119320.000 9.000 26.300 318.883 0.089 16.000 -0.000 2548.255 1176450048.000 -9223372036854776000.000 0.000 
卫星15: 9.000 7.000 0.000 16399.000 387731317186165.000 53.000 24.700 149.750 0.872 16.000 0.000 0.000 1176450048.000 -9223372036854776000.000 0.000 

时钟数据数组: 16934012000000.000 -0.807 8.332 -1445237998436426500.000 66.000 18.000 0.000 97.502 22.073 
测量数据数组:
卫星0: 2.000 1.000 0.000 16399.000 387732379442748.000 181.000 14.200 -192.235 10.145 16.000 0.000 0.000 1575420032.000 -9223372036854776000.000 0.000 
卫星1: 4.000 1.000 0.000 16399.000 387732369629335.000 31.000 26.700 582.251 0.740 16.000 0.000 0.000 1575420032.000 -9223372036854776000.000 0.000 
卫星2: 17.000 1.000 0.000 16399.000 387732364386209.000 61.000 22.300 -545.743 1.003 16.000 0.000 0.000 1575420032.000 -9223372036854776000.000 0.000 
卫星3: 21.000 3.000 0.000 49359.000 52914372209339.000 21.000 30.700 -798.182 0.079 16.000 -0.000 1868.720 1604249984.000 -9223372036854776000.000 0.000 
卫星4: 7.000 3.000 0.000 49359.000 52914370439976.000 80.000 20.800 519.178 1.931 16.000 0.000 0.000 1604812544.000 -9223372036854776000.000 0.000 
卫星5: 27.000 5.000 0.000 16399.000 387718360888229.000 24.000 30.200 -610.942 0.093 16.000 -0.000 1920.376 1561097984.000 -9223372036854776000.000 0.000 
卫星6: 3.000 6.000 0.000 23567.000 387732364635986.000 61.000 23.200 249.123 0.956 16.000 0.000 0.000 1575420032.000 -9223372036854776000.000 0.000 
卫星7: 5.000 6.000 0.000 23567.000 387732365426694.000 27.000 28.300 511.357 0.657 16.000 0.000 0.000 1575420032.000 -9223372036854776000.000 0.000 
卫星8: 1.000 1.000 0.000 81935.000 387732374169100.000 12.000 23.600 -573.771 0.952 16.000 0.000 0.000 1176450048.000 -9223372036854776000.000 0.000 
卫星9: 4.000 1.000 0.000 81935.000 387732369637037.000 4.000 34.800 581.952 0.060 16.000 -0.000 2548.255 1176450048.000 -9223372036854776000.000 0.000 
卫星10: 9.000 1.000 0.000 81935.000 387732373277754.000 8.000 27.100 390.942 0.071 16.000 -0.000 2548.255 1176450048.000 -9223372036854776000.000 0.000 
卫星11: 14.000 1.000 0.000 81935.000 387732363338372.000 10.000 25.700 -380.682 0.095 16.000 -0.000 2548.255 1176450048.000 -9223372036854776000.000 0.000 
卫星12: 5.000 6.000 0.000 81935.000 387732365433025.000 5.000 32.800 511.324 0.058 16.000 -0.000 2548.255 1176450048.000 -9223372036854776000.000 0.000 
卫星13: 27.000 5.000 0.000 16399.000 387718360894456.000 8.000 27.000 -611.013 0.082 16.000 -0.000 2548.255 1176450048.000 -9223372036854776000.000 0.000 
卫星14: 32.000 5.000 0.000 16399.000 387718359118249.000 9.000 25.500 319.075 0.089 16.000 -0.000 2548.255 1176450048.000 -9223372036854776000.000 0.000 
卫星15: 2.000 7.000 0.000 16399.000 387732316408251.000 70.000 22.600 -30.401 1.771 16.000 0.000 0.000 1176450048.000 -9223372036854776000.000 0.000 
卫星16: 9.000 7.000 0.000 16399.000 387732317185644.000 46.000 25.300 148.641 0.812 16.000 0.000 0.000 1176450048.000 -9223372036854776000.000 0.000 

时钟数据数组: 16935012000000.000 -0.340 8.237 -1445237998436426500.000 66.000 18.000 0.000 95.156 21.804 
测量数据数组:
卫星0: 4.000 1.000 0.000 16399.000 387733369627341.000 35.000 26.100 582.613 0.740 16.000 0.000 0.000 1575420032.000 -9223372036854776000.000 0.000 
卫星1: 9.000 1.000 0.000 16399.000 387733373268649.000 92.000 19.500 390.930 2.776 16.000 0.000 0.000 1575420032.000 -9223372036854776000.000 0.000 
卫星2: 17.000 1.000 0.000 16399.000 387733364388114.000 61.000 21.800 -546.514 1.082 16.000 0.000 0.000 1575420032.000 -9223372036854776000.000 0.000 
卫星3: 21.000 3.000 0.000 49359.000 52915372212080.000 21.000 30.100 -797.922 0.079 16.000 -0.000 1868.720 1604249984.000 -9223372036854776000.000 0.000 
卫星4: 7.000 3.000 0.000 49359.000 52915370438127.000 53.000 23.000 518.197 0.931 16.000 0.000 0.000 1604812544.000 -9223372036854776000.000 0.000 
卫星5: 27.000 5.000 0.000 16399.000 387719360890269.000 21.000 30.300 -610.701 0.061 16.000 -0.000 1920.376 1561097984.000 -9223372036854776000.000 0.000 
卫星6: 3.000 6.000 0.000 23567.000 387733364635130.000 61.000 23.000 249.732 0.956 16.000 0.000 0.000 1575420032.000 -9223372036854776000.000 0.000 
卫星7: 5.000 6.000 0.000 23567.000 387733365424978.000 27.000 28.700 511.547 0.657 16.000 0.000 0.000 1575420032.000 -9223372036854776000.000 0.000 
卫星8: 1.000 1.000 0.000 81935.000 387733374171013.000 14.000 22.700 -572.802 1.033 16.000 0.000 0.000 1176450048.000 -9223372036854776000.000 0.000 
卫星9: 4.000 1.000 0.000 81935.000 387733369635097.000 4.000 34.200 582.163 0.060 16.000 -0.000 2548.255 1176450048.000 -9223372036854776000.000 0.000 
卫星10: 9.000 1.000 0.000 81935.000 387733373276458.000 8.000 28.200 391.211 0.069 16.000 -0.000 2548.255 1176450048.000 -9223372036854776000.000 0.000 
卫星11: 14.000 1.000 0.000 81935.000 387733363339640.000 10.000 25.300 -380.461 0.095 16.000 -0.000 2548.255 1176450048.000 -9223372036854776000.000 0.000 
卫星12: 5.000 6.000 0.000 81935.000 387733365431321.000 6.000 32.000 511.575 0.065 16.000 -0.000 2548.255 1176450048.000 -9223372036854776000.000 0.000 
卫星13: 8.000 6.000 0.000 81935.000 387733358470330.000 27.000 18.200 -171.321 2.898 16.000 0.000 0.000 1176450048.000 -9223372036854776000.000 0.000 
卫星14: 27.000 5.000 0.000 16399.000 387719360896496.000 9.000 26.000 -610.802 0.090 16.000 -0.000 2548.255 1176450048.000 -9223372036854776000.000 0.000 
卫星15: 32.000 5.000 0.000 16399.000 387719359117190.000 9.000 26.000 319.245 0.089 16.000 -0.000 2548.255 1176450048.000 -9223372036854776000.000 0.000 
卫星16: 9.000 7.000 0.000 16399.000 387733317185189.000 46.000 25.300 149.520 0.812 16.000 0.000 0.000 1176450048.000 -9223372036854776000.000 0.000 

时钟数据数组: 16936012000000.000 -0.088 9.726 -1445237998436426240.000 66.000 18.000 0.000 96.997 22.014 
测量数据数组:
卫星0: 4.000 1.000 0.000 16399.000 387734369625382.000 35.000 25.900 582.156 0.800 16.000 0.000 0.000 1575420032.000 -9223372036854776000.000 0.000 
卫星1: 17.000 1.000 0.000 16399.000 387734364389890.000 61.000 22.400 -545.819 1.003 16.000 0.000 0.000 1575420032.000 -9223372036854776000.000 0.000 
卫星2: 21.000 3.000 0.000 49359.000 52916372214694.000 21.000 30.600 -797.612 0.079 16.000 -0.000 1868.720 1604249984.000 -9223372036854776000.000 0.000 
卫星3: 8.000 3.000 0.000 49359.000 52916369793100.000 106.000 18.900 187.929 2.870 16.000 0.000 0.000 1605374976.000 -9223372036854776000.000 0.000 
卫星4: 32.000 5.000 0.000 16399.000 387720359109961.000 92.000 19.700 318.248 2.785 16.000 0.000 0.000 1561097984.000 -9223372036854776000.000 0.000 
卫星5: 27.000 5.000 0.000 16399.000 387720360892311.000 21.000 30.500 -610.451 0.061 16.000 -0.000 1920.376 1561097984.000 -9223372036854776000.000 0.000 
卫星6: 3.000 6.000 0.000 23567.000 387734364634313.000 46.000 24.800 249.913 0.885 16.000 0.000 0.000 1575420032.000 -9223372036854776000.000 0.000 
卫星7: 5.000 6.000 0.000 23567.000 387734365423281.000 27.000 28.400 511.681 0.657 16.000 0.000 0.000 1575420032.000 -9223372036854776000.000 0.000 
卫星8: 1.000 1.000 0.000 81935.000 387734374172928.000 12.000 23.400 -573.121 0.952 16.000 0.000 0.000 1176450048.000 -9223372036854776000.000 0.000 
卫星9: 4.000 1.000 0.000 81935.000 387734369633157.000 4.000 34.100 582.428 0.060 16.000 -0.000 2548.255 1176450048.000 -9223372036854776000.000 0.000 
卫星10: 9.000 1.000 0.000 81935.000 387734373275142.000 8.000 27.600 391.559 0.071 16.000 -0.000 2548.255 1176450048.000 -9223372036854776000.000 0.000 
卫星11: 14.000 1.000 0.000 81935.000 387734363340912.000 10.000 25.700 -380.196 0.095 16.000 -0.000 2548.255 1176450048.000 -9223372036854776000.000 0.000 
卫星12: 5.000 6.000 0.000 81935.000 387734365429615.000 5.000 32.800 511.808 0.058 16.000 -0.000 2548.255 1176450048.000 -9223372036854776000.000 0.000 
卫星13: 27.000 5.000 0.000 16399.000 387720360898527.000 8.000 27.400 -610.415 0.082 16.000 -0.000 2548.255 1176450048.000 -9223372036854776000.000 0.000 
卫星14: 28.000 5.000 0.000 16399.000 387720372747570.000 34.000 13.300 -428.621 10.310 16.000 0.000 0.000 1176450048.000 -9223372036854776000.000 0.000 
卫星15: 32.000 5.000 0.000 16399.000 387720359116123.000 9.000 25.700 319.607 0.089 16.000 -0.000 2548.255 1176450048.000 -9223372036854776000.000 0.000 
卫星16: 2.000 7.000 0.000 16399.000 387734316408421.000 70.000 23.000 -30.082 1.691 16.000 0.000 0.000 1176450048.000 -9223372036854776000.000 0.000 
卫星17: 9.000 7.000 0.000 16399.000 387734317184781.000 53.000 25.200 147.737 0.812 16.000 0.000 0.000 1176450048.000 -9223372036854776000.000 0.000 

时钟数据数组: 16937012000000.000 -0.895 8.244 -1445237998436426240.000 66.000 18.000 0.000 91.378 20.875 
测量数据数组:
卫星0: 4.000 1.000 0.000 16399.000 387735369623475.000 35.000 26.500 582.536 0.740 16.000 0.000 0.000 1575420032.000 -9223372036854776000.000 0.000 
卫星1: 9.000 1.000 0.000 16399.000 387735373265972.000 92.000 19.200 392.319 2.026 16.000 0.000 0.000 1575420032.000 -9223372036854776000.000 0.000 
卫星2: 17.000 1.000 0.000 16399.000 387735364391766.000 61.000 22.300 -546.276 1.003 16.000 0.000 0.000 1575420032.000 -9223372036854776000.000 0.000 
卫星3: 21.000 3.000 0.000 49359.000 52917372217339.000 19.000 31.200 -797.579 0.060 16.000 -0.000 1868.720 1604249984.000 -9223372036854776000.000 0.000 
卫星4: 7.000 3.000 0.000 49359.000 52917370434407.000 70.000 21.700 519.935 1.842 16.000 0.000 0.000 1604812544.000 -9223372036854776000.000 0.000 
卫星5: 27.000 5.000 0.000 16399.000 387721360894336.000 21.000 31.100 -610.438 0.061 16.000 -0.000 1920.376 1561097984.000 -9223372036854776000.000 0.000 
卫星6: 3.000 6.000 0.000 23567.000 387735364633500.000 53.000 23.300 249.998 0.956 16.000 0.000 0.000 1575420032.000 -9223372036854776000.000 0.000 
卫星7: 5.000 6.000 0.000 23567.000 387735365421558.000 27.000 28.700 511.804 0.657 16.000 0.000 0.000 1575420032.000 -9223372036854776000.000 0.000 
卫星8: 1.000 1.000 0.000 81935.000 387735374174839.000 14.000 22.300 -572.930 1.033 16.000 0.000 0.000 1176450048.000 -9223372036854776000.000 0.000 
卫星9: 4.000 1.000 0.000 81935.000 387735369631213.000 4.000 34.500 582.441 0.060 16.000 -0.000 2548.255 1176450048.000 -9223372036854776000.000 0.000 
卫星10: 9.000 1.000 0.000 81935.000 387735373273840.000 8.000 28.000 391.612 0.069 16.000 -0.000 2548.255 1176450048.000 -9223372036854776000.000 0.000 
卫星11: 14.000 1.000 0.000 81935.000 387735363342176.000 10.000 25.500 -380.201 0.095 16.000 -0.000 2548.255 1176450048.000 -9223372036854776000.000 0.000 
卫星12: 5.000 6.000 0.000 81935.000 387735365427904.000 5.000 32.700 511.853 0.058 16.000 -0.000 2548.255 1176450048.000 -9223372036854776000.000 0.000 
卫星13: 27.000 5.000 0.000 16399.000 387721360900570.000 8.000 26.800 -610.478 0.082 16.000 -0.000 2548.255 1176450048.000 -9223372036854776000.000 0.000 
卫星14: 32.000 5.000 0.000 16399.000 387721359115045.000 9.000 26.400 319.559 0.089 16.000 -0.000 2548.255 1176450048.000 -9223372036854776000.000 0.000 
卫星15: 9.000 7.000 0.000 16399.000 387735317184223.000 70.000 23.100 148.667 0.942 16.000 0.000 0.000 1176450048.000 -9223372036854776000.000 0.000 

时钟数据数组: 16938012000000.000 -0.508 8.379 -1445237998436426240.000 66.000 18.000 0.000 92.216 22.011 
测量数据数组:
卫星0: 4.000 1.000 0.000 16399.000 387736369621491.000 31.000 27.100 582.280 0.680 16.000 0.000 0.000 1575420032.000 -9223372036854776000.000 0.000 
卫星1: 17.000 1.000 0.000 16399.000 387736364393566.000 70.000 21.200 -546.105 1.082 16.000 0.000 0.000 1575420032.000 -9223372036854776000.000 0.000 
卫星2: 21.000 3.000 0.000 49359.000 52918372220104.000 21.000 30.900 -797.672 0.079 16.000 -0.000 1868.720 1604249984.000 -9223372036854776000.000 0.000 
卫星3: 8.000 3.000 0.000 49359.000 52918369791900.000 80.000 20.600 188.349 1.930 16.000 0.000 0.000 1605374976.000 -9223372036854776000.000 0.000 
卫星4: 27.000 5.000 0.000 16399.000 387722360896409.000 21.000 30.500 -610.575 0.061 16.000 -0.000 1920.376 1561097984.000 -9223372036854776000.000 0.000 
卫星5: 3.000 6.000 0.000 23567.000 387736364632656.000 53.000 24.000 250.284 0.885 16.000 0.000 0.000 1575420032.000 -9223372036854776000.000 0.000 
卫星6: 5.000 6.000 0.000 23567.000 387736365419857.000 27.000 28.300 511.586 0.657 16.000 0.000 0.000 1575420032.000 -9223372036854776000.000 0.000 
卫星7: 1.000 1.000 0.000 81935.000 387736374176743.000 12.000 23.100 -572.968 0.952 16.000 0.000 0.000 1176450048.000 -9223372036854776000.000 0.000 
卫星8: 4.000 1.000 0.000 81935.000 387736369629270.000 4.000 34.400 582.298 0.060 16.000 -0.000 2548.255 1176450048.000 -9223372036854776000.000 0.000 
卫星9: 9.000 1.000 0.000 81935.000 387736373272531.000 8.000 28.100 391.494 0.069 16.000 -0.000 2548.255 1176450048.000 -9223372036854776000.000 0.000 
卫星10: 14.000 1.000 0.000 81935.000 387736363343443.000 11.000 24.500 -380.412 0.169 16.000 -0.000 2548.255 1176450048.000 -9223372036854776000.000 0.000 
卫星11: 5.000 6.000 0.000 81935.000 387736365426198.000 5.000 32.700 511.684 0.058 16.000 -0.000 2548.255 1176450048.000 -9223372036854776000.000 0.000 
卫星12: 8.000 6.000 0.000 81935.000 387736358472035.000 27.000 18.000 -170.289 2.898 16.000 0.000 0.000 1176450048.000 -9223372036854776000.000 0.000 
卫星13: 36.000 6.000 0.000 81935.000 387736363103895.000 34.000 13.900 -493.411 8.826 16.000 0.000 0.000 1176450048.000 -9223372036854776000.000 0.000 
卫星14: 27.000 5.000 0.000 16399.000 387722360902602.000 8.000 27.400 -610.562 0.082 16.000 -0.000 2548.255 1176450048.000 -9223372036854776000.000 0.000 
卫星15: 32.000 5.000 0.000 16399.000 387722359113993.000 10.000 25.400 319.477 0.149 16.000 -0.000 2548.255 1176450048.000 -9223372036854776000.000 0.000 
卫星16: 2.000 7.000 0.000 16399.000 387736316408573.000 70.000 22.800 -27.955 1.771 16.000 0.000 0.000 1176450048.000 -9223372036854776000.000 0.000 
卫星17: 9.000 7.000 0.000 16399.000 387736317183696.000 46.000 26.000 148.081 0.752 16.000 0.000 0.000 1176450048.000 -9223372036854776000.000 0.000 

时钟数据数组: 16939012000000.000 -0.799 8.540 -1445237998436426240.000 66.000 18.000 0.000 103.027 21.833 
测量数据数组:
卫星0: 4.000 1.000 0.000 16399.000 387737369619572.000 35.000 25.900 582.717 0.800 16.000 0.000 0.000 1575420032.000 -9223372036854776000.000 0.000 
卫星1: 21.000 3.000 0.000 49359.000 52919372222595.000 19.000 31.000 -797.575 0.060 16.000 -0.000 1868.720 1604249984.000 -9223372036854776000.000 0.000 
卫星2: 7.000 3.000 0.000 49359.000 52919370431188.000 80.000 20.800 519.103 1.931 16.000 0.000 0.000 1604812544.000 -9223372036854776000.000 0.000 
卫星3: 8.000 3.000 0.000 49359.000 52919369791453.000 70.000 21.600 188.144 1.090 16.000 0.000 0.000 1605374976.000 -9223372036854776000.000 0.000 
卫星4: 27.000 5.000 0.000 16399.000 387723360898441.000 21.000 30.500 -610.495 0.061 16.000 -0.000 1920.376 1561097984.000 -9223372036854776000.000 0.000 
卫星5: 3.000 6.000 0.000 23567.000 387737364631798.000 53.000 23.400 250.236 0.956 16.000 0.000 0.000 1575420032.000 -9223372036854776000.000 0.000 
卫星6: 5.000 6.000 0.000 23567.000 387737365418154.000 27.000 28.300 511.719 0.657 16.000 0.000 0.000 1575420032.000 -9223372036854776000.000 0.000 
卫星7: 36.000 6.000 0.000 23567.000 387737363099169.000 92.000 20.100 -492.899 1.210 16.000 0.000 0.000 1575420032.000 -9223372036854776000.000 0.000 
卫星8: 1.000 1.000 0.000 81935.000 387737374178661.000 16.000 21.700 -572.866 1.112 16.000 0.000 0.000 1176450048.000 -9223372036854776000.000 0.000 
卫星9: 4.000 1.000 0.000 81935.000 387737369627329.000 4.000 34.500 582.336 0.060 16.000 -0.000 2548.255 1176450048.000 -9223372036854776000.000 0.000 
卫星10: 9.000 1.000 0.000 81935.000 387737373271223.000 8.000 27.700 391.673 0.071 16.000 -0.000 2548.255 1176450048.000 -9223372036854776000.000 0.000 
卫星11: 14.000 1.000 0.000 81935.000 387737363344720.000 10.000 25.500 -380.286 0.095 16.000 -0.000 2548.255 1176450048.000 -9223372036854776000.000 0.000 
卫星12: 5.000 6.000 0.000 81935.000 387737365424494.000 6.000 32.100 511.725 0.065 16.000 -0.000 2548.255 1176450048.000 -9223372036854776000.000 0.000 
卫星13: 27.000 5.000 0.000 16399.000 387723360904637.000 8.000 27.200 -610.471 0.082 16.000 -0.000 2548.255 1176450048.000 -9223372036854776000.000 0.000 
卫星14: 32.000 5.000 0.000 16399.000 387723359112929.000 10.000 25.400 319.551 0.119 16.000 -0.000 2548.255 1176450048.000 -9223372036854776000.000 0.000 
卫星15: 2.000 7.000 0.000 16399.000 387737316408625.000 53.000 24.300 -28.452 0.870 16.000 0.000 0.000 1176450048.000 -9223372036854776000.000 0.000 
卫星16: 9.000 7.000 0.000 16399.000 387737317183252.000 53.000 24.800 147.826 0.872 16.000 0.000 0.000 1176450048.000 -9223372036854776000.000 0.000 

时钟数据数组: 16940012000000.000 -0.931 9.299 -1445237998436426240.000 66.000 18.000 0.000 106.968 20.876 
测量数据数组:
卫星0: 4.000 1.000 0.000 16399.000 387738369617616.000 27.000 28.200 582.051 0.630 16.000 0.000 0.000 1575420032.000 -9223372036854776000.000 0.000 
卫星1: 17.000 1.000 0.000 16399.000 387738364397079.000 61.000 21.800 -545.477 1.082 16.000 0.000 0.000 1575420032.000 -9223372036854776000.000 0.000 
卫星2: 21.000 3.000 0.000 49359.000 52920372225321.000 19.000 31.100 -797.818 0.060 16.000 -0.000 1868.720 1604249984.000 -9223372036854776000.000 0.000 
卫星3: 27.000 5.000 0.000 16399.000 387724360900441.000 24.000 30.000 -610.740 0.093 16.000 -0.000 1920.376 1561097984.000 -9223372036854776000.000 0.000 
卫星4: 5.000 5.000 0.000 16399.000 387724317519082.000 70.000 22.100 6.040 12.118 16.000 0.000 0.000 1561097984.000 -9223372036854776000.000 0.000 
卫星5: 3.000 6.000 0.000 23567.000 387738364630984.000 61.000 22.500 249.970 1.036 16.000 0.000 0.000 1575420032.000 -9223372036854776000.000 0.000 
卫星6: 5.000 6.000 0.000 23567.000 387738365416454.000 31.000 28.200 511.500 0.657 16.000 0.000 0.000 1575420032.000 -9223372036854776000.000 0.000 
卫星7: 1.000 1.000 0.000 81935.000 387738374180573.000 14.000 22.800 -572.994 1.033 16.000 0.000 0.000 1176450048.000 -9223372036854776000.000 0.000 
卫星8: 4.000 1.000 0.000 81935.000 387738369625387.000 4.000 34.700 582.048 0.060 16.000 -0.000 2548.255 1176450048.000 -9223372036854776000.000 0.000 
卫星9: 9.000 1.000 0.000 81935.000 387738373269920.000 8.000 28.400 391.394 0.069 16.000 -0.000 2548.255 1176450048.000 -9223372036854776000.000 0.000 
卫星10: 14.000 1.000 0.000 81935.000 387738363345979.000 11.000 24.700 -380.670 0.169 16.000 -0.000 2548.255 1176450048.000 -9223372036854776000.000 0.000 
卫星11: 3.000 6.000 0.000 81935.000 387738364637315.000 34.000 14.900 249.298 6.358 16.000 0.000 0.000 1176450048.000 -9223372036854776000.000 0.000 
卫星12: 5.000 6.000 0.000 81935.000 387738365422787.000 5.000 33.100 511.450 0.058 16.000 -0.000 2548.255 1176450048.000 -9223372036854776000.000 0.000 
卫星13: 8.000 6.000 0.000 81935.000 387738358473174.000 23.000 18.700 -170.454 2.179 16.000 0.000 0.000 1176450048.000 -9223372036854776000.000 0.000 
卫星14: 27.000 5.000 0.000 16399.000 387724360906680.000 8.000 26.700 -610.744 0.082 16.000 -0.000 2548.255 1176450048.000 -9223372036854776000.000 0.000 
卫星15: 32.000 5.000 0.000 16399.000 387724359111851.000 8.000 26.600 319.237 0.080 16.000 -0.000 2548.255 1176450048.000 -9223372036854776000.000 0.000 
卫星16: 9.000 7.000 0.000 16399.000 387738317182780.000 46.000 25.500 147.571 0.812 16.000 0.000 0.000 1176450048.000 -9223372036854776000.000 0.000 

时钟数据数组: 16941012000000.000 -0.474 7.485 -1445237998436426240.000 66.000 18.000 0.000 99.644 21.400 
测量数据数组:
卫星0: 4.000 1.000 0.000 16399.000 387739369615599.000 35.000 26.300 582.479 0.740 16.000 0.000 0.000 1575420032.000 -9223372036854776000.000 0.000 
卫星1: 21.000 3.000 0.000 49359.000 52921372227985.000 21.000 30.100 -797.629 0.079 16.000 -0.000 1868.720 1604249984.000 -9223372036854776000.000 0.000 
卫星2: 8.000 3.000 0.000 49359.000 52921369790119.000 80.000 20.600 188.722 1.930 16.000 0.000 0.000 1605374976.000 -9223372036854776000.000 0.000 
卫星3: 27.000 5.000 0.000 16399.000 387725360902499.000 24.000 30.000 -610.588 0.093 16.000 -0.000 1920.376 1561097984.000 -9223372036854776000.000 0.000 
卫星4: 3.000 6.000 0.000 23567.000 387739364630171.000 53.000 23.800 250.208 0.956 16.000 0.000 0.000 1575420032.000 -9223372036854776000.000 0.000 
卫星5: 5.000 6.000 0.000 23567.000 387739365414743.000 27.000 28.600 511.614 0.657 16.000 0.000 0.000 1575420032.000 -9223372036854776000.000 0.000 
卫星6: 36.000 6.000 0.000 23567.000 387739363102528.000 80.000 21.100 -493.203 1.120 16.000 0.000 0.000 1575420032.000 -9223372036854776000.000 0.000 
卫星7: 1.000 1.000 0.000 81935.000 387739374182483.000 16.000 21.700 -572.739 1.112 16.000 0.000 0.000 1176450048.000 -9223372036854776000.000 0.000 
卫星8: 4.000 1.000 0.000 81935.000 387739369623446.000 4.000 34.200 582.194 0.060 16.000 -0.000 2548.255 1176450048.000 -9223372036854776000.000 0.000 
卫星9: 9.000 1.000 0.000 81935.000 387739373268617.000 8.000 27.600 391.589 0.071 16.000 -0.000 2548.255 1176450048.000 -9223372036854776000.000 0.000 
卫星10: 14.000 1.000 0.000 81935.000 387739363347253.000 9.000 26.100 -380.496 0.065 16.000 -0.000 2548.255 1176450048.000 -9223372036854776000.000 0.000 
卫星11: 5.000 6.000 0.000 81935.000 387739365421080.000 5.000 32.400 511.606 0.058 16.000 -0.000 2548.255 1176450048.000 -9223372036854776000.000 0.000 
卫星12: 27.000 5.000 0.000 16399.000 387725360908720.000 8.000 26.600 -610.598 0.082 16.000 -0.000 2548.255 1176450048.000 -9223372036854776000.000 0.000 
卫星13: 32.000 5.000 0.000 16399.000 387725359110796.000 10.000 24.900 319.368 0.119 16.000 -0.000 2548.255 1176450048.000 -9223372036854776000.000 0.000 
卫星14: 2.000 7.000 0.000 16399.000 387739316408890.000 61.000 23.600 -29.573 1.691 16.000 0.000 0.000 1176450048.000 -9223372036854776000.000 0.000 
卫星15: 9.000 7.000 0.000 16399.000 387739317182243.000 61.000 24.200 147.940 0.872 16.000 0.000 0.000 1176450048.000 -9223372036854776000.000 0.000 

时钟数据数组: 16942012000000.000 -0.844 7.142 -1445237998436426240.000 66.000 18.000 0.000 97.748 20.983 
测量数据数组:
卫星0: 4.000 1.000 0.000 16399.000 387740369613677.000 35.000 26.300 581.851 0.740 16.000 0.000 0.000 1575420032.000 -9223372036854776000.000 0.000 
卫星1: 21.000 3.000 0.000 49359.000 52922372230733.000 21.000 30.500 -797.428 0.079 16.000 -0.000 1868.720 1604249984.000 -9223372036854776000.000 0.000 
卫星2: 7.000 3.000 0.000 49359.000 52922370426060.000 106.000 18.900 518.496 2.872 16.000 0.000 0.000 1604812544.000 -9223372036854776000.000 0.000 
卫星3: 32.000 5.000 0.000 16399.000 387726359103583.000 106.000 18.300 319.333 5.135 16.000 0.000 0.000 1561097984.000 -9223372036854776000.000 0.000 
卫星4: 28.000 5.000 0.000 16399.000 387726372749833.000 181.000 15.200 -426.501 9.995 16.000 0.000 0.000 1561097984.000 -9223372036854776000.000 0.000 
卫星5: 27.000 5.000 0.000 16399.000 387726360904528.000 27.000 28.500 -610.196 0.617 16.000 0.000 0.000 1561097984.000 -9223372036854776000.000 0.000 
卫星6: 3.000 6.000 0.000 23567.000 387740364629321.000 53.000 23.500 250.360 0.956 16.000 0.000 0.000 1575420032.000 -9223372036854776000.000 0.000 
卫星7: 5.000 6.000 0.000 23567.000 387740365413022.000 31.000 28.200 511.776 0.657 16.000 0.000 0.000 1575420032.000 -9223372036854776000.000 0.000 
卫星8: 1.000 1.000 0.000 81935.000 387740374184375.000 16.000 21.700 -572.777 1.112 16.000 0.000 0.000 1176450048.000 -9223372036854776000.000 0.000 
卫星9: 4.000 1.000 0.000 81935.000 387740369621504.000 5.000 33.500 582.338 0.062 16.000 -0.000 2548.255 1176450048.000 -9223372036854776000.000 0.000 
卫星10: 9.000 1.000 0.000 81935.000 387740373267310.000 8.000 27.900 391.799 0.069 16.000 -0.000 2548.255 1176450048.000 -9223372036854776000.000 0.000 
卫星11: 14.000 1.000 0.000 81935.000 387740363348524.000 10.000 25.000 -380.358 0.095 16.000 -0.000 2548.255 1176450048.000 -9223372036854776000.000 0.000 
卫星12: 5.000 6.000 0.000 81935.000 387740365419378.000 5.000 32.300 511.747 0.058 16.000 -0.000 2548.255 1176450048.000 -9223372036854776000.000 0.000 
卫星13: 27.000 5.000 0.000 16399.000 387726360910746.000 8.000 26.500 -610.412 0.082 16.000 -0.000 2548.255 1176450048.000 -9223372036854776000.000 0.000 
卫星14: 32.000 5.000 0.000 16399.000 387726359109721.000 10.000 24.800 319.544 0.119 16.000 -0.000 2548.255 1176450048.000 -9223372036854776000.000 0.000 
卫星15: 9.000 7.000 0.000 16399.000 387740317181667.000 53.000 25.000 148.845 0.812 16.000 0.000 0.000 1176450048.000 -9223372036854776000.000 0.000 

时钟数据数组: 16943012000000.000 -0.215 7.930 -1445237998436426240.000 66.000 18.000 0.000 106.023 21.612 
测量数据数组:
卫星0: 4.000 1.000 0.000 16399.000 387741369611798.000 35.000 25.600 583.088 0.800 16.000 0.000 0.000 1575420032.000 -9223372036854776000.000 0.000 
卫星1: 17.000 1.000 0.000 16399.000 387741364402673.000 46.000 24.100 -545.315 0.852 16.000 0.000 0.000 1575420032.000 -9223372036854776000.000 0.000 
卫星2: 21.000 3.000 0.000 49359.000 52923372233246.000 21.000 30.500 -797.461 0.079 16.000 -0.000 1868.720 1604249984.000 -9223372036854776000.000 0.000 
卫星3: 27.000 5.000 0.000 16399.000 387727360906595.000 27.000 29.200 -610.839 0.576 16.000 0.000 0.000 1561097984.000 -9223372036854776000.000 0.000 
卫星4: 3.000 6.000 0.000 23567.000 387741364628489.000 46.000 24.400 250.246 0.885 16.000 0.000 0.000 1575420032.000 -9223372036854776000.000 0.000 
卫星5: 5.000 6.000 0.000 23567.000 387741365411334.000 24.000 29.400 511.714 0.133 16.000 -0.000 1902.918 1575420032.000 -9223372036854776000.000 0.000 
卫星6: 1.000 1.000 0.000 81935.000 387741374186297.000 11.000 23.900 -572.616 0.186 16.000 -0.000 2548.255 1176450048.000 -9223372036854776000.000 0.000 
卫星7: 4.000 1.000 0.000 81935.000 387741369619560.000 4.000 34.000 582.272 0.060 16.000 -0.000 2548.255 1176450048.000 -9223372036854776000.000 0.000 
卫星8: 9.000 1.000 0.000 81935.000 387741373266002.000 8.000 28.600 391.830 0.069 16.000 -0.000 2548.255 1176450048.000 -9223372036854776000.000 0.000 
卫星9: 14.000 1.000 0.000 81935.000 387741363349787.000 11.000 24.600 -380.440 0.169 16.000 -0.000 2548.255 1176450048.000 -9223372036854776000.000 0.000 
卫星10: 5.000 6.000 0.000 81935.000 387741365417664.000 5.000 32.500 511.687 0.058 16.000 -0.000 2548.255 1176450048.000 -9223372036854776000.000 0.000 
卫星11: 8.000 6.000 0.000 81935.000 387741358474875.000 27.000 17.800 -169.970 3.019 16.000 0.000 0.000 1176450048.000 -9223372036854776000.000 0.000 
卫星12: 27.000 5.000 0.000 16399.000 387727360912787.000 9.000 26.000 -610.454 0.090 16.000 -0.000 2548.255 1176450048.000 -9223372036854776000.000 0.000 
卫星13: 32.000 5.000 0.000 16399.000 387727359108658.000 8.000 26.800 319.541 0.080 16.000 -0.000 2548.255 1176450048.000 -9223372036854776000.000 0.000 
卫星14: 2.000 7.000 0.000 16399.000 387741316409189.000 70.000 22.700 -28.375 1.771 16.000 0.000 0.000 1176450048.000 -9223372036854776000.000 0.000 
卫星15: 9.000 7.000 0.000 16399.000 387741317181185.000 46.000 25.400 147.826 0.812 16.000 0.000 0.000 1176450048.000 -9223372036854776000.000 0.000 

时钟数据数组: 16944012000000.000 -0.407 7.839 -1445237998436426240.000 66.000 18.000 0.000 103.706 21.435 
测量数据数组:
卫星0: 4.000 1.000 0.000 16399.000 387742369609809.000 31.000 27.000 581.775 0.680 16.000 0.000 0.000 1575420032.000 -9223372036854776000.000 0.000 
卫星1: 9.000 1.000 0.000 16399.000 387742373256880.000 139.000 16.300 391.862 6.116 16.000 0.000 0.000 1575420032.000 -9223372036854776000.000 0.000 
卫星2: 17.000 1.000 0.000 16399.000 387742364404564.000 61.000 22.300 -546.638 1.003 16.000 0.000 0.000 1575420032.000 -9223372036854776000.000 0.000 
卫星3: 21.000 3.000 0.000 49359.000 52924372235968.000 21.000 30.700 -797.485 0.079 16.000 -0.000 1868.720 1604249984.000 -9223372036854776000.000 0.000 
卫星4: 8.000 3.000 0.000 49359.000 52924369788135.000 92.000 19.600 189.133 2.770 16.000 0.000 0.000 1605374976.000 -9223372036854776000.000 0.000 
卫星5: 32.000 5.000 0.000 16399.000 387728359101344.000 80.000 20.800 319.823 1.945 16.000 0.000 0.000 1561097984.000 -9223372036854776000.000 0.000 
卫星6: 27.000 5.000 0.000 16399.000 387728360908598.000 19.000 31.800 -610.516 0.042 16.000 -0.000 1920.376 1561097984.000 -9223372036854776000.000 0.000 
卫星7: 3.000 6.000 0.000 23567.000 387742364627652.000 53.000 23.800 250.388 0.956 16.000 0.000 0.000 1575420032.000 -9223372036854776000.000 0.000 
卫星8: 5.000 6.000 0.000 23567.000 387742365409634.000 27.000 28.400 511.605 0.657 16.000 0.000 0.000 1575420032.000 -9223372036854776000.000 0.000 
卫星9: 1.000 1.000 0.000 81935.000 387742374188206.000 11.000 24.000 -572.735 0.186 16.000 -0.000 2548.255 1176450048.000 -9223372036854776000.000 0.000 
卫星10: 4.000 1.000 0.000 81935.000 387742369617618.000 4.000 34.400 582.184 0.060 16.000 -0.000 2548.255 1176450048.000 -9223372036854776000.000 0.000 
卫星11: 9.000 1.000 0.000 81935.000 387742373264698.000 8.000 27.900 391.778 0.069 16.000 -0.000 2548.255 1176450048.000 -9223372036854776000.000 0.000 
卫星12: 14.000 1.000 0.000 81935.000 387742363351064.000 11.000 24.000 -380.554 0.169 16.000 -0.000 2548.255 1176450048.000 -9223372036854776000.000 0.000 
卫星13: 5.000 6.000 0.000 81935.000 387742365415959.000 5.000 32.800 511.646 0.058 16.000 -0.000 2548.255 1176450048.000 -9223372036854776000.000 0.000 
卫星14: 27.000 5.000 0.000 16399.000 387728360914825.000 9.000 26.200 -610.516 0.090 16.000 -0.000 2548.255 1176450048.000 -9223372036854776000.000 0.000 
卫星15: 28.000 5.000 0.000 16399.000 387728372758967.000 34.000 14.500 -427.372 7.150 16.000 0.000 0.000 1176450048.000 -9223372036854776000.000 0.000 
卫星16: 32.000 5.000 0.000 16399.000 387728359107594.000 9.000 25.900 319.424 0.089 16.000 -0.000 2548.255 1176450048.000 -9223372036854776000.000 0.000 
卫星17: 2.000 7.000 0.000 16399.000 387742316409233.000 61.000 23.600 -30.210 0.940 16.000 0.000 0.000 1176450048.000 -9223372036854776000.000 0.000 
卫星18: 9.000 7.000 0.000 16399.000 387742317180801.000 53.000 25.200 148.335 0.812 16.000 0.000 0.000 1176450048.000 -9223372036854776000.000 0.000 

时钟数据数组: 16945012000000.000 -0.900 7.623 -1445237998436426240.000 66.000 18.000 0.000 101.413 21.956 
测量数据数组:
卫星0: 4.000 1.000 0.000 16399.000 387743369607850.000 40.000 25.000 582.165 0.800 16.000 0.000 0.000 1575420032.000 -9223372036854776000.000 0.000 
卫星1: 17.000 1.000 0.000 16399.000 387743364406178.000 53.000 22.900 -544.992 1.003 16.000 0.000 0.000 1575420032.000 -9223372036854776000.000 0.000 
卫星2: 21.000 3.000 0.000 49359.000 52925372238572.000 21.000 30.700 -797.348 0.079 16.000 -0.000 1868.720 1604249984.000 -9223372036854776000.000 0.000 
卫星3: 7.000 3.000 0.000 49359.000 52925370420831.000 92.000 19.800 519.935 2.772 16.000 0.000 0.000 1604812544.000 -9223372036854776000.000 0.000 
卫星4: 8.000 3.000 0.000 49359.000 52925369787634.000 70.000 21.700 188.022 1.090 16.000 0.000 0.000 1605374976.000 -9223372036854776000.000 0.000 
卫星5: 27.000 5.000 0.000 16399.000 387729360910650.000 24.000 29.500 -610.353 0.093 16.000 -0.000 1920.376 1561097984.000 -9223372036854776000.000 0.000 
卫星6: 3.000 6.000 0.000 23567.000 387743364626796.000 53.000 24.200 250.493 0.885 16.000 0.000 0.000 1575420032.000 -9223372036854776000.000 0.000 
卫星7: 5.000 6.000 0.000 23567.000 387743365407898.000 27.000 28.700 511.700 0.657 16.000 0.000 0.000 1575420032.000 -9223372036854776000.000 0.000 
卫星8: 36.000 6.000 0.000 23567.000 387743363109111.000 80.000 21.100 -492.290 1.120 16.000 0.000 0.000 1575420032.000 -9223372036854776000.000 0.000 
卫星9: 1.000 1.000 0.000 81935.000 387743374190112.000 12.000 23.100 -572.382 0.952 16.000 0.000 0.000 1176450048.000 -9223372036854776000.000 0.000 
卫星10: 4.000 1.000 0.000 81935.000 387743369615676.000 4.000 34.300 582.301 0.060 16.000 -0.000 2548.255 1176450048.000 -9223372036854776000.000 0.000 
卫星11: 9.000 1.000 0.000 81935.000 387743373263395.000 8.000 27.800 391.935 0.071 16.000 -0.000 2548.255 1176450048.000 -9223372036854776000.000 0.000 
卫星12: 14.000 1.000 0.000 81935.000 387743363352330.000 10.000 25.300 -380.422 0.095 16.000 -0.000 2548.255 1176450048.000 -9223372036854776000.000 0.000 
卫星13: 5.000 6.000 0.000 81935.000 387743365414254.000 6.000 32.200 511.743 0.065 16.000 -0.000 2548.255 1176450048.000 -9223372036854776000.000 0.000 
卫星14: 27.000 5.000 0.000 16399.000 387729360916860.000 8.000 26.700 -610.383 0.082 16.000 -0.000 2548.255 1176450048.000 -9223372036854776000.000 0.000 
卫星15: 32.000 5.000 0.000 16399.000 387729359106520.000 8.000 26.900 319.545 0.110 16.000 -0.000 2548.255 1176450048.000 -9223372036854776000.000 0.000 
卫星16: 9.000 7.000 0.000 16399.000 387743317180225.000 53.000 24.400 147.800 0.872 16.000 0.000 0.000 1176450048.000 -9223372036854776000.000 0.000 

时钟数据数组: 16946012000000.000 -0.290 7.397 -1445237998436426240.000 66.000 18.000 0.000 101.825 21.631 
测量数据数组:
卫星0: 4.000 1.000 0.000 16399.000 387744369605932.000 24.000 29.300 582.112 0.106 16.000 -0.000 1902.918 1575420032.000 -9223372036854776000.000 0.000 
卫星1: 17.000 1.000 0.000 16399.000 387744364408085.000 46.000 23.600 -545.591 0.922 16.000 0.000 0.000 1575420032.000 -9223372036854776000.000 0.000 
卫星2: 21.000 3.000 0.000 49359.000 52926372241258.000 19.000 31.400 -797.328 0.060 16.000 -0.000 1868.720 1604249984.000 -9223372036854776000.000 0.000 
卫星3: 27.000 5.000 0.000 16399.000 387730360912699.000 27.000 28.500 -610.349 0.617 16.000 0.000 0.000 1561097984.000 -9223372036854776000.000 0.000 
卫星4: 3.000 6.000 0.000 23567.000 387744364625985.000 70.000 22.000 250.541 1.036 16.000 0.000 0.000 1575420032.000 -9223372036854776000.000 0.000 
卫星5: 5.000 6.000 0.000 23567.000 387744365406216.000 31.000 27.700 511.652 0.707 16.000 0.000 0.000 1575420032.000 -9223372036854776000.000 0.000 
卫星6: 1.000 1.000 0.000 81935.000 387744374192013.000 16.000 21.300 -572.637 1.112 16.000 0.000 0.000 1176450048.000 -9223372036854776000.000 0.000 
卫星7: 4.000 1.000 0.000 81935.000 387744369613733.000 3.000 36.100 582.179 0.056 16.000 -0.000 2548.255 1176450048.000 -9223372036854776000.000 0.000 
卫星8: 9.000 1.000 0.000 81935.000 387744373262076.000 10.000 25.700 391.953 0.110 16.000 -0.000 2548.255 1176450048.000 -9223372036854776000.000 0.000 
卫星9: 5.000 6.000 0.000 81935.000 387744365412549.000 5.000 32.300 511.644 0.058 16.000 -0.000 2548.255 1176450048.000 -9223372036854776000.000 0.000 
卫星10: 27.000 5.000 0.000 16399.000 387730360918901.000 9.000 26.300 -610.460 0.090 16.000 -0.000 2548.255 1176450048.000 -9223372036854776000.000 0.000 
卫星11: 28.000 5.000 0.000 16399.000 387730372761814.000 20.000 18.500 -427.003 2.140 16.000 0.000 0.000 1176450048.000 -9223372036854776000.000 0.000 
卫星12: 32.000 5.000 0.000 16399.000 387730359105453.000 14.000 22.200 319.656 1.040 16.000 0.000 0.000 1176450048.000 -9223372036854776000.000 0.000 
卫星13: 9.000 7.000 0.000 16399.000 387744317179800.000 61.000 23.900 148.616 0.942 16.000 0.000 0.000 1176450048.000 -9223372036854776000.000 0.000 

时钟数据数组: 16947012000000.000 -0.684 6.653 -1445237998436426240.000 66.000 18.000 0.000 95.404 21.770 
测量数据数组:
卫星0: 4.000 1.000 0.000 16399.000 387745369603998.000 21.000 29.700 582.244 0.074 16.000 -0.000 1902.918 1575420032.000 -9223372036854776000.000 0.000 
卫星1: 17.000 1.000 0.000 16399.000 387745364409897.000 40.000 24.600 -546.267 0.852 16.000 0.000 0.000 1575420032.000 -9223372036854776000.000 0.000 
卫星2: 21.000 3.000 0.000 49359.000 52927372243931.000 21.000 30.200 -797.375 0.079 16.000 -0.000 1868.720 1604249984.000 -9223372036854776000.000 0.000 
卫星3: 8.000 3.000 0.000 49359.000 52927369786325.000 80.000 20.100 188.629 1.930 16.000 0.000 0.000 1605374976.000 -9223372036854776000.000 0.000 
卫星4: 27.000 5.000 0.000 16399.000 387731360914722.000 27.000 28.600 -610.714 0.617 16.000 0.000 0.000 1561097984.000 -9223372036854776000.000 0.000 
卫星5: 5.000 6.000 0.000 23567.000 387745365404502.000 27.000 28.700 511.547 0.657 16.000 0.000 0.000 1575420032.000 -9223372036854776000.000 0.000 
卫星6: 1.000 1.000 0.000 81935.000 387745374193941.000 11.000 24.700 -572.611 0.186 16.000 -0.000 2548.255 1176450048.000 -9223372036854776000.000 0.000 
卫星7: 4.000 1.000 0.000 81935.000 387745369611792.000 4.000 34.200 582.196 0.060 16.000 -0.000 2548.255 1176450048.000 -9223372036854776000.000 0.000 
卫星8: 9.000 1.000 0.000 81935.000 387745373260767.000 11.000 23.900 391.927 0.184 16.000 -0.000 2548.255 1176450048.000 -9223372036854776000.000 0.000 
卫星9: 14.000 1.000 0.000 81935.000 387745363354857.000 23.000 18.100 -380.458 2.096 16.000 0.000 0.000 1176450048.000 -9223372036854776000.000 0.000 
卫星10: 5.000 6.000 0.000 81935.000 387745365410843.000 6.000 31.400 511.636 0.065 16.000 -0.000 2548.255 1176450048.000 -9223372036854776000.000 0.000 
卫星11: 8.000 6.000 0.000 81935.000 387745358477142.000 34.000 16.200 -169.563 3.859 16.000 0.000 0.000 1176450048.000 -9223372036854776000.000 0.000 
卫星12: 27.000 5.000 0.000 16399.000 387731360920936.000 11.000 24.300 -610.688 0.195 16.000 -0.000 2548.255 1176450048.000 -9223372036854776000.000 0.000 
卫星13: 2.000 7.000 0.000 16399.000 387745316409554.000 106.000 20.200 -30.261 2.691 16.000 0.000 0.000 1176450048.000 -9223372036854776000.000 0.000 
卫星14: 9.000 7.000 0.000 16399.000 387745317179284.000 53.000 24.400 148.590 0.872 16.000 0.000 0.000 1176450048.000 -9223372036854776000.000 0.000 

时钟数据数组: 16948012000000.000 -0.687 7.570 -1445237998436426240.000 66.000 18.000 0.000 93.525 22.037 
测量数据数组:
卫星0: 4.000 1.000 0.000 16399.000 387746369602131.000 40.000 24.800 582.470 0.860 16.000 0.000 0.000 1575420032.000 -9223372036854776000.000 0.000 
卫星1: 9.000 1.000 0.000 16399.000 387746373251620.000 122.000 17.500 392.243 3.746 16.000 0.000 0.000 1575420032.000 -9223372036854776000.000 0.000 
卫星2: 17.000 1.000 0.000 16399.000 387746364411773.000 61.000 22.500 -545.848 1.003 16.000 0.000 0.000 1575420032.000 -9223372036854776000.000 0.000 
卫星3: 21.000 3.000 0.000 49359.000 52928372246625.000 24.000 29.500 -797.242 0.111 16.000 -0.000 1868.720 1604249984.000 -9223372036854776000.000 0.000 
卫星4: 27.000 5.000 0.000 16399.000 387732360916752.000 35.000 26.800 -610.042 0.726 16.000 0.000 0.000 1561097984.000 -9223372036854776000.000 0.000 
卫星5: 5.000 6.000 0.000 23567.000 387746365402804.000 27.000 28.900 511.671 0.657 16.000 0.000 0.000 1575420032.000 -9223372036854776000.000 0.000 
卫星6: 1.000 1.000 0.000 81935.000 387746374195846.000 12.000 23.300 -572.357 0.952 16.000 0.000 0.000 1176450048.000 -9223372036854776000.000 0.000 
卫星7: 4.000 1.000 0.000 81935.000 387746369609849.000 3.000 36.400 582.228 0.056 16.000 -0.000 2548.255 1176450048.000 -9223372036854776000.000 0.000 
卫星8: 9.000 1.000 0.000 81935.000 387746373259459.000 9.000 26.000 392.054 0.080 16.000 -0.000 2548.255 1176450048.000 -9223372036854776000.000 0.000 
卫星9: 14.000 1.000 0.000 81935.000 387746363356121.000 16.000 21.500 -380.076 1.096 16.000 0.000 0.000 1176450048.000 -9223372036854776000.000 0.000 
卫星10: 5.000 6.000 0.000 81935.000 387746365409137.000 6.000 31.800 511.662 0.065 16.000 -0.000 2548.255 1176450048.000 -9223372036854776000.000 0.000 
卫星11: 36.000 6.000 0.000 81935.000 387746363120326.000 34.000 14.200 -493.245 8.666 16.000 0.000 0.000 1176450048.000 -9223372036854776000.000 0.000 
卫星12: 27.000 5.000 0.000 16399.000 387732360922971.000 10.000 24.900 -610.466 0.121 16.000 -0.000 2548.255 1176450048.000 -9223372036854776000.000 0.000 

时钟数据数组: 16949012000000.000 -0.528 7.665 -1445237998436426240.000 66.000 18.000 0.000 97.329 23.456 
测量数据数组:
卫星0: 4.000 1.000 0.000 16399.000 387747369600098.000 46.000 24.300 582.708 0.860 16.000 0.000 0.000 1575420032.000 -9223372036854776000.000 0.000 
卫星1: 21.000 3.000 0.000 49359.000 52929372249286.000 27.000 28.600 -797.083 0.635 16.000 0.000 0.000 1604249984.000 -9223372036854776000.000 0.000 
卫星2: 8.000 3.000 0.000 49359.000 52929369784984.000 80.000 20.100 188.788 1.930 16.000 0.000 0.000 1605374976.000 -9223372036854776000.000 0.000 
卫星3: 27.000 5.000 0.000 16399.000 387733360918771.000 61.000 22.600 -610.177 0.997 16.000 0.000 0.000 1561097984.000 -9223372036854776000.000 0.000 
卫星4: 5.000 6.000 0.000 23567.000 387747365401105.000 53.000 23.300 511.719 0.957 16.000 0.000 0.000 1575420032.000 -9223372036854776000.000 0.000 
卫星5: 4.000 1.000 0.000 81935.000 387747369607907.000 6.000 31.300 582.300 0.071 16.000 -0.000 2548.255 1176450048.000 -9223372036854776000.000 0.000 
卫星6: 9.000 1.000 0.000 81935.000 387747373258165.000 16.000 21.700 392.066 1.111 16.000 0.000 0.000 1176450048.000 -9223372036854776000.000 0.000 
卫星7: 5.000 6.000 0.000 81935.000 387747365407431.000 8.000 27.400 511.742 0.059 16.000 -0.000 2548.255 1176450048.000 -9223372036854776000.000 0.000 
卫星8: 28.000 5.000 0.000 16399.000 387733372766092.000 30.000 16.300 -426.761 3.160 16.000 0.000 0.000 1176450048.000 -9223372036854776000.000 0.000 
卫星9: 32.000 5.000 0.000 16399.000 387733359102264.000 27.000 17.400 319.325 3.020 16.000 0.000 0.000 1176450048.000 -9223372036854776000.000 0.000 
卫星10: 9.000 7.000 0.000 16399.000 387747317178222.000 70.000 22.700 149.227 1.772 16.000 0.000 0.000 1176450048.000 -9223372036854776000.000 0.000 

时钟数据数组: 16950012000000.000 -0.511 8.463 -1445237998436426240.000 66.000 18.000 0.000 95.245 24.276 
测量数据数组:
卫星0: 4.000 1.000 0.000 16399.000 387748369598179.000 53.000 23.500 582.556 0.930 16.000 0.000 0.000 1575420032.000 -9223372036854776000.000 0.000 
卫星1: 21.000 3.000 0.000 49359.000 52930372251986.000 35.000 26.400 -796.868 0.744 16.000 0.000 0.000 1604249984.000 -9223372036854776000.000 0.000 
卫星2: 5.000 6.000 0.000 23567.000 387748365399395.000 61.000 22.400 511.738 1.037 16.000 0.000 0.000 1575420032.000 -9223372036854776000.000 0.000 
卫星3: 1.000 1.000 0.000 81935.000 387748374199669.000 20.000 19.400 -571.707 2.072 16.000 0.000 0.000 1176450048.000 -9223372036854776000.000 0.000 
卫星4: 4.000 1.000 0.000 81935.000 387748369605961.000 6.000 29.900 582.361 0.083 16.000 -0.000 2548.255 1176450048.000 -9223372036854776000.000 0.000 
卫星5: 5.000 6.000 0.000 81935.000 387748365405720.000 10.000 25.300 511.813 0.098 16.000 -0.000 2548.255 1176450048.000 -9223372036854776000.000 0.000 
卫星6: 8.000 6.000 0.000 81935.000 387748358478851.000 23.000 18.300 -169.512 2.898 16.000 0.000 0.000 1176450048.000 -9223372036854776000.000 0.000 
卫星7: 27.000 5.000 0.000 16399.000 387734360927034.000 18.000 19.700 -610.339 2.022 16.000 0.000 0.000 1176450048.000 -9223372036854776000.000 0.000 

时钟数据数组: 16951012000000.000 -0.057 8.541 -1445237998436426240.000 66.000 18.000 0.000 101.594 25.767 
测量数据数组:
卫星0: 21.000 3.000 0.000 49359.000 52931372254534.000 35.000 26.400 -796.634 0.744 16.000 0.000 0.000 1604249984.000 -9223372036854776000.000 0.000 
卫星1: 8.000 3.000 0.000 49359.000 52931369783779.000 80.000 20.200 190.076 1.930 16.000 0.000 0.000 1605374976.000 -9223372036854776000.000 0.000 
卫星2: 27.000 5.000 0.000 16399.000 387735360922822.000 80.000 20.500 -609.725 1.917 16.000 0.000 0.000 1561097984.000 -9223372036854776000.000 0.000 
卫星3: 5.000 6.000 0.000 23567.000 387749365397684.000 80.000 21.200 512.090 1.117 16.000 0.000 0.000 1575420032.000 -9223372036854776000.000 0.000 
卫星4: 4.000 1.000 0.000 81935.000 387749369604024.000 7.000 29.600 582.303 0.104 16.000 -0.000 2548.255 1176450048.000 -9223372036854776000.000 0.000 
卫星5: 9.000 1.000 0.000 81935.000 387749373255540.000 20.000 19.600 392.321 2.011 16.000 0.000 0.000 1176450048.000 -9223372036854776000.000 0.000 
卫星6: 5.000 6.000 0.000 81935.000 387749365404007.000 12.000 23.800 511.605 0.939 16.000 0.000 0.000 1176450048.000 -9223372036854776000.000 0.000 
卫星7: 27.000 5.000 0.000 16399.000 387735360929074.000 16.000 20.800 -610.237 1.211 16.000 0.000 0.000 1176450048.000 -9223372036854776000.000 0.000 
卫星8: 28.000 5.000 0.000 16399.000 387735372768946.000 20.000 18.600 -426.608 2.200 16.000 0.000 0.000 1176450048.000 -9223372036854776000.000 0.000 

时钟数据数组: 16952012000000.000 -0.968 9.084 -1445237998436426240.000 66.000 18.000 0.000 125.434 27.175 
测量数据数组:
卫星0: 4.000 1.000 0.000 16399.000 387750369594315.000 70.000 21.500 581.490 1.840 16.000 0.000 0.000 1575420032.000 -9223372036854776000.000 0.000 
卫星1: 21.000 3.000 0.000 49359.000 52932372257316.000 31.000 27.800 -797.045 0.684 16.000 0.000 0.000 1604249984.000 -9223372036854776000.000 0.000 
卫星2: 27.000 5.000 0.000 16399.000 387736360924932.000 53.000 23.600 -611.627 0.916 16.000 0.000 0.000 1561097984.000 -9223372036854776000.000 0.000 
卫星3: 5.000 6.000 0.000 23567.000 387750365395981.000 61.000 22.300 511.700 1.037 16.000 0.000 0.000 1575420032.000 -9223372036854776000.000 0.000 
卫星4: 1.000 1.000 0.000 81935.000 387750374203484.000 23.000 18.500 -572.204 2.173 16.000 0.000 0.000 1176450048.000 -9223372036854776000.000 0.000 
卫星5: 4.000 1.000 0.000 81935.000 387750369602081.000 8.000 28.600 582.157 0.063 16.000 -0.000 2548.255 1176450048.000 -9223372036854776000.000 0.000 
卫星6: 14.000 1.000 0.000 81935.000 387750363361214.000 27.000 17.700 -380.484 3.776 16.000 0.000 0.000 1176450048.000 -9223372036854776000.000 0.000 
卫星7: 3.000 6.000 0.000 81935.000 387750364627311.000 34.000 12.800 250.305 10.458 16.000 0.000 0.000 1176450048.000 -9223372036854776000.000 0.000 
卫星8: 5.000 6.000 0.000 81935.000 387750365402311.000 16.000 21.500 511.899 1.099 16.000 0.000 0.000 1176450048.000 -9223372036854776000.000 0.000 
卫星9: 8.000 6.000 0.000 81935.000 387750358479973.000 23.000 18.900 -169.575 2.179 16.000 0.000 0.000 1176450048.000 -9223372036854776000.000 0.000 
卫星10: 32.000 5.000 0.000 16399.000 387736359099054.000 27.000 16.900 319.605 3.140 16.000 0.000 0.000 1176450048.000 -9223372036854776000.000 0.000 
卫星11: 9.000 7.000 0.000 16399.000 387750317176749.000 106.000 20.100 147.329 2.692 16.000 0.000 0.000 1176450048.000 -9223372036854776000.000 0.000 

时钟数据数组: 16953012000000.000 -0.597 6.893 -1445237998436426240.000 66.000 18.000 0.000 106.589 26.075 
测量数据数组:
卫星0: 4.000 1.000 0.000 16399.000 387751369592385.000 46.000 24.100 582.384 0.860 16.000 0.000 0.000 1575420032.000 -9223372036854776000.000 0.000 
卫星1: 21.000 3.000 0.000 49359.000 52933372259800.000 35.000 26.400 -797.092 0.744 16.000 0.000 0.000 1604249984.000 -9223372036854776000.000 0.000 
卫星2: 27.000 5.000 0.000 16399.000 387737360926931.000 70.000 21.900 -611.579 1.076 16.000 0.000 0.000 1561097984.000 -9223372036854776000.000 0.000 
卫星3: 4.000 1.000 0.000 81935.000 387751369600140.000 7.000 29.100 582.096 0.061 16.000 -0.000 2548.255 1176450048.000 -9223372036854776000.000 0.000 
卫星4: 9.000 1.000 0.000 81935.000 387751373252919.000 23.000 18.800 392.588 2.111 16.000 0.000 0.000 1176450048.000 -9223372036854776000.000 0.000 
卫星5: 5.000 6.000 0.000 81935.000 387751365400593.000 12.000 23.500 511.529 0.939 16.000 0.000 0.000 1176450048.000 -9223372036854776000.000 0.000 
卫星6: 27.000 5.000 0.000 16399.000 387737360933142.000 20.000 18.800 -610.249 2.181 16.000 0.000 0.000 1176450048.000 -9223372036854776000.000 0.000 
卫星7: 28.000 5.000 0.000 16399.000 387737372771782.000 20.000 19.000 -426.837 2.100 16.000 0.000 0.000 1176450048.000 -9223372036854776000.000 0.000 
卫星8: 32.000 5.000 0.000 16399.000 387737359097979.000 16.000 20.800 319.300 1.210 16.000 0.000 0.000 1176450048.000 -9223372036854776000.000 0.000 
卫星9: 9.000 7.000 0.000 16399.000 387751317176298.000 53.000 24.300 147.635 0.872 16.000 0.000 0.000 1176450048.000 -9223372036854776000.000 0.000 

时钟数据数组: 16954012000000.000 -0.007 7.977 -1445237998436426240.000 66.000 18.000 0.000 116.633 26.460 
测量数据数组:
卫星0: 4.000 1.000 0.000 16399.000 387752369590381.000 27.000 27.900 581.499 0.680 16.000 0.000 0.000 1575420032.000 -9223372036854776000.000 0.000 
卫星1: 21.000 3.000 0.000 49359.000 52934372262618.000 24.000 29.700 -797.549 0.111 16.000 -0.000 1868.720 1604249984.000 -9223372036854776000.000 0.000 
卫星2: 8.000 3.000 0.000 49359.000 52934369781781.000 80.000 20.200 189.264 2.680 16.000 0.000 0.000 1605374976.000 -9223372036854776000.000 0.000 
卫星3: 27.000 5.000 0.000 16399.000 387738360928981.000 61.000 22.600 -610.743 0.997 16.000 0.000 0.000 1561097984.000 -9223372036854776000.000 0.000 
卫星4: 4.000 1.000 0.000 81935.000 387752369598201.000 7.000 29.600 581.624 0.061 16.000 -0.000 2548.255 1176450048.000 -9223372036854776000.000 0.000 
卫星5: 14.000 1.000 0.000 81935.000 387752363363758.000 23.000 18.300 -380.790 2.156 16.000 0.000 0.000 1176450048.000 -9223372036854776000.000 0.000 
卫星6: 5.000 6.000 0.000 81935.000 387752365398900.000 14.000 23.100 510.917 0.939 16.000 0.000 0.000 1176450048.000 -9223372036854776000.000 0.000 
卫星7: 28.000 5.000 0.000 16399.000 387738372773208.000 18.000 19.800 -427.028 1.319 16.000 0.000 0.000 1176450048.000 -9223372036854776000.000 0.000 
卫星8: 32.000 5.000 0.000 16399.000 387738359096952.000 16.000 20.500 319.236 1.210 16.000 0.000 0.000 1176450048.000 -9223372036854776000.000 0.000 
卫星9: 2.000 7.000 0.000 16399.000 387752316410119.000 122.000 18.700 -30.312 5.881 16.000 0.000 0.000 1176450048.000 -9223372036854776000.000 0.000 
卫星10: 9.000 7.000 0.000 16399.000 387752317175873.000 53.000 24.700 148.195 0.872 16.000 0.000 0.000 1176450048.000 -9223372036854776000.000 0.000 

时钟数据数组: 16955012000000.000 -0.881 7.775 -1445237998436426240.000 66.000 18.000 0.000 125.951 26.521 
测量数据数组:
卫星0: 4.000 1.000 0.000 16399.000 387753369588514.000 31.000 27.400 581.747 0.680 16.000 0.000 0.000 1575420032.000 -9223372036854776000.000 0.000 
卫星1: 17.000 1.000 0.000 16399.000 387753364424540.000 61.000 22.000 -545.391 1.003 16.000 0.000 0.000 1575420032.000 -9223372036854776000.000 0.000 
卫星2: 21.000 3.000 0.000 49359.000 52935372265158.000 27.000 28.500 -797.709 0.635 16.000 0.000 0.000 1604249984.000 -9223372036854776000.000 0.000 
卫星3: 1.000 1.000 0.000 81935.000 387753374209208.000 30.000 16.800 -572.318 3.133 16.000 0.000 0.000 1176450048.000 -9223372036854776000.000 0.000 
卫星4: 4.000 1.000 0.000 81935.000 387753369596255.000 7.000 29.800 581.852 0.061 16.000 -0.000 2548.255 1176450048.000 -9223372036854776000.000 0.000 
卫星5: 14.000 1.000 0.000 81935.000 387753363365034.000 16.000 21.300 -381.134 1.096 16.000 0.000 0.000 1176450048.000 -9223372036854776000.000 0.000 
卫星6: 5.000 6.000 0.000 81935.000 387753365397197.000 12.000 23.600 511.338 0.939 16.000 0.000 0.000 1176450048.000 -9223372036854776000.000 0.000 
卫星7: 8.000 6.000 0.000 81935.000 387753358481666.000 27.000 17.900 -169.919 3.019 16.000 0.000 0.000 1176450048.000 -9223372036854776000.000 0.000 
卫星8: 27.000 5.000 0.000 16399.000 387739360937211.000 20.000 18.800 -610.644 2.181 16.000 0.000 0.000 1176450048.000 -9223372036854776000.000 0.000 
卫星9: 9.000 7.000 0.000 16399.000 387753317175232.000 53.000 24.700 148.871 0.872 16.000 0.000 0.000 1176450048.000 -9223372036854776000.000 0.000 

时钟数据数组: 16956012000000.000 -0.566 8.500 -1445237998436426240.000 66.000 18.000 0.000 129.657 26.478 
测量数据数组:
卫星0: 1.000 1.000 0.000 16399.000 387754374203196.000 139.000 16.200 -572.670 6.118 16.000 0.000 0.000 1575420032.000 -9223372036854776000.000 0.000 
卫星1: 4.000 1.000 0.000 16399.000 387754369586468.000 35.000 26.400 581.557 0.740 16.000 0.000 0.000 1575420032.000 -9223372036854776000.000 0.000 
卫星2: 21.000 3.000 0.000 49359.000 52936372267817.000 24.000 29.200 -797.534 0.111 16.000 -0.000 1868.720 1604249984.000 -9223372036854776000.000 0.000 
卫星3: 32.000 5.000 0.000 16399.000 387740359088609.000 181.000 10.800 319.477 10.845 16.000 0.000 0.000 1561097984.000 -9223372036854776000.000 0.000 
卫星4: 27.000 5.000 0.000 16399.000 387740360933057.000 80.000 21.100 -611.166 1.826 16.000 0.000 0.000 1561097984.000 -9223372036854776000.000 0.000 
卫星5: 4.000 1.000 0.000 81935.000 387754369594319.000 6.000 30.700 581.585 0.059 16.000 -0.000 2548.255 1176450048.000 -9223372036854776000.000 0.000 
卫星6: 5.000 6.000 0.000 81935.000 387754365395474.000 11.000 24.900 511.312 0.869 16.000 0.000 0.000 1176450048.000 -9223372036854776000.000 0.000 
卫星7: 27.000 5.000 0.000 16399.000 387740360939242.000 16.000 20.900 -611.052 1.211 16.000 0.000 0.000 1176450048.000 -9223372036854776000.000 0.000 
卫星8: 28.000 5.000 0.000 16399.000 387740372776063.000 18.000 20.400 -426.786 1.950 16.000 0.000 0.000 1176450048.000 -9223372036854776000.000 0.000 
卫星9: 32.000 5.000 0.000 16399.000 387740359094805.000 18.000 20.300 319.006 1.930 16.000 0.000 0.000 1176450048.000 -9223372036854776000.000 0.000 
卫星10: 9.000 7.000 0.000 16399.000 387754317174797.000 61.000 23.800 148.119 0.942 16.000 0.000 0.000 1176450048.000 -9223372036854776000.000 0.000 

时钟数据数组: 16957012000000.000 -0.850 8.560 -1445237998436426240.000 66.000 18.000 0.000 143.469 28.119 
测量数据数组:
卫星0: 4.000 1.000 0.000 16399.000 387755369584629.000 31.000 27.100 581.395 0.680 16.000 0.000 0.000 1575420032.000 -9223372036854776000.000 0.000 
卫星1: 17.000 1.000 0.000 16399.000 387755364428129.000 53.000 22.600 -545.991 1.003 16.000 0.000 0.000 1575420032.000 -9223372036854776000.000 0.000 
卫星2: 21.000 3.000 0.000 49359.000 52937372270464.000 24.000 29.200 -797.504 0.111 16.000 -0.000 1868.720 1604249984.000 -9223372036854776000.000 0.000 
卫星3: 8.000 3.000 0.000 49359.000 52937369779972.000 92.000 19.700 190.450 2.770 16.000 0.000 0.000 1605374976.000 -9223372036854776000.000 0.000 
卫星4: 27.000 5.000 0.000 16399.000 387741360935094.000 61.000 23.200 -611.838 0.916 16.000 0.000 0.000 1561097984.000 -9223372036854776000.000 0.000 
卫星5: 4.000 1.000 0.000 81935.000 387755369592377.000 6.000 29.900 581.523 0.059 16.000 -0.000 2548.255 1176450048.000 -9223372036854776000.000 0.000 
卫星6: 14.000 1.000 0.000 81935.000 387755363367571.000 20.000 19.100 -381.529 1.996 16.000 0.000 0.000 1176450048.000 -9223372036854776000.000 0.000 
卫星7: 5.000 6.000 0.000 81935.000 387755365393782.000 11.000 25.000 511.057 0.172 16.000 -0.000 2548.255 1176450048.000 -9223372036854776000.000 0.000 
卫星8: 8.000 6.000 0.000 81935.000 387755358482792.000 20.000 20.000 -169.537 1.929 16.000 0.000 0.000 1176450048.000 -9223372036854776000.000 0.000 
卫星9: 9.000 7.000 0.000 16399.000 387755317174291.000 61.000 24.000 147.380 0.872 16.000 0.000 0.000 1176450048.000 -9223372036854776000.000 0.000 

时钟数据数组: 16958012000000.000 -0.485 8.635 -1445237998436426240.000 66.000 18.000 0.000 154.735 27.653 
测量数据数组:
卫星0: 4.000 1.000 0.000 16399.000 387756369582613.000 35.000 26.300 581.909 0.740 16.000 0.000 0.000 1575420032.000 -9223372036854776000.000 0.000 
卫星1: 21.000 3.000 0.000 49359.000 52938372273278.000 24.000 29.900 -797.447 0.111 16.000 -0.000 1868.720 1604249984.000 -9223372036854776000.000 0.000 
卫星2: 27.000 5.000 0.000 16399.000 387742360937154.000 46.000 24.800 -611.127 0.846 16.000 0.000 0.000 1561097984.000 -9223372036854776000.000 0.000 
卫星3: 1.000 1.000 0.000 81935.000 387756374214943.000 27.000 17.200 -572.407 3.013 16.000 0.000 0.000 1176450048.000 -9223372036854776000.000 0.000 
卫星4: 4.000 1.000 0.000 81935.000 387756369590438.000 7.000 29.200 581.567 0.061 16.000 -0.000 2548.255 1176450048.000 -9223372036854776000.000 0.000 
卫星5: 9.000 1.000 0.000 81935.000 387756373246376.000 30.000 16.500 392.040 4.631 16.000 0.000 0.000 1176450048.000 -9223372036854776000.000 0.000 
卫星6: 14.000 1.000 0.000 81935.000 387756363368843.000 18.000 20.400 -381.172 1.186 16.000 0.000 0.000 1176450048.000 -9223372036854776000.000 0.000 
卫星7: 5.000 6.000 0.000 81935.000 387756365392070.000 16.000 21.600 511.083 1.099 16.000 0.000 0.000 1176450048.000 -9223372036854776000.000 0.000 
卫星8: 9.000 7.000 0.000 16399.000 387756317173848.000 53.000 24.500 148.909 0.872 16.000 0.000 0.000 1176450048.000 -9223372036854776000.000 0.000 

时钟数据数组: 16959012000000.000 -0.899 9.886 -1445237998436426240.000 66.000 18.000 0.000 148.076 26.548 
测量数据数组:
卫星0: 4.000 1.000 0.000 16399.000 387757369580674.000 31.000 27.400 581.518 0.680 16.000 0.000 0.000 1575420032.000 -9223372036854776000.000 0.000 
卫星1: 21.000 3.000 0.000 49359.000 52939372275857.000 24.000 29.300 -797.552 0.111 16.000 -0.000 1868.720 1604249984.000 -9223372036854776000.000 0.000 
卫星2: 8.000 3.000 0.000 49359.000 52939369778826.000 70.000 21.100 190.095 1.840 16.000 0.000 0.000 1605374976.000 -9223372036854776000.000 0.000 
卫星3: 27.000 5.000 0.000 16399.000 387743360939156.000 46.000 24.500 -611.367 0.846 16.000 0.000 0.000 1561097984.000 -9223372036854776000.000 0.000 
卫星4: 5.000 6.000 0.000 23567.000 387757365384076.000 80.000 20.700 511.015 1.207 16.000 0.000 0.000 1575420032.000 -9223372036854776000.000 0.000 
卫星5: 4.000 1.000 0.000 81935.000 387757369588499.000 6.000 30.000 581.411 0.059 16.000 -0.000 2548.255 1176450048.000 -9223372036854776000.000 0.000 
卫星6: 14.000 1.000 0.000 81935.000 387757363370113.000 16.000 21.700 -381.439 1.096 16.000 0.000 0.000 1176450048.000 -9223372036854776000.000 0.000 
卫星7: 5.000 6.000 0.000 81935.000 387757365390365.000 11.000 24.600 510.917 0.869 16.000 0.000 0.000 1176450048.000 -9223372036854776000.000 0.000 
卫星8: 8.000 6.000 0.000 81935.000 387757358483914.000 20.000 19.800 -169.575 2.019 16.000 0.000 0.000 1176450048.000 -9223372036854776000.000 0.000 
卫星9: 27.000 5.000 0.000 16399.000 387743360945375.000 23.000 17.700 -611.027 3.022 16.000 0.000 0.000 1176450048.000 -9223372036854776000.000 0.000 
卫星10: 28.000 5.000 0.000 16399.000 387743372780330.000 27.000 17.200 -426.773 3.040 16.000 0.000 0.000 1176450048.000 -9223372036854776000.000 0.000 
卫星11: 32.000 5.000 0.000 16399.000 387743359091599.000 23.000 18.000 318.510 2.900 16.000 0.000 0.000 1176450048.000 -9223372036854776000.000 0.000 
卫星12: 2.000 7.000 0.000 16399.000 387757316410630.000 122.000 18.700 -28.745 4.381 16.000 0.000 0.000 1176450048.000 -9223372036854776000.000 0.000 
卫星13: 9.000 7.000 0.000 16399.000 387757317173350.000 46.000 25.300 149.571 0.812 16.000 0.000 0.000 1176450048.000 -9223372036854776000.000 0.000 

时钟数据数组: 16960012000000.000 -0.044 12.030 -1445237998436426240.000 66.000 18.000 0.000 148.722 26.497 
测量数据数组:
卫星0: 4.000 1.000 0.000 16399.000 387758369578773.000 31.000 26.600 581.509 0.740 16.000 0.000 0.000 1575420032.000 -9223372036854776000.000 0.000 
卫星1: 9.000 1.000 0.000 16399.000 387758373236122.000 181.000 12.500 391.206 10.456 16.000 0.000 0.000 1575420032.000 -9223372036854776000.000 0.000 
卫星2: 17.000 1.000 0.000 16399.000 387758364433592.000 46.000 24.400 -545.553 0.852 16.000 0.000 0.000 1575420032.000 -9223372036854776000.000 0.000 
卫星3: 30.000 1.000 0.000 16399.000 387758368953531.000 139.000 15.900 -626.894 6.239 16.000 0.000 0.000 1575420032.000 -9223372036854776000.000 0.000 
卫星4: 21.000 3.000 0.000 49359.000 52940372278516.000 24.000 29.900 -797.462 0.111 16.000 -0.000 1868.720 1604249984.000 -9223372036854776000.000 0.000 
卫星5: 27.000 5.000 0.000 16399.000 387744360941176.000 61.000 23.100 -612.500 0.916 16.000 0.000 0.000 1561097984.000 -9223372036854776000.000 0.000 
卫星6: 1.000 1.000 0.000 81935.000 387758374218767.000 23.000 18.500 -573.057 2.173 16.000 0.000 0.000 1176450048.000 -9223372036854776000.000 0.000 
卫星7: 4.000 1.000 0.000 81935.000 387758369586561.000 6.000 29.900 581.470 0.059 16.000 -0.000 2548.255 1176450048.000 -9223372036854776000.000 0.000 
卫星8: 14.000 1.000 0.000 81935.000 387758363371376.000 16.000 21.500 -381.172 1.096 16.000 0.000 0.000 1176450048.000 -9223372036854776000.000 0.000 
卫星9: 5.000 6.000 0.000 81935.000 387758365388660.000 12.000 23.500 510.586 0.939 16.000 0.000 0.000 1176450048.000 -9223372036854776000.000 0.000 
卫星10: 36.000 6.000 0.000 81935.000 387758363140067.000 34.000 12.800 -492.837 10.486 16.000 0.000 0.000 1176450048.000 -9223372036854776000.000 0.000 
卫星11: 9.000 7.000 0.000 16399.000 387758317172913.000 46.000 25.900 147.393 0.812 16.000 0.000 0.000 1176450048.000 -9223372036854776000.000 0.000 

时钟数据数组: 16961012000000.000 -0.130 11.081 -1445237998436426240.000 66.000 18.000 0.000 146.977 26.771 
测量数据数组:
卫星0: 1.000 1.000 0.000 16399.000 387759374212770.000 122.000 16.700 -571.956 4.618 16.000 0.000 0.000 1575420032.000 -9223372036854776000.000 0.000 
卫星1: 4.000 1.000 0.000 16399.000 387759369576805.000 31.000 27.400 581.728 0.680 16.000 0.000 0.000 1575420032.000 -9223372036854776000.000 0.000 
卫星2: 17.000 1.000 0.000 16399.000 387759364435519.000 61.000 21.700 -545.781 1.082 16.000 0.000 0.000 1575420032.000 -9223372036854776000.000 0.000 
卫星3: 21.000 3.000 0.000 49359.000 52941372281103.000 24.000 29.200 -797.401 0.111 16.000 -0.000 1868.720 1604249984.000 -9223372036854776000.000 0.000 
卫星4: 8.000 3.000 0.000 49359.000 52941369777356.000 80.000 20.200 190.067 1.930 16.000 0.000 0.000 1605374976.000 -9223372036854776000.000 0.000 
卫星5: 27.000 5.000 0.000 16399.000 387745360943264.000 53.000 23.400 -610.513 0.916 16.000 0.000 0.000 1561097984.000 -9223372036854776000.000 0.000 
卫星6: 4.000 1.000 0.000 81935.000 387759369584621.000 6.000 30.300 581.534 0.059 16.000 -0.000 2548.255 1176450048.000 -9223372036854776000.000 0.000 
卫星7: 14.000 1.000 0.000 81935.000 387759363372655.000 16.000 21.800 -381.579 1.096 16.000 0.000 0.000 1176450048.000 -9223372036854776000.000 0.000 
卫星8: 5.000 6.000 0.000 81935.000 387759365386961.000 11.000 25.000 511.063 0.172 16.000 -0.000 2548.255 1176450048.000 -9223372036854776000.000 0.000 
卫星9: 8.000 6.000 0.000 81935.000 387759358485054.000 18.000 20.300 -169.626 1.929 16.000 0.000 0.000 1176450048.000 -9223372036854776000.000 0.000 
卫星10: 27.000 5.000 0.000 16399.000 387745360949437.000 20.000 19.000 -610.746 2.082 16.000 0.000 0.000 1176450048.000 -9223372036854776000.000 0.000 
卫星11: 28.000 5.000 0.000 16399.000 387745372783175.000 20.000 18.800 -426.378 2.200 16.000 0.000 0.000 1176450048.000 -9223372036854776000.000 0.000 
卫星12: 32.000 5.000 0.000 16399.000 387745359089480.000 18.000 19.900 319.236 2.080 16.000 0.000 0.000 1176450048.000 -9223372036854776000.000 0.000 
卫星13: 9.000 7.000 0.000 16399.000 387759317172314.000 61.000 23.900 148.208 0.942 16.000 0.000 0.000 1176450048.000 -9223372036854776000.000 0.000 

时钟数据数组: 16962012000000.000 -0.074 9.801 -1445237998436426240.000 66.000 18.000 0.000 139.319 26.190 
测量数据数组:
卫星0: 4.000 1.000 0.000 16399.000 387760369574926.000 31.000 26.700 581.138 0.740 16.000 0.000 0.000 1575420032.000 -9223372036854776000.000 0.000 
卫星1: 21.000 3.000 0.000 49359.000 52942372283844.000 27.000 28.800 -797.101 0.635 16.000 0.000 0.000 1604249984.000 -9223372036854776000.000 0.000 
卫星2: 27.000 5.000 0.000 16399.000 387746360945276.000 46.000 24.600 -609.466 0.846 16.000 0.000 0.000 1561097984.000 -9223372036854776000.000 0.000 
卫星3: 4.000 1.000 0.000 81935.000 387760369582681.000 7.000 29.500 581.379 0.061 16.000 -0.000 2548.255 1176450048.000 -9223372036854776000.000 0.000 
卫星4: 9.000 1.000 0.000 81935.000 387760373241158.000 30.000 16.700 392.129 3.911 16.000 0.000 0.000 1176450048.000 -9223372036854776000.000 0.000 
卫星5: 14.000 1.000 0.000 81935.000 387760363373935.000 14.000 22.500 -381.783 1.016 16.000 0.000 0.000 1176450048.000 -9223372036854776000.000 0.000 
卫星6: 5.000 6.000 0.000 81935.000 387760365385260.000 11.000 24.700 510.945 0.172 16.000 -0.000 2548.255 1176450048.000 -9223372036854776000.000 0.000 
卫星7: 8.000 6.000 0.000 81935.000 387760358485646.000 16.000 21.600 -169.066 1.118 16.000 0.000 0.000 1176450048.000 -9223372036854776000.000 0.000 
卫星8: 27.000 5.000 0.000 16399.000 387746360951475.000 18.000 20.300 -610.594 1.211 16.000 0.000 0.000 1176450048.000 -9223372036854776000.000 0.000 
卫星9: 32.000 5.000 0.000 16399.000 387746359088424.000 14.000 21.700 318.777 1.120 16.000 0.000 0.000 1176450048.000 -9223372036854776000.000 0.000 
卫星10: 9.000 7.000 0.000 16399.000 387760317171845.000 40.000 26.600 146.921 0.752 16.000 0.000 0.000 1176450048.000 -9223372036854776000.000 0.000 

时钟数据数组: 16963012000000.000 -0.290 5.652 -1445237998436426240.000 66.000 18.000 0.000 138.672 26.549 
测量数据数组:
卫星0: 4.000 1.000 0.000 16399.000 387761369572918.000 27.000 28.100 581.233 0.630 16.000 0.000 0.000 1575420032.000 -9223372036854776000.000 0.000 
卫星1: 17.000 1.000 0.000 16399.000 387761364439043.000 61.000 22.400 -546.181 1.003 16.000 0.000 0.000 1575420032.000 -9223372036854776000.000 0.000 
卫星2: 21.000 3.000 0.000 49359.000 52943372286465.000 21.000 30.700 -797.286 0.079 16.000 -0.000 1868.720 1604249984.000 -9223372036854776000.000 0.000 
卫星3: 8.000 3.000 0.000 49359.000 52943369776215.000 92.000 19.700 189.311 2.020 16.000 0.000 0.000 1605374976.000 -9223372036854776000.000 0.000 
卫星4: 27.000 5.000 0.000 16399.000 387747360947326.000 53.000 23.700 -610.282 0.916 16.000 0.000 0.000 1561097984.000 -9223372036854776000.000 0.000 
卫星5: 4.000 1.000 0.000 81935.000 387761369580741.000 6.000 30.200 581.551 0.059 16.000 -0.000 2548.255 1176450048.000 -9223372036854776000.000 0.000 
卫星6: 14.000 1.000 0.000 81935.000 387761363375198.000 16.000 21.600 -381.529 1.096 16.000 0.000 0.000 1176450048.000 -9223372036854776000.000 0.000 
卫星7: 5.000 6.000 0.000 81935.000 387761365383551.000 10.000 25.800 511.081 0.098 16.000 -0.000 2548.255 1176450048.000 -9223372036854776000.000 0.000 
卫星8: 27.000 5.000 0.000 16399.000 387747360953519.000 16.000 20.800 -610.555 1.211 16.000 0.000 0.000 1176450048.000 -9223372036854776000.000 0.000 
卫星9: 28.000 5.000 0.000 16399.000 387747372786032.000 20.000 18.700 -426.378 2.200 16.000 0.000 0.000 1176450048.000 -9223372036854776000.000 0.000 
卫星10: 2.000 7.000 0.000 16399.000 387761316410963.000 106.000 19.900 -29.981 3.531 16.000 0.000 0.000 1176450048.000 -9223372036854776000.000 0.000 
卫星11: 9.000 7.000 0.000 16399.000 387761317171468.000 61.000 23.900 148.081 0.942 16.000 0.000 0.000 1176450048.000 -9223372036854776000.000 0.000 

时钟数据数组: 16964012000000.000 -0.965 5.550 -1445237998436426240.000 66.000 18.000 0.000 149.418 27.638 
测量数据数组:
卫星0: 4.000 1.000 0.000 16399.000 387762369570976.000 31.000 27.400 581.319 0.680 16.000 0.000 0.000 1575420032.000 -9223372036854776000.000 0.000 
卫星1: 17.000 1.000 0.000 16399.000 387762364440890.000 53.000 23.400 -545.125 0.922 16.000 0.000 0.000 1575420032.000 -9223372036854776000.000 0.000 
卫星2: 21.000 3.000 0.000 49359.000 52944372289196.000 24.000 29.200 -797.571 0.111 16.000 -0.000 1868.720 1604249984.000 -9223372036854776000.000 0.000 
卫星3: 8.000 3.000 0.000 49359.000 52944369775514.000 70.000 21.900 189.040 1.090 16.000 0.000 0.000 1605374976.000 -9223372036854776000.000 0.000 
卫星4: 27.000 5.000 0.000 16399.000 387748360949322.000 46.000 25.100 -611.319 0.786 16.000 0.000 0.000 1561097984.000 -9223372036854776000.000 0.000 
卫星5: 1.000 1.000 0.000 81935.000 387762374226399.000 27.000 17.100 -572.688 3.793 16.000 0.000 0.000 1176450048.000 -9223372036854776000.000 0.000 
卫星6: 4.000 1.000 0.000 81935.000 387762369578804.000 6.000 30.400 581.187 0.059 16.000 -0.000 2548.255 1176450048.000 -9223372036854776000.000 0.000 
卫星7: 9.000 1.000 0.000 81935.000 387762373238539.000 23.000 18.500 391.824 2.171 16.000 0.000 0.000 1176450048.000 -9223372036854776000.000 0.000 
卫星8: 14.000 1.000 0.000 81935.000 387762363376481.000 12.000 23.000 -381.860 0.936 16.000 0.000 0.000 1176450048.000 -9223372036854776000.000 0.000 
卫星9: 5.000 6.000 0.000 81935.000 387762365381847.000 11.000 24.300 510.700 0.172 16.000 -0.000 2548.255 1176450048.000 -9223372036854776000.000 0.000 
卫星10: 8.000 6.000 0.000 81935.000 387762358486752.000 20.000 19.400 -169.435 2.079 16.000 0.000 0.000 1176450048.000 -9223372036854776000.000 0.000 
卫星11: 27.000 5.000 0.000 16399.000 387748360955557.000 16.000 20.700 -611.664 1.211 16.000 0.000 0.000 1176450048.000 -9223372036854776000.000 0.000 
卫星12: 32.000 5.000 0.000 16399.000 387748359086287.000 20.000 18.700 318.637 2.120 16.000 0.000 0.000 1176450048.000 -9223372036854776000.000 0.000 
卫星13: 9.000 7.000 0.000 16399.000 387762317170904.000 53.000 24.800 146.666 0.872 16.000 0.000 0.000 1176450048.000 -9223372036854776000.000 0.000 

时钟数据数组: 16965012000000.000 -0.846 3.312 -1445237998436426240.000 66.000 18.000 0.000 137.880 26.230 
测量数据数组:
卫星0: 1.000 1.000 0.000 16399.000 387763374220555.000 106.000 17.800 -572.365 3.748 16.000 0.000 0.000 1575420032.000 -9223372036854776000.000 0.000 
卫星1: 4.000 1.000 0.000 16399.000 387763369569026.000 27.000 28.500 581.537 0.630 16.000 0.000 0.000 1575420032.000 -9223372036854776000.000 0.000 
卫星2: 17.000 1.000 0.000 16399.000 387763364442645.000 61.000 21.600 -545.924 1.082 16.000 0.000 0.000 1575420032.000 -9223372036854776000.000 0.000 
卫星3: 21.000 3.000 0.000 49359.000 52945372291887.000 21.000 30.300 -797.387 0.079 16.000 -0.000 1868.720 1604249984.000 -9223372036854776000.000 0.000 
卫星4: 27.000 5.000 0.000 16399.000 387749360951389.000 40.000 25.600 -610.676 0.786 16.000 0.000 0.000 1561097984.000 -9223372036854776000.000 0.000 
卫星5: 4.000 1.000 0.000 81935.000 387763369576864.000 6.000 31.300 581.321 0.071 16.000 -0.000 2548.255 1176450048.000 -9223372036854776000.000 0.000 
卫星6: 14.000 1.000 0.000 81935.000 387763363377751.000 12.000 23.200 -381.783 0.936 16.000 0.000 0.000 1176450048.000 -9223372036854776000.000 0.000 
卫星7: 5.000 6.000 0.000 81935.000 387763365380147.000 11.000 25.200 510.868 0.172 16.000 -0.000 2548.255 1176450048.000 -9223372036854776000.000 0.000 
卫星8: 28.000 5.000 0.000 16399.000 387749372788865.000 18.000 19.900 -426.595 2.100 16.000 0.000 0.000 1176450048.000 -9223372036854776000.000 0.000 
卫星9: 9.000 7.000 0.000 16399.000 387763317170450.000 46.000 25.500 147.902 0.812 16.000 0.000 0.000 1176450048.000 -9223372036854776000.000 0.000 

时钟数据数组: 16966012000000.000 -0.495 3.634 -1445237998436426240.000 66.000 18.000 0.000 153.603 27.502 
测量数据数组:
卫星0: 4.000 1.000 0.000 16399.000 387764369567117.000 27.000 27.700 581.195 0.680 16.000 0.000 0.000 1575420032.000 -9223372036854776000.000 0.000 
卫星1: 17.000 1.000 0.000 16399.000 387764364444539.000 70.000 21.100 -546.162 1.082 16.000 0.000 0.000 1575420032.000 -9223372036854776000.000 0.000 
卫星2: 21.000 3.000 0.000 49359.000 52946372294420.000 21.000 30.500 -797.548 0.079 16.000 -0.000 1868.720 1604249984.000 -9223372036854776000.000 0.000 
卫星3: 8.000 3.000 0.000 49359.000 52946369774124.000 80.000 20.600 189.693 1.930 16.000 0.000 0.000 1605374976.000 -9223372036854776000.000 0.000 
卫星4: 27.000 5.000 0.000 16399.000 387750360953439.000 46.000 24.700 -611.454 0.846 16.000 0.000 0.000 1561097984.000 -9223372036854776000.000 0.000 
卫星5: 1.000 1.000 0.000 81935.000 387764374230240.000 23.000 18.700 -572.624 2.173 16.000 0.000 0.000 1176450048.000 -9223372036854776000.000 0.000 
卫星6: 4.000 1.000 0.000 81935.000 387764369574924.000 6.000 30.900 581.129 0.071 16.000 -0.000 2548.255 1176450048.000 -9223372036854776000.000 0.000 
卫星7: 14.000 1.000 0.000 81935.000 387764363379019.000 16.000 21.700 -381.694 1.096 16.000 0.000 0.000 1176450048.000 -9223372036854776000.000 0.000 
卫星8: 2.000 6.000 0.000 81935.000 387764362028966.000 34.000 14.500 -188.598 7.075 16.000 0.000 0.000 1176450048.000 -9223372036854776000.000 0.000 
卫星9: 5.000 6.000 0.000 81935.000 387764365378441.000 14.000 22.700 510.561 1.019 16.000 0.000 0.000 1176450048.000 -9223372036854776000.000 0.000 
卫星10: 27.000 5.000 0.000 16399.000 387750360959633.000 18.000 20.000 -610.976 1.931 16.000 0.000 0.000 1176450048.000 -9223372036854776000.000 0.000 
卫星11: 28.000 5.000 0.000 16399.000 387750372790291.000 16.000 20.500 -426.378 1.229 16.000 0.000 0.000 1176450048.000 -9223372036854776000.000 0.000 
卫星12: 32.000 5.000 0.000 16399.000 387750359084174.000 20.000 19.200 318.344 2.020 16.000 0.000 0.000 1176450048.000 -9223372036854776000.000 0.000 
卫星13: 9.000 7.000 0.000 16399.000 387764317169947.000 53.000 24.700 147.673 0.872 16.000 0.000 0.000 1176450048.000 -9223372036854776000.000 0.000 

时钟数据数组: 16967012000000.000 -0.432 3.249 -1445237998436426240.000 66.000 18.000 0.000 167.201 28.527 
测量数据数组:
卫星0: 1.000 1.000 0.000 16399.000 387765374224364.000 92.000 19.300 -572.051 2.028 16.000 0.000 0.000 1575420032.000 -9223372036854776000.000 0.000 
卫星1: 4.000 1.000 0.000 16399.000 387765369565191.000 27.000 27.900 580.415 0.680 16.000 0.000 0.000 1575420032.000 -9223372036854776000.000 0.000 
卫星2: 21.000 3.000 0.000 49359.000 52947372297075.000 24.000 29.900 -797.962 0.111 16.000 -0.000 1868.720 1604249984.000 -9223372036854776000.000 0.000 
卫星3: 27.000 5.000 0.000 16399.000 387751360955459.000 46.000 25.100 -611.242 0.786 16.000 0.000 0.000 1561097984.000 -9223372036854776000.000 0.000 
卫星4: 5.000 6.000 0.000 23567.000 387765365370427.000 70.000 21.400 510.187 1.117 16.000 0.000 0.000 1575420032.000 -9223372036854776000.000 0.000 
卫星5: 4.000 1.000 0.000 81935.000 387765369572984.000 6.000 30.400 580.660 0.083 16.000 -0.000 2548.255 1176450048.000 -9223372036854776000.000 0.000 
卫星6: 9.000 1.000 0.000 81935.000 387765373234621.000 27.000 17.000 391.964 3.011 16.000 0.000 0.000 1176450048.000 -9223372036854776000.000 0.000 
卫星7: 14.000 1.000 0.000 81935.000 387765363380293.000 12.000 23.200 -382.102 0.936 16.000 0.000 0.000 1176450048.000 -9223372036854776000.000 0.000 
卫星8: 5.000 6.000 0.000 81935.000 387765365376739.000 11.000 24.400 510.166 0.869 16.000 0.000 0.000 1176450048.000 -9223372036854776000.000 0.000 
卫星9: 8.000 6.000 0.000 81935.000 387765358488451.000 27.000 18.000 -169.359 2.898 16.000 0.000 0.000 1176450048.000 -9223372036854776000.000 0.000 
卫星10: 27.000 5.000 0.000 16399.000 387751360961670.000 18.000 20.400 -611.358 1.211 16.000 0.000 0.000 1176450048.000 -9223372036854776000.000 0.000 
卫星11: 32.000 5.000 0.000 16399.000 387751359083112.000 16.000 21.200 317.911 1.120 16.000 0.000 0.000 1176450048.000 -9223372036854776000.000 0.000 
卫星12: 9.000 7.000 0.000 16399.000 387765317169400.000 53.000 24.900 146.768 0.872 16.000 0.000 0.000 1176450048.000 -9223372036854776000.000 0.000 

时钟数据数组: 16968012000000.000 -0.101 1.892 -1445237998436426240.000 66.000 18.000 0.000 149.513 25.808 
测量数据数组:
卫星0: 4.000 1.000 0.000 16399.000 387766369563256.000 27.000 28.500 580.795 0.630 16.000 0.000 0.000 1575420032.000 -9223372036854776000.000 0.000 
卫星1: 17.000 1.000 0.000 16399.000 387766364448181.000 61.000 21.800 -544.497 1.082 16.000 0.000 0.000 1575420032.000 -9223372036854776000.000 0.000 
卫星2: 21.000 3.000 0.000 49359.000 52948372299839.000 24.000 29.700 -797.912 0.111 16.000 -0.000 1868.720 1604249984.000 -9223372036854776000.000 0.000 
卫星3: 8.000 3.000 0.000 49359.000 52948369773145.000 80.000 20.900 189.264 1.930 16.000 0.000 0.000 1605374976.000 -9223372036854776000.000 0.000 
卫星4: 27.000 5.000 0.000 16399.000 387752360957568.000 53.000 24.200 -610.993 0.846 16.000 0.000 0.000 1561097984.000 -9223372036854776000.000 0.000 
卫星5: 4.000 1.000 0.000 81935.000 387766369571049.000 6.000 31.400 580.623 0.071 16.000 -0.000 2548.255 1176450048.000 -9223372036854776000.000 0.000 
卫星6: 14.000 1.000 0.000 81935.000 387766363381564.000 16.000 21.800 -382.166 1.096 16.000 0.000 0.000 1176450048.000 -9223372036854776000.000 0.000 
卫星7: 5.000 6.000 0.000 81935.000 387766365375042.000 11.000 24.300 510.331 0.869 16.000 0.000 0.000 1176450048.000 -9223372036854776000.000 0.000 
卫星8: 27.000 5.000 0.000 16399.000 387752360963716.000 16.000 20.700 -611.664 1.211 16.000 0.000 0.000 1176450048.000 -9223372036854776000.000 0.000 
卫星9: 28.000 5.000 0.000 16399.000 387752372793133.000 18.000 19.800 -426.773 2.040 16.000 0.000 0.000 1176450048.000 -9223372036854776000.000 0.000 
卫星10: 9.000 7.000 0.000 16399.000 387766317168941.000 61.000 23.800 146.169 0.942 16.000 0.000 0.000 1176450048.000 -9223372036854776000.000 0.000 

时钟数据数组: 16969012000000.000 -0.237 0.745 -1445237998436426240.000 66.000 18.000 0.000 154.898 25.112 
测量数据数组:
卫星0: 4.000 1.000 0.000 16399.000 387767369561298.000 27.000 28.400 580.624 0.630 16.000 0.000 0.000 1575420032.000 -9223372036854776000.000 0.000 
卫星1: 21.000 3.000 0.000 49359.000 52949372302461.000 24.000 29.500 -797.859 0.111 16.000 -0.000 1868.720 1604249984.000 -9223372036854776000.000 0.000 
卫星2: 7.000 3.000 0.000 49359.000 52949370378796.000 181.000 11.800 519.514 10.632 16.000 0.000 0.000 1604812544.000 -9223372036854776000.000 0.000 
卫星3: 27.000 5.000 0.000 16399.000 387753360959555.000 46.000 24.500 -611.579 0.846 16.000 0.000 0.000 1561097984.000 -9223372036854776000.000 0.000 
卫星4: 5.000 6.000 0.000 23567.000 387767365367049.000 92.000 19.600 510.158 1.297 16.000 0.000 0.000 1575420032.000 -9223372036854776000.000 0.000 
卫星5: 4.000 1.000 0.000 81935.000 387767369569115.000 6.000 31.000 580.652 0.071 16.000 -0.000 2548.255 1176450048.000 -9223372036854776000.000 0.000 
卫星6: 14.000 1.000 0.000 81935.000 387767363382850.000 12.000 23.200 -382.408 0.936 16.000 0.000 0.000 1176450048.000 -9223372036854776000.000 0.000 
卫星7: 5.000 6.000 0.000 81935.000 387767365373341.000 11.000 25.100 510.254 0.172 16.000 -0.000 2548.255 1176450048.000 -9223372036854776000.000 0.000 
卫星8: 27.000 5.000 0.000 16399.000 387753360965759.000 16.000 21.200 -611.243 1.121 16.000 0.000 0.000 1176450048.000 -9223372036854776000.000 0.000 
卫星9: 32.000 5.000 0.000 16399.000 387753359080979.000 20.000 19.200 318.369 2.080 16.000 0.000 0.000 1176450048.000 -9223372036854776000.000 0.000 
卫星10: 9.000 7.000 0.000 16399.000 387767317168489.000 46.000 25.500 147.227 0.812 16.000 0.000 0.000 1176450048.000 -9223372036854776000.000 0.000 

时钟数据数组: 16970012000000.000 -0.886 1.608 -1445237998436426240.000 66.000 18.000 0.000 164.583 26.144 
测量数据数组:
卫星0: 1.000 1.000 0.000 16399.000 387768374230011.000 92.000 19.100 -573.612 2.778 16.000 0.000 0.000 1575420032.000 -9223372036854776000.000 0.000 
卫星1: 4.000 1.000 0.000 16399.000 387768369559375.000 24.000 29.000 580.543 0.106 16.000 -0.000 1902.918 1575420032.000 -9223372036854776000.000 0.000 
卫星2: 21.000 3.000 0.000 49359.000 52950372305122.000 19.000 31.000 -797.920 0.060 16.000 -0.000 1868.720 1604249984.000 -9223372036854776000.000 0.000 
卫星3: 27.000 5.000 0.000 16399.000 387754360961599.000 46.000 24.700 -611.761 0.846 16.000 0.000 0.000 1561097984.000 -9223372036854776000.000 0.000 
卫星4: 5.000 6.000 0.000 23567.000 387768365365333.000 70.000 22.200 510.130 1.037 16.000 0.000 0.000 1575420032.000 -9223372036854776000.000 0.000 
卫星5: 4.000 1.000 0.000 81935.000 387768369567173.000 6.000 31.500 580.566 0.071 16.000 -0.000 2548.255 1176450048.000 -9223372036854776000.000 0.000 
卫星6: 14.000 1.000 0.000 81935.000 387768363384132.000 16.000 20.900 -382.459 1.186 16.000 0.000 0.000 1176450048.000 -9223372036854776000.000 0.000 
卫星7: 5.000 6.000 0.000 81935.000 387768365371633.000 10.000 25.400 510.190 0.098 16.000 -0.000 2548.255 1176450048.000 -9223372036854776000.000 0.000 
卫星8: 8.000 6.000 0.000 81935.000 387768358490147.000 23.000 18.700 -169.537 2.898 16.000 0.000 0.000 1176450048.000 -9223372036854776000.000 0.000 
卫星9: 27.000 5.000 0.000 16399.000 387754360967793.000 12.000 22.800 -610.912 1.041 16.000 0.000 0.000 1176450048.000 -9223372036854776000.000 0.000 
卫星10: 28.000 5.000 0.000 16399.000 387754372795984.000 18.000 19.700 -426.659 2.040 16.000 0.000 0.000 1176450048.000 -9223372036854776000.000 0.000 
卫星11: 32.000 5.000 0.000 16399.000 387754359079921.000 18.000 19.700 318.242 1.300 16.000 0.000 0.000 1176450048.000 -9223372036854776000.000 0.000 
卫星12: 9.000 7.000 0.000 16399.000 387768317167983.000 61.000 23.800 146.704 0.942 16.000 0.000 0.000 1176450048.000 -9223372036854776000.000 0.000 

时钟数据数组: 16971012000000.000 -0.694 1.361 -1445237998436426240.000 66.000 18.000 0.000 150.119 24.453 
测量数据数组:
卫星0: 4.000 1.000 0.000 16399.000 387769369557418.000 27.000 28.100 580.253 0.630 16.000 0.000 0.000 1575420032.000 -9223372036854776000.000 0.000 
卫星1: 21.000 3.000 0.000 49359.000 52951372307788.000 21.000 30.100 -797.866 0.079 16.000 -0.000 1868.720 1604249984.000 -9223372036854776000.000 0.000 
卫星2: 8.000 3.000 0.000 49359.000 52951369771050.000 92.000 19.200 190.403 2.770 16.000 0.000 0.000 1605374976.000 -9223372036854776000.000 0.000 
卫星3: 28.000 5.000 0.000 16399.000 387755372791167.000 139.000 17.000 -425.377 8.125 16.000 0.000 0.000 1561097984.000 -9223372036854776000.000 0.000 
卫星4: 27.000 5.000 0.000 16399.000 387755360963619.000 46.000 24.800 -611.329 0.846 16.000 0.000 0.000 1561097984.000 -9223372036854776000.000 0.000 
卫星5: 5.000 6.000 0.000 23567.000 387769365363624.000 92.000 20.200 510.177 1.207 16.000 0.000 0.000 1575420032.000 -9223372036854776000.000 0.000 
卫星6: 4.000 1.000 0.000 81935.000 387769369565238.000 6.000 30.800 580.550 0.083 16.000 -0.000 2548.255 1176450048.000 -9223372036854776000.000 0.000 
卫星7: 14.000 1.000 0.000 81935.000 387769363385403.000 14.000 22.400 -382.713 1.016 16.000 0.000 0.000 1176450048.000 -9223372036854776000.000 0.000 
卫星8: 5.000 6.000 0.000 81935.000 387769365369936.000 11.000 24.900 510.151 0.172 16.000 -0.000 2548.255 1176450048.000 -9223372036854776000.000 0.000 
卫星9: 8.000 6.000 0.000 81935.000 387769358490720.000 16.000 21.900 -169.282 1.118 16.000 0.000 0.000 1176450048.000 -9223372036854776000.000 0.000 
卫星10: 27.000 5.000 0.000 16399.000 387755360969834.000 16.000 20.900 -611.727 1.211 16.000 0.000 0.000 1176450048.000 -9223372036854776000.000 0.000 
卫星11: 2.000 7.000 0.000 16399.000 387769316411904.000 139.000 17.500 -31.535 6.751 16.000 0.000 0.000 1176450048.000 -9223372036854776000.000 0.000 
卫星12: 9.000 7.000 0.000 16399.000 387769317167531.000 40.000 26.300 146.437 0.752 16.000 0.000 0.000 1176450048.000 -9223372036854776000.000 0.000 

时钟数据数组: 16972012000000.000 -0.945 1.160 -1445237998436426240.000 66.000 18.000 0.000 159.134 25.918 
测量数据数组:
卫星0: 1.000 1.000 0.000 16399.000 387770374233818.000 92.000 19.200 -571.918 2.028 16.000 0.000 0.000 1575420032.000 -9223372036854776000.000 0.000 
卫星1: 4.000 1.000 0.000 16399.000 387770369555493.000 24.000 28.600 580.405 0.106 16.000 -0.000 1902.918 1575420032.000 -9223372036854776000.000 0.000 
卫星2: 30.000 1.000 0.000 16399.000 387770368978574.000 181.000 14.000 -627.684 10.128 16.000 0.000 0.000 1575420032.000 -9223372036854776000.000 0.000 
卫星3: 21.000 3.000 0.000 49359.000 52952372310423.000 21.000 30.200 -797.974 0.079 16.000 -0.000 1868.720 1604249984.000 -9223372036854776000.000 0.000 
卫星4: 27.000 5.000 0.000 16399.000 387756360965676.000 46.000 24.900 -611.924 0.846 16.000 0.000 0.000 1561097984.000 -9223372036854776000.000 0.000 
卫星5: 1.000 1.000 0.000 81935.000 387770374241692.000 30.000 16.000 -573.159 5.412 16.000 0.000 0.000 1176450048.000 -9223372036854776000.000 0.000 
卫星6: 4.000 1.000 0.000 81935.000 387770369563301.000 6.000 30.800 580.356 0.083 16.000 -0.000 2548.255 1176450048.000 -9223372036854776000.000 0.000 
卫星7: 9.000 1.000 0.000 81935.000 387770373228087.000 30.000 16.300 391.658 4.631 16.000 0.000 0.000 1176450048.000 -9223372036854776000.000 0.000 
卫星8: 14.000 1.000 0.000 81935.000 387770363386681.000 16.000 21.000 -382.688 1.096 16.000 0.000 0.000 1176450048.000 -9223372036854776000.000 0.000 
卫星9: 5.000 6.000 0.000 81935.000 387770365368237.000 11.000 24.800 509.976 0.172 16.000 -0.000 2548.255 1176450048.000 -9223372036854776000.000 0.000 
卫星10: 36.000 6.000 0.000 81935.000 387770363159798.000 34.000 13.500 -492.978 10.326 16.000 0.000 0.000 1176450048.000 -9223372036854776000.000 0.000 
卫星11: 27.000 5.000 0.000 16399.000 387756360971871.000 18.000 19.700 -611.562 1.301 16.000 0.000 0.000 1176450048.000 -9223372036854776000.000 0.000 
卫星12: 28.000 5.000 0.000 16399.000 387756372798815.000 20.000 18.700 -427.003 2.140 16.000 0.000 0.000 1176450048.000 -9223372036854776000.000 0.000 
卫星13: 9.000 7.000 0.000 16399.000 387770317166973.000 46.000 26.200 146.845 0.752 16.000 0.000 0.000 1176450048.000 -9223372036854776000.000 0.000 

时钟数据数组: 16973012000000.000 -0.418 2.506 -1445237998436426240.000 66.000 18.000 0.000 152.204 24.058 
测量数据数组:
卫星0: 1.000 1.000 0.000 16399.000 387771374235790.000 61.000 21.600 -573.526 1.097 16.000 0.000 0.000 1575420032.000 -9223372036854776000.000 0.000 
卫星1: 4.000 1.000 0.000 16399.000 387771369553554.000 21.000 30.100 580.252 0.074 16.000 -0.000 1902.918 1575420032.000 -9223372036854776000.000 0.000 
卫星2: 17.000 1.000 0.000 16399.000 387771364457206.000 53.000 22.900 -546.923 1.003 16.000 0.000 0.000 1575420032.000 -9223372036854776000.000 0.000 
卫星3: 21.000 3.000 0.000 49359.000 52953372313125.000 19.000 31.200 -798.090 0.060 16.000 -0.000 1868.720 1604249984.000 -9223372036854776000.000 0.000 
卫星4: 8.000 3.000 0.000 49359.000 52953369769563.000 80.000 20.200 190.683 1.930 16.000 0.000 0.000 1605374976.000 -9223372036854776000.000 0.000 
卫星5: 27.000 5.000 0.000 16399.000 387757360967689.000 35.000 26.600 -610.935 0.726 16.000 0.000 0.000 1561097984.000 -9223372036854776000.000 0.000 
卫星6: 5.000 6.000 0.000 23567.000 387771365360220.000 53.000 23.400 509.702 0.957 16.000 0.000 0.000 1575420032.000 -9223372036854776000.000 0.000 
卫星7: 4.000 1.000 0.000 81935.000 387771369561367.000 5.000 32.500 580.240 0.065 16.000 -0.000 2548.255 1176450048.000 -9223372036854776000.000 0.000 
卫星8: 14.000 1.000 0.000 81935.000 387771363387959.000 12.000 23.600 -382.701 0.936 16.000 0.000 0.000 1176450048.000 -9223372036854776000.000 0.000 
卫星9: 5.000 6.000 0.000 81935.000 387771365366534.000 9.000 26.500 509.801 0.068 16.000 -0.000 2548.255 1176450048.000 -9223372036854776000.000 0.000 
卫星10: 8.000 6.000 0.000 81935.000 387771358491839.000 20.000 20.200 -169.805 1.929 16.000 0.000 0.000 1176450048.000 -9223372036854776000.000 0.000 
卫星11: 27.000 5.000 0.000 16399.000 387757360973915.000 16.000 20.600 -611.919 1.211 16.000 0.000 0.000 1176450048.000 -9223372036854776000.000 0.000 
卫星12: 9.000 7.000 0.000 16399.000 387771317166455.000 46.000 25.800 147.163 0.812 16.000 0.000 0.000 1176450048.000 -9223372036854776000.000 0.000 

时钟数据数组: 16974012000000.000 -0.326 2.126 -1445237998436426240.000 66.000 18.000 0.000 134.848 22.414 
测量数据数组:
卫星0: 4.000 1.000 0.000 16399.000 387772369551632.000 24.000 29.500 580.331 0.106 16.000 -0.000 1902.918 1575420032.000 -9223372036854776000.000 0.000 
卫星1: 17.000 1.000 0.000 16399.000 387772364459173.000 53.000 22.900 -545.239 1.003 16.000 0.000 0.000 1575420032.000 -9223372036854776000.000 0.000 
卫星2: 21.000 3.000 0.000 49359.000 52954372315775.000 21.000 30.900 -797.934 0.079 16.000 -0.000 1868.720 1604249984.000 -9223372036854776000.000 0.000 
卫星3: 27.000 5.000 0.000 16399.000 387758360969731.000 46.000 25.100 -611.636 0.786 16.000 0.000 0.000 1561097984.000 -9223372036854776000.000 0.000 
卫星4: 5.000 6.000 0.000 23567.000 387772365358532.000 61.000 22.600 510.101 1.037 16.000 0.000 0.000 1575420032.000 -9223372036854776000.000 0.000 
卫星5: 4.000 1.000 0.000 81935.000 387772369559430.000 6.000 31.700 580.371 0.071 16.000 -0.000 2548.255 1176450048.000 -9223372036854776000.000 0.000 
卫星6: 9.000 1.000 0.000 81935.000 387772373225472.000 23.000 18.300 390.690 2.171 16.000 0.000 0.000 1176450048.000 -9223372036854776000.000 0.000 
卫星7: 14.000 1.000 0.000 81935.000 387772363389243.000 14.000 22.200 -382.701 1.016 16.000 0.000 0.000 1176450048.000 -9223372036854776000.000 0.000 
卫星8: 5.000 6.000 0.000 81935.000 387772365364832.000 10.000 25.800 509.931 0.098 16.000 -0.000 2548.255 1176450048.000 -9223372036854776000.000 0.000 
卫星9: 27.000 5.000 0.000 16399.000 387758360975949.000 16.000 21.400 -611.766 1.121 16.000 0.000 0.000 1176450048.000 -9223372036854776000.000 0.000 
卫星10: 28.000 5.000 0.000 16399.000 387758372801680.000 18.000 20.400 -426.850 1.950 16.000 0.000 0.000 1176450048.000 -9223372036854776000.000 0.000 
卫星11: 9.000 7.000 0.000 16399.000 387772317166059.000 40.000 26.800 146.654 0.752 16.000 0.000 0.000 1176450048.000 -9223372036854776000.000 0.000 

时钟数据数组: 16975012000000.000 -0.319 1.751 -1445237998436426240.000 66.000 18.000 0.000 136.851 22.605 
测量数据数组:
卫星0: 1.000 1.000 0.000 16399.000 387773374239610.000 80.000 19.900 -573.136 2.028 16.000 0.000 0.000 1575420032.000 -9223372036854776000.000 0.000 
卫星1: 4.000 1.000 0.000 16399.000 387773369549689.000 24.000 29.200 579.193 0.106 16.000 -0.000 1902.918 1575420032.000 -9223372036854776000.000 0.000 
卫星2: 17.000 1.000 0.000 16399.000 387773364460807.000 61.000 22.300 -548.036 1.003 16.000 0.000 0.000 1575420032.000 -9223372036854776000.000 0.000 
卫星3: 21.000 3.000 0.000 49359.000 52955372318488.000 19.000 31.100 -799.043 0.060 16.000 -0.000 1868.720 1604249984.000 -9223372036854776000.000 0.000 
卫星4: 27.000 5.000 0.000 16399.000 387759360971824.000 40.000 25.300 -613.835 0.786 16.000 0.000 0.000 1561097984.000 -9223372036854776000.000 0.000 
卫星5: 5.000 6.000 0.000 23567.000 387773365356798.000 61.000 22.700 508.883 1.037 16.000 0.000 0.000 1575420032.000 -9223372036854776000.000 0.000 
卫星6: 4.000 1.000 0.000 81935.000 387773369557499.000 6.000 31.700 579.194 0.071 16.000 -0.000 2548.255 1176450048.000 -9223372036854776000.000 0.000 
卫星7: 5.000 6.000 0.000 81935.000 387773365363128.000 11.000 25.000 508.708 0.172 16.000 -0.000 2548.255 1176450048.000 -9223372036854776000.000 0.000 
卫星8: 27.000 5.000 0.000 16399.000 387759360977992.000 12.000 22.800 -612.734 1.041 16.000 0.000 0.000 1176450048.000 -9223372036854776000.000 0.000 
卫星9: 9.000 7.000 0.000 16399.000 387773317165576.000 40.000 26.900 145.889 0.752 16.000 0.000 0.000 1176450048.000 -9223372036854776000.000 0.000 

时钟数据数组: 16976012000000.000 -0.588 0.116 -1445237998436426240.000 66.000 18.000 0.000 142.431 22.535 
测量数据数组:
卫星0: 4.000 1.000 0.000 16399.000 387774369547756.000 24.000 28.600 579.029 0.106 16.000 -0.000 1902.918 1575420032.000 -9223372036854776000.000 0.000 
卫星1: 21.000 3.000 0.000 49359.000 52956372321124.000 24.000 29.600 -799.137 0.111 16.000 -0.000 1868.720 1604249984.000 -9223372036854776000.000 0.000 
卫星2: 27.000 5.000 0.000 16399.000 387760360973843.000 40.000 25.400 -613.336 0.786 16.000 0.000 0.000 1561097984.000 -9223372036854776000.000 0.000 
卫星3: 5.000 6.000 0.000 23567.000 387774365355113.000 61.000 22.800 508.722 1.037 16.000 0.000 0.000 1575420032.000 -9223372036854776000.000 0.000 
卫星4: 4.000 1.000 0.000 81935.000 387774369555567.000 6.000 31.200 579.019 0.071 16.000 -0.000 2548.255 1176450048.000 -9223372036854776000.000 0.000 
卫星5: 14.000 1.000 0.000 81935.000 387774363391788.000 18.000 20.500 -383.847 1.966 16.000 0.000 0.000 1176450048.000 -9223372036854776000.000 0.000 
卫星6: 5.000 6.000 0.000 81935.000 387774365361431.000 11.000 24.700 508.592 0.172 16.000 -0.000 2548.255 1176450048.000 -9223372036854776000.000 0.000 
卫星7: 8.000 6.000 0.000 81935.000 387774358493546.000 27.000 17.900 -170.059 3.019 16.000 0.000 0.000 1176450048.000 -9223372036854776000.000 0.000 
卫星8: 27.000 5.000 0.000 16399.000 387760360980039.000 16.000 21.100 -613.091 1.121 16.000 0.000 0.000 1176450048.000 -9223372036854776000.000 0.000 
卫星9: 28.000 5.000 0.000 16399.000 387760372804540.000 20.000 19.400 -427.907 2.040 16.000 0.000 0.000 1176450048.000 -9223372036854776000.000 0.000 
卫星10: 9.000 7.000 0.000 16399.000 387774317165014.000 46.000 26.200 144.437 0.752 16.000 0.000 0.000 1176450048.000 -9223372036854776000.000 0.000 

时钟数据数组: 16977012000000.000 -0.124 -1.934 -1445237998436426240.000 66.000 18.000 0.000 125.936 21.614 
测量数据数组:
卫星0: 4.000 1.000 0.000 16399.000 387775369545891.000 35.000 25.600 579.720 0.800 16.000 0.000 0.000 1575420032.000 -9223372036854776000.000 0.000 
卫星1: 21.000 3.000 0.000 49359.000 52957372323706.000 27.000 28.900 -798.587 0.635 16.000 0.000 0.000 1604249984.000 -9223372036854776000.000 0.000 
卫星2: 5.000 6.000 0.000 23567.000 387775365353377.000 80.000 20.600 508.988 1.207 16.000 0.000 0.000 1575420032.000 -9223372036854776000.000 0.000 
卫星3: 4.000 1.000 0.000 81935.000 387775369553632.000 7.000 29.000 579.438 0.104 16.000 -0.000 2548.255 1176450048.000 -9223372036854776000.000 0.000 
卫星4: 5.000 6.000 0.000 81935.000 387775365359740.000 12.000 24.000 508.930 0.869 16.000 0.000 0.000 1176450048.000 -9223372036854776000.000 0.000 
卫星5: 32.000 5.000 0.000 16399.000 387761359072505.000 34.000 15.100 317.630 6.270 16.000 0.000 0.000 1176450048.000 -9223372036854776000.000 0.000 
卫星6: 9.000 7.000 0.000 16399.000 387775317164585.000 61.000 23.900 145.520 0.942 16.000 0.000 0.000 1176450048.000 -9223372036854776000.000 0.000 

时钟数据数组: 16978012000000.000 -0.333 -0.369 -1445237998436426240.000 66.000 18.000 0.000 131.111 23.724 
测量数据数组:
卫星0: 1.000 1.000 0.000 16399.000 387776374245380.000 92.000 18.800 -573.317 2.878 16.000 0.000 0.000 1575420032.000 -9223372036854776000.000 0.000 
卫星1: 4.000 1.000 0.000 16399.000 387776369543831.000 31.000 27.100 578.930 0.680 16.000 0.000 0.000 1575420032.000 -9223372036854776000.000 0.000 
卫星2: 21.000 3.000 0.000 49359.000 52958372326411.000 31.000 27.900 -798.839 0.684 16.000 0.000 0.000 1604249984.000 -9223372036854776000.000 0.000 
卫星3: 8.000 3.000 0.000 49359.000 52958369766731.000 106.000 18.700 189.469 4.370 16.000 0.000 0.000 1605374976.000 -9223372036854776000.000 0.000 
卫星4: 27.000 5.000 0.000 16399.000 387762360977915.000 80.000 20.400 -613.883 1.917 16.000 0.000 0.000 1561097984.000 -9223372036854776000.000 0.000 
卫星5: 5.000 6.000 0.000 23567.000 387776365351742.000 53.000 24.100 509.017 0.887 16.000 0.000 0.000 1575420032.000 -9223372036854776000.000 0.000 
卫星6: 1.000 1.000 0.000 81935.000 387776374253182.000 30.000 16.000 -573.427 5.412 16.000 0.000 0.000 1176450048.000 -9223372036854776000.000 0.000 
卫星7: 4.000 1.000 0.000 81935.000 387776369551702.000 6.000 30.100 579.411 0.083 16.000 -0.000 2548.255 1176450048.000 -9223372036854776000.000 0.000 
卫星8: 14.000 1.000 0.000 81935.000 387776363394353.000 23.000 18.600 -383.669 2.156 16.000 0.000 0.000 1176450048.000 -9223372036854776000.000 0.000 
卫星9: 5.000 6.000 0.000 81935.000 387776365358042.000 10.000 25.400 508.966 0.098 16.000 -0.000 2548.255 1176450048.000 -9223372036854776000.000 0.000 
卫星10: 8.000 6.000 0.000 81935.000 387776358494679.000 23.000 18.900 -170.314 2.179 16.000 0.000 0.000 1176450048.000 -9223372036854776000.000 0.000 
卫星11: 27.000 5.000 0.000 16399.000 387762360984131.000 16.000 20.900 -612.849 1.931 16.000 0.000 0.000 1176450048.000 -9223372036854776000.000 0.000 
卫星12: 9.000 7.000 0.000 16399.000 387776317164027.000 46.000 26.100 145.762 0.752 16.000 0.000 0.000 1176450048.000 -9223372036854776000.000 0.000 

时钟数据数组: 16979012000000.000 -0.836 -0.211 -1445237998436426240.000 66.000 18.000 0.000 139.916 24.146 
测量数据数组:
卫星0: 4.000 1.000 0.000 16399.000 387777369541912.000 24.000 28.600 579.654 0.106 16.000 -0.000 1902.918 1575420032.000 -9223372036854776000.000 0.000 
卫星1: 17.000 1.000 0.000 16399.000 387777364468253.000 46.000 24.100 -546.343 0.852 16.000 0.000 0.000 1575420032.000 -9223372036854776000.000 0.000 
卫星2: 21.000 3.000 0.000 49359.000 52959372329032.000 27.000 28.900 -798.465 0.635 16.000 0.000 0.000 1604249984.000 -9223372036854776000.000 0.000 
卫星3: 27.000 5.000 0.000 16399.000 387763360979955.000 53.000 24.000 -612.971 0.846 16.000 0.000 0.000 1561097984.000 -9223372036854776000.000 0.000 
卫星4: 5.000 6.000 0.000 23567.000 387777365350029.000 46.000 24.900 509.311 0.887 16.000 0.000 0.000 1575420032.000 -9223372036854776000.000 0.000 
卫星5: 4.000 1.000 0.000 81935.000 387777369549769.000 6.000 30.000 579.654 0.083 16.000 -0.000 2548.255 1176450048.000 -9223372036854776000.000 0.000 
卫星6: 5.000 6.000 0.000 81935.000 387777365356344.000 11.000 24.700 509.280 0.172 16.000 -0.000 2548.255 1176450048.000 -9223372036854776000.000 0.000 
卫星7: 27.000 5.000 0.000 16399.000 387763360986171.000 14.000 22.000 -612.301 1.041 16.000 0.000 0.000 1176450048.000 -9223372036854776000.000 0.000 
卫星8: 28.000 5.000 0.000 16399.000 387763372808811.000 27.000 17.300 -427.257 3.040 16.000 0.000 0.000 1176450048.000 -9223372036854776000.000 0.000 
卫星9: 9.000 7.000 0.000 16399.000 387777317163479.000 53.000 24.600 145.214 0.872 16.000 0.000 0.000 1176450048.000 -9223372036854776000.000 0.000 

时钟数据数组: 16980012000000.000 -0.005 0.467 -1445237998436426240.000 66.000 18.000 0.000 143.795 24.220 
测量数据数组:
卫星0: 1.000 1.000 0.000 16399.000 387778374248999.000 80.000 19.800 -573.260 2.028 16.000 0.000 0.000 1575420032.000 -9223372036854776000.000 0.000 
卫星1: 4.000 1.000 0.000 16399.000 387778369540031.000 21.000 30.000 579.271 0.074 16.000 -0.000 1902.918 1575420032.000 -9223372036854776000.000 0.000 
卫星2: 17.000 1.000 0.000 16399.000 387778364470022.000 53.000 23.300 -547.323 0.922 16.000 0.000 0.000 1575420032.000 -9223372036854776000.000 0.000 
卫星3: 21.000 3.000 0.000 49359.000 52960372331792.000 24.000 29.700 -798.729 0.111 16.000 -0.000 1868.720 1604249984.000 -9223372036854776000.000 0.000 
卫星4: 27.000 5.000 0.000 16399.000 387764360981993.000 53.000 24.200 -612.750 0.846 16.000 0.000 0.000 1561097984.000 -9223372036854776000.000 0.000 
卫星5: 5.000 6.000 0.000 23567.000 387778365348337.000 35.000 26.500 508.912 0.767 16.000 0.000 0.000 1575420032.000 -9223372036854776000.000 0.000 
卫星6: 4.000 1.000 0.000 81935.000 387778369547836.000 6.000 30.600 579.273 0.083 16.000 -0.000 2548.255 1176450048.000 -9223372036854776000.000 0.000 
卫星7: 14.000 1.000 0.000 81935.000 387778363396915.000 23.000 18.000 -383.389 2.156 16.000 0.000 0.000 1176450048.000 -9223372036854776000.000 0.000 
卫星8: 5.000 6.000 0.000 81935.000 387778365354644.000 8.000 27.300 508.809 0.059 16.000 -0.000 2548.255 1176450048.000 -9223372036854776000.000 0.000 
卫星9: 8.000 6.000 0.000 81935.000 387778358495792.000 20.000 20.000 -169.830 1.988 16.000 0.000 0.000 1176450048.000 -9223372036854776000.000 0.000 
卫星10: 27.000 5.000 0.000 16399.000 387764360988203.000 14.000 22.100 -612.721 1.041 16.000 0.000 0.000 1176450048.000 -9223372036854776000.000 0.000 
卫星11: 28.000 5.000 0.000 16399.000 387764372810235.000 18.000 19.500 -427.181 1.319 16.000 0.000 0.000 1176450048.000 -9223372036854776000.000 0.000 
卫星12: 32.000 5.000 0.000 16399.000 387764359069334.000 23.000 18.100 317.044 2.900 16.000 0.000 0.000 1176450048.000 -9223372036854776000.000 0.000 
卫星13: 9.000 7.000 0.000 16399.000 387778317163110.000 46.000 26.000 146.437 0.752 16.000 0.000 0.000 1176450048.000 -9223372036854776000.000 0.000 

时钟数据数组: 16981012000000.000 -0.650 1.334 -1445237998436426240.000 66.000 18.000 0.000 153.762 23.695 
测量数据数组:
卫星0: 4.000 1.000 0.000 16399.000 387779369538109.000 27.000 28.300 580.443 0.630 16.000 0.000 0.000 1575420032.000 -9223372036854776000.000 0.000 
卫星1: 21.000 3.000 0.000 49359.000 52961372334467.000 24.000 29.100 -797.789 0.111 16.000 -0.000 1868.720 1604249984.000 -9223372036854776000.000 0.000 
卫星2: 27.000 5.000 0.000 16399.000 387765360984072.000 53.000 24.100 -612.721 0.846 16.000 0.000 0.000 1561097984.000 -9223372036854776000.000 0.000 
卫星3: 5.000 6.000 0.000 23567.000 387779365346601.000 46.000 24.600 509.692 0.887 16.000 0.000 0.000 1575420032.000 -9223372036854776000.000 0.000 
卫星4: 4.000 1.000 0.000 81935.000 387779369545908.000 6.000 29.900 580.175 0.083 16.000 -0.000 2548.255 1176450048.000 -9223372036854776000.000 0.000 
卫星5: 5.000 6.000 0.000 81935.000 387779365352939.000 9.000 26.400 509.848 0.068 16.000 -0.000 2548.255 1176450048.000 -9223372036854776000.000 0.000 
卫星6: 8.000 6.000 0.000 81935.000 387779358496364.000 18.000 20.800 -169.219 1.209 16.000 0.000 0.000 1176450048.000 -9223372036854776000.000 0.000 
卫星7: 27.000 5.000 0.000 16399.000 387765360990252.000 12.000 22.700 -611.791 1.041 16.000 0.000 0.000 1176450048.000 -9223372036854776000.000 0.000 
卫星8: 9.000 7.000 0.000 16399.000 387779317162634.000 46.000 26.000 147.087 0.752 16.000 0.000 0.000 1176450048.000 -9223372036854776000.000 0.000 

时钟数据数组: 16982012000000.000 -0.259 5.203 -1445237998436426240.000 66.000 18.000 0.000 167.599 24.233 
测量数据数组:
卫星0: 4.000 1.000 0.000 16399.000 387780369536131.000 24.000 29.200 580.087 0.106 16.000 -0.000 1902.918 1575420032.000 -9223372036854776000.000 0.000 
卫星1: 17.000 1.000 0.000 16399.000 387780364473736.000 61.000 21.600 -546.124 1.082 16.000 0.000 0.000 1575420032.000 -9223372036854776000.000 0.000 
卫星2: 30.000 1.000 0.000 16399.000 387780368999547.000 159.000 15.200 -627.198 8.489 16.000 0.000 0.000 1575420032.000 -9223372036854776000.000 0.000 
卫星3: 21.000 3.000 0.000 49359.000 52962372337089.000 24.000 29.300 -797.794 0.111 16.000 -0.000 1868.720 1604249984.000 -9223372036854776000.000 0.000 
卫星4: 8.000 3.000 0.000 49359.000 52962369764463.000 106.000 18.500 190.702 3.620 16.000 0.000 0.000 1605374976.000 -9223372036854776000.000 0.000 
卫星5: 27.000 5.000 0.000 16399.000 387766360986070.000 53.000 24.100 -612.424 0.846 16.000 0.000 0.000 1561097984.000 -9223372036854776000.000 0.000 
卫星6: 5.000 6.000 0.000 23567.000 387780365344920.000 46.000 24.700 509.654 0.887 16.000 0.000 0.000 1575420032.000 -9223372036854776000.000 0.000 
卫星7: 1.000 1.000 0.000 81935.000 387780374260839.000 30.000 16.100 -573.350 3.912 16.000 0.000 0.000 1176450048.000 -9223372036854776000.000 0.000 
卫星8: 4.000 1.000 0.000 81935.000 387780369543969.000 6.000 30.600 580.124 0.083 16.000 -0.000 2548.255 1176450048.000 -9223372036854776000.000 0.000 
卫星9: 5.000 6.000 0.000 81935.000 387780365351240.000 11.000 24.700 509.744 0.172 16.000 -0.000 2548.255 1176450048.000 -9223372036854776000.000 0.000 
卫星10: 27.000 5.000 0.000 16399.000 387766360992300.000 16.000 21.100 -611.995 1.121 16.000 0.000 0.000 1176450048.000 -9223372036854776000.000 0.000 
卫星11: 28.000 5.000 0.000 16399.000 387766372813077.000 20.000 18.500 -426.238 2.140 16.000 0.000 0.000 1176450048.000 -9223372036854776000.000 0.000 
卫星12: 9.000 7.000 0.000 16399.000 387780317162073.000 53.000 25.000 147.138 0.812 16.000 0.000 0.000 1176450048.000 -9223372036854776000.000 0.000 

时钟数据数组: 16983012000000.000 -0.909 4.682 -1445237998436426240.000 66.000 18.000 0.000 159.699 23.426 
测量数据数组:
卫星0: 4.000 1.000 0.000 16399.000 387781369534209.000 24.000 29.100 579.741 0.106 16.000 -0.000 1902.918 1575420032.000 -9223372036854776000.000 0.000 
卫星1: 17.000 1.000 0.000 16399.000 387781364475458.000 53.000 23.400 -547.142 0.922 16.000 0.000 0.000 1575420032.000 -9223372036854776000.000 0.000 
卫星2: 21.000 3.000 0.000 49359.000 52963372339746.000 24.000 29.800 -798.051 0.111 16.000 -0.000 1868.720 1604249984.000 -9223372036854776000.000 0.000 
卫星3: 27.000 5.000 0.000 16399.000 387767360988151.000 53.000 23.500 -611.934 0.916 16.000 0.000 0.000 1561097984.000 -9223372036854776000.000 0.000 
卫星4: 5.000 6.000 0.000 23567.000 387781365343243.000 46.000 25.100 509.597 0.827 16.000 0.000 0.000 1575420032.000 -9223372036854776000.000 0.000 
卫星5: 4.000 1.000 0.000 81935.000 387781369542034.000 6.000 29.900 579.847 0.083 16.000 -0.000 2548.255 1176450048.000 -9223372036854776000.000 0.000 
卫星6: 9.000 1.000 0.000 81935.000 387781373213731.000 34.000 14.000 391.008 7.901 16.000 0.000 0.000 1176450048.000 -9223372036854776000.000 0.000 
卫星7: 14.000 1.000 0.000 81935.000 387781363400760.000 27.000 17.200 -383.007 2.996 16.000 0.000 0.000 1176450048.000 -9223372036854776000.000 0.000 
卫星8: 5.000 6.000 0.000 81935.000 387781365349538.000 11.000 25.000 509.422 0.172 16.000 -0.000 2548.255 1176450048.000 -9223372036854776000.000 0.000 
卫星9: 27.000 5.000 0.000 16399.000 387767360994338.000 11.000 23.800 -612.009 0.195 16.000 -0.000 2548.255 1176450048.000 -9223372036854776000.000 0.000 
卫星10: 32.000 5.000 0.000 16399.000 387767359066152.000 23.000 17.500 317.885 3.020 16.000 0.000 0.000 1176450048.000 -9223372036854776000.000 0.000 
卫星11: 2.000 7.000 0.000 16399.000 387781316413154.000 181.000 14.900 -30.503 10.141 16.000 0.000 0.000 1176450048.000 -9223372036854776000.000 0.000 
卫星12: 9.000 7.000 0.000 16399.000 387781317161602.000 53.000 25.200 147.354 0.812 16.000 0.000 0.000 1176450048.000 -9223372036854776000.000 0.000 

时钟数据数组: 16984012000000.000 -0.965 4.423 -1445237998436426240.000 66.000 18.000 0.000 163.827 23.631 
测量数据数组:
卫星0: 1.000 1.000 0.000 16399.000 387782374256886.000 106.000 17.800 -573.707 3.748 16.000 0.000 0.000 1575420032.000 -9223372036854776000.000 0.000 
卫星1: 4.000 1.000 0.000 16399.000 387782369532300.000 21.000 29.700 580.043 0.074 16.000 -0.000 1902.918 1575420032.000 -9223372036854776000.000 0.000 
卫星2: 17.000 1.000 0.000 16399.000 387782364477368.000 46.000 24.000 -545.610 0.852 16.000 0.000 0.000 1575420032.000 -9223372036854776000.000 0.000 
卫星3: 21.000 3.000 0.000 49359.000 52964372342397.000 21.000 30.200 -797.829 0.079 16.000 -0.000 1868.720 1604249984.000 -9223372036854776000.000 0.000 
卫星4: 27.000 5.000 0.000 16399.000 387768360990172.000 46.000 24.700 -611.300 0.846 16.000 0.000 0.000 1561097984.000 -9223372036854776000.000 0.000 
卫星5: 5.000 6.000 0.000 23567.000 387782365341546.000 40.000 25.900 509.711 0.827 16.000 0.000 0.000 1575420032.000 -9223372036854776000.000 0.000 
卫星6: 4.000 1.000 0.000 81935.000 387782369540098.000 6.000 31.400 580.007 0.071 16.000 -0.000 2548.255 1176450048.000 -9223372036854776000.000 0.000 
卫星7: 5.000 6.000 0.000 81935.000 387782365347848.000 10.000 25.400 509.661 0.098 16.000 -0.000 2548.255 1176450048.000 -9223372036854776000.000 0.000 
卫星8: 8.000 6.000 0.000 81935.000 387782358498065.000 23.000 18.300 -168.620 2.898 16.000 0.000 0.000 1176450048.000 -9223372036854776000.000 0.000 
卫星9: 27.000 5.000 0.000 16399.000 387768360996376.000 14.000 21.900 -611.575 1.121 16.000 0.000 0.000 1176450048.000 -9223372036854776000.000 0.000 
卫星10: 28.000 5.000 0.000 16399.000 387768372815924.000 18.000 19.600 -426.404 2.040 16.000 0.000 0.000 1176450048.000 -9223372036854776000.000 0.000 
卫星11: 9.000 7.000 0.000 16399.000 387782317161164.000 53.000 24.900 146.806 0.872 16.000 0.000 0.000 1176450048.000 -9223372036854776000.000 0.000 

时钟数据数组: 16985012000000.000 -0.001 5.004 -1445237998436426240.000 66.000 18.000 0.000 154.308 22.426 
测量数据数组:
卫星0: 4.000 1.000 0.000 16399.000 387783369530337.000 46.000 24.000 579.644 0.860 16.000 0.000 0.000 1575420032.000 -9223372036854776000.000 0.000 
卫星1: 21.000 3.000 0.000 49359.000 52965372345099.000 35.000 26.900 -797.765 0.744 16.000 0.000 0.000 1604249984.000 -9223372036854776000.000 0.000 
卫星2: 27.000 5.000 0.000 16399.000 387769360992164.000 53.000 24.200 -612.126 0.846 16.000 0.000 0.000 1561097984.000 -9223372036854776000.000 0.000 
卫星3: 1.000 1.000 0.000 81935.000 387783374266565.000 27.000 16.900 -572.994 3.133 16.000 0.000 0.000 1176450048.000 -9223372036854776000.000 0.000 
卫星4: 4.000 1.000 0.000 81935.000 387783369538164.000 8.000 27.200 579.891 0.065 16.000 -0.000 2548.255 1176450048.000 -9223372036854776000.000 0.000 
卫星5: 5.000 6.000 0.000 81935.000 387783365346134.000 18.000 21.200 509.516 1.099 16.000 0.000 0.000 1176450048.000 -9223372036854776000.000 0.000 
卫星6: 27.000 5.000 0.000 16399.000 387769360998425.000 16.000 20.500 -612.581 1.211 16.000 0.000 0.000 1176450048.000 -9223372036854776000.000 0.000 
卫星7: 9.000 7.000 0.000 16399.000 387783317160613.000 61.000 23.400 145.520 0.942 16.000 0.000 0.000 1176450048.000 -9223372036854776000.000 0.000 

时钟数据数组: 16986012000000.000 -0.968 2.145 -1445237998436426240.000 66.000 18.000 0.000 143.909 24.063 
测量数据数组:
卫星0: 21.000 3.000 0.000 49359.000 52966372347912.000 40.000 25.200 -797.540 0.804 16.000 0.000 0.000 1604249984.000 -9223372036854776000.000 0.000 
卫星1: 8.000 3.000 0.000 49359.000 52966369761672.000 106.000 18.400 191.346 3.620 16.000 0.000 0.000 1605374976.000 -9223372036854776000.000 0.000 
卫星2: 27.000 5.000 0.000 16399.000 387770360994286.000 61.000 22.600 -613.240 0.997 16.000 0.000 0.000 1561097984.000 -9223372036854776000.000 0.000 
卫星3: 4.000 1.000 0.000 81935.000 387784369536228.000 11.000 23.900 579.750 0.178 16.000 -0.000 2548.255 1176450048.000 -9223372036854776000.000 0.000 
卫星4: 2.000 6.000 0.000 81935.000 387784362041643.000 34.000 14.600 -189.898 7.075 16.000 0.000 0.000 1176450048.000 -9223372036854776000.000 0.000 

时钟数据数组: 16987012000000.000 -0.584 2.399 -1445237998436426240.000 66.000 18.000 0.000 166.672 26.099 
测量数据数组:
卫星0: 4.000 1.000 0.000 16399.000 387785369526371.000 61.000 22.200 580.282 1.760 16.000 0.000 0.000 1575420032.000 -9223372036854776000.000 0.000 
卫星1: 21.000 3.000 0.000 49359.000 52967372350378.000 31.000 27.700 -797.288 0.684 16.000 0.000 0.000 1604249984.000 -9223372036854776000.000 0.000 
卫星2: 27.000 5.000 0.000 16399.000 387771360996280.000 61.000 23.100 -613.067 0.916 16.000 0.000 0.000 1561097984.000 -9223372036854776000.000 0.000 
卫星3: 5.000 6.000 0.000 23567.000 387785365336480.000 80.000 21.100 509.178 1.117 16.000 0.000 0.000 1575420032.000 -9223372036854776000.000 0.000 
卫星4: 4.000 1.000 0.000 81935.000 387785369534293.000 9.000 26.300 580.049 0.074 16.000 -0.000 2548.255 1176450048.000 -9223372036854776000.000 0.000 
卫星5: 5.000 6.000 0.000 81935.000 387785365342734.000 20.000 19.700 509.656 1.999 16.000 0.000 0.000 1176450048.000 -9223372036854776000.000 0.000 
卫星6: 8.000 6.000 0.000 81935.000 387785358499751.000 23.000 18.400 -168.696 2.898 16.000 0.000 0.000 1176450048.000 -9223372036854776000.000 0.000 
卫星7: 27.000 5.000 0.000 16399.000 387771361002503.000 18.000 20.400 -611.855 2.023 16.000 0.000 0.000 1176450048.000 -9223372036854776000.000 0.000 
卫星8: 9.000 7.000 0.000 16399.000 387785317159700.000 70.000 22.300 145.787 1.772 16.000 0.000 0.000 1176450048.000 -9223372036854776000.000 0.000 

时钟数据数组: 16988012000000.000 -0.902 3.226 -1445237998436426240.000 66.000 18.000 0.000 169.347 26.100 
测量数据数组:
卫星0: 4.000 1.000 0.000 16399.000 387786369524483.000 53.000 23.000 580.510 0.930 16.000 0.000 0.000 1575420032.000 -9223372036854776000.000 0.000 
卫星1: 21.000 3.000 0.000 49359.000 52968372352955.000 31.000 27.000 -797.326 0.684 16.000 0.000 0.000 1604249984.000 -9223372036854776000.000 0.000 
卫星2: 27.000 5.000 0.000 16399.000 387772360998365.000 53.000 23.500 -611.233 0.916 16.000 0.000 0.000 1561097984.000 -9223372036854776000.000 0.000 
卫星3: 1.000 1.000 0.000 81935.000 387786374272293.000 30.000 16.800 -572.611 3.133 16.000 0.000 0.000 1176450048.000 -9223372036854776000.000 0.000 
卫星4: 4.000 1.000 0.000 81935.000 387786369532365.000 9.000 26.300 580.217 0.074 16.000 -0.000 2548.255 1176450048.000 -9223372036854776000.000 0.000 
卫星5: 27.000 5.000 0.000 16399.000 387772361004544.000 12.000 22.500 -611.460 1.043 16.000 0.000 0.000 1176450048.000 -9223372036854776000.000 0.000 
卫星6: 32.000 5.000 0.000 16399.000 387772359060875.000 34.000 15.200 317.630 4.770 16.000 0.000 0.000 1176450048.000 -9223372036854776000.000 0.000 
卫星7: 9.000 7.000 0.000 16399.000 387786317159270.000 53.000 24.500 146.743 0.872 16.000 0.000 0.000 1176450048.000 -9223372036854776000.000 0.000 

时钟数据数组: 16989012000000.000 -0.710 4.257 -1445237998436426240.000 66.000 18.000 0.000 166.867 25.498 
测量数据数组:
卫星0: 4.000 1.000 0.000 16399.000 387787369522532.000 53.000 23.300 579.654 0.930 16.000 0.000 0.000 1575420032.000 -9223372036854776000.000 0.000 
卫星1: 21.000 3.000 0.000 49359.000 52969372355548.000 31.000 27.400 -797.316 0.684 16.000 0.000 0.000 1604249984.000 -9223372036854776000.000 0.000 
卫星2: 27.000 5.000 0.000 16399.000 387773361000382.000 46.000 24.300 -610.628 0.848 16.000 0.000 0.000 1561097984.000 -9223372036854776000.000 0.000 
卫星3: 5.000 6.000 0.000 23567.000 387787365333069.000 70.000 22.000 509.835 1.037 16.000 0.000 0.000 1575420032.000 -9223372036854776000.000 0.000 
卫星4: 4.000 1.000 0.000 81935.000 387787369530429.000 10.000 25.600 580.055 0.104 16.000 -0.000 2548.255 1176450048.000 -9223372036854776000.000 0.000 
卫星5: 14.000 1.000 0.000 81935.000 387787363408405.000 34.000 15.400 -382.841 5.466 16.000 0.000 0.000 1176450048.000 -9223372036854776000.000 0.000 
卫星6: 5.000 6.000 0.000 81935.000 387787365339335.000 20.000 20.200 509.682 1.909 16.000 0.000 0.000 1176450048.000 -9223372036854776000.000 0.000 
卫星7: 27.000 5.000 0.000 16399.000 387773361006588.000 14.000 22.000 -611.868 1.043 16.000 0.000 0.000 1176450048.000 -9223372036854776000.000 0.000 
卫星8: 9.000 7.000 0.000 16399.000 387787317158595.000 53.000 25.100 146.692 0.812 16.000 0.000 0.000 1176450048.000 -9223372036854776000.000 0.000 

时钟数据数组: 16990012000000.000 -0.756 2.665 -1445237998436426240.000 66.000 18.000 0.000 192.945 25.625 
测量数据数组:
卫星0: 4.000 1.000 0.000 16399.000 387788369520671.000 46.000 23.900 580.729 0.930 16.000 0.000 0.000 1575420032.000 -9223372036854776000.000 0.000 
卫星1: 21.000 3.000 0.000 49359.000 52970372358350.000 35.000 26.900 -797.269 0.744 16.000 0.000 0.000 1604249984.000 -9223372036854776000.000 0.000 
卫星2: 8.000 3.000 0.000 49359.000 52970369759066.000 92.000 19.100 193.027 3.520 16.000 0.000 0.000 1605374976.000 -9223372036854776000.000 0.000 
卫星3: 27.000 5.000 0.000 16399.000 387774361002410.000 53.000 23.700 -611.771 0.918 16.000 0.000 0.000 1561097984.000 -9223372036854776000.000 0.000 
卫星4: 5.000 6.000 0.000 23567.000 387788365331322.000 70.000 21.500 510.177 1.117 16.000 0.000 0.000 1575420032.000 -9223372036854776000.000 0.000 
卫星5: 4.000 1.000 0.000 81935.000 387788369528487.000 11.000 24.800 580.330 0.178 16.000 -0.000 2548.255 1176450048.000 -9223372036854776000.000 0.000 
卫星6: 8.000 6.000 0.000 81935.000 387788358501427.000 23.000 18.500 -168.390 2.898 16.000 0.000 0.000 1176450048.000 -9223372036854776000.000 0.000 
卫星7: 28.000 5.000 0.000 16399.000 387774372824451.000 34.000 14.700 -426.213 5.650 16.000 0.000 0.000 1176450048.000 -9223372036854776000.000 0.000 
卫星8: 9.000 7.000 0.000 16399.000 387788317158230.000 53.000 25.200 146.654 0.812 16.000 0.000 0.000 1176450048.000 -9223372036854776000.000 0.000 

时钟数据数组: 16991012000000.000 -0.498 3.060 -1445237998436426240.000 66.000 18.000 0.000 193.825 25.928 
测量数据数组:
卫星0: 4.000 1.000 0.000 16399.000 387789369518749.000 46.000 24.500 580.510 0.860 16.000 0.000 0.000 1575420032.000 -9223372036854776000.000 0.000 
卫星1: 21.000 3.000 0.000 49359.000 52971372361003.000 31.000 27.900 -796.690 0.684 16.000 0.000 0.000 1604249984.000 -9223372036854776000.000 0.000 
卫星2: 27.000 5.000 0.000 16399.000 387775361004428.000 46.000 24.300 -612.472 0.848 16.000 0.000 0.000 1561097984.000 -9223372036854776000.000 0.000 
卫星3: 5.000 6.000 0.000 23567.000 387789365329616.000 61.000 23.000 509.787 0.957 16.000 0.000 0.000 1575420032.000 -9223372036854776000.000 0.000 
卫星4: 4.000 1.000 0.000 81935.000 387789369526555.000 11.000 24.500 580.059 0.178 16.000 -0.000 2548.255 1176450048.000 -9223372036854776000.000 0.000 
卫星5: 5.000 6.000 0.000 81935.000 387789365335932.000 16.000 21.600 509.949 1.819 16.000 0.000 0.000 1176450048.000 -9223372036854776000.000 0.000 
卫星6: 27.000 5.000 0.000 16399.000 387775361010663.000 16.000 20.800 -611.791 1.993 16.000 0.000 0.000 1176450048.000 -9223372036854776000.000 0.000 
卫星7: 9.000 7.000 0.000 16399.000 387789317157713.000 61.000 23.700 146.195 0.942 16.000 0.000 0.000 1176450048.000 -9223372036854776000.000 0.000 

时钟数据数组: 16992012000000.000 -0.256 2.612 -1445237998436426240.000 66.000 18.000 0.000 183.915 25.500 
测量数据数组:
卫星0: 1.000 1.000 0.000 16399.000 387790374272036.000 139.000 16.300 -572.327 6.868 16.000 0.000 0.000 1575420032.000 -9223372036854776000.000 0.000 
卫星1: 4.000 1.000 0.000 16399.000 387790369516775.000 46.000 23.900 581.109 0.930 16.000 0.000 0.000 1575420032.000 -9223372036854776000.000 0.000 
卫星2: 21.000 3.000 0.000 49359.000 52972372363639.000 31.000 27.400 -797.045 0.684 16.000 0.000 0.000 1604249984.000 -9223372036854776000.000 0.000 
卫星3: 27.000 5.000 0.000 16399.000 387776361006485.000 61.000 22.400 -611.646 0.998 16.000 0.000 0.000 1561097984.000 -9223372036854776000.000 0.000 
卫星4: 5.000 6.000 0.000 23567.000 387790365327968.000 80.000 20.600 510.130 1.207 16.000 0.000 0.000 1575420032.000 -9223372036854776000.000 0.000 
卫星5: 4.000 1.000 0.000 81935.000 387790369524626.000 10.000 24.900 580.292 0.104 16.000 -0.000 2548.255 1176450048.000 -9223372036854776000.000 0.000 
卫星6: 9.000 1.000 0.000 81935.000 387790373201959.000 34.000 15.100 392.486 7.761 16.000 0.000 0.000 1176450048.000 -9223372036854776000.000 0.000 
卫星7: 27.000 5.000 0.000 16399.000 387776361012701.000 14.000 21.500 -611.498 1.123 16.000 0.000 0.000 1176450048.000 -9223372036854776000.000 0.000 
卫星8: 32.000 5.000 0.000 16399.000 387776359056622.000 30.000 15.900 317.758 3.990 16.000 0.000 0.000 1176450048.000 -9223372036854776000.000 0.000 
卫星9: 9.000 7.000 0.000 16399.000 387790317157260.000 53.000 24.800 145.876 0.872 16.000 0.000 0.000 1176450048.000 -9223372036854776000.000 0.000 

时钟数据数组: 16993012000000.000 -0.849 2.845 -1445237998436426240.000 66.000 18.000 0.000 189.647 24.829 
测量数据数组:
卫星0: 4.000 1.000 0.000 16399.000 387791369514819.000 53.000 23.100 580.909 0.930 16.000 0.000 0.000 1575420032.000 -9223372036854776000.000 0.000 
卫星1: 21.000 3.000 0.000 49359.000 52973372366225.000 31.000 27.400 -796.840 0.684 16.000 0.000 0.000 1604249984.000 -9223372036854776000.000 0.000 
卫星2: 27.000 5.000 0.000 16399.000 387777361008550.000 61.000 23.200 -610.983 0.918 16.000 0.000 0.000 1561097984.000 -9223372036854776000.000 0.000 
卫星3: 4.000 1.000 0.000 81935.000 387791369522685.000 10.000 24.900 580.640 0.104 16.000 -0.000 2548.255 1176450048.000 -9223372036854776000.000 0.000 
卫星4: 5.000 6.000 0.000 81935.000 387791365332527.000 16.000 21.400 510.051 1.819 16.000 0.000 0.000 1176450048.000 -9223372036854776000.000 0.000 
卫星5: 8.000 6.000 0.000 81935.000 387791358503112.000 23.000 18.700 -167.651 2.898 16.000 0.000 0.000 1176450048.000 -9223372036854776000.000 0.000 
卫星6: 9.000 7.000 0.000 16399.000 387791317156883.000 70.000 23.100 146.717 0.942 16.000 0.000 0.000 1176450048.000 -9223372036854776000.000 0.000 

时钟数据数组: 16994012000000.000 -0.630 3.741 -1445237998436426240.000 66.000 18.000 0.000 215.781 26.444 
测量数据数组:
卫星0: 4.000 1.000 0.000 16399.000 387792369512916.000 40.000 25.300 580.310 0.800 16.000 0.000 0.000 1575420032.000 -9223372036854776000.000 0.000 
卫星1: 30.000 1.000 0.000 16399.000 387792369024802.000 181.000 11.700 -626.038 10.630 16.000 0.000 0.000 1575420032.000 -9223372036854776000.000 0.000 
卫星2: 21.000 3.000 0.000 49359.000 52974372368972.000 27.000 28.400 -797.410 0.635 16.000 0.000 0.000 1604249984.000 -9223372036854776000.000 0.000 
卫星3: 27.000 5.000 0.000 16399.000 387778361010506.000 53.000 24.200 -611.175 0.848 16.000 0.000 0.000 1561097984.000 -9223372036854776000.000 0.000 
卫星4: 5.000 6.000 0.000 23567.000 387792365324526.000 70.000 22.000 509.949 1.037 16.000 0.000 0.000 1575420032.000 -9223372036854776000.000 0.000 
卫星5: 4.000 1.000 0.000 81935.000 387792369520742.000 9.000 26.000 580.354 0.074 16.000 -0.000 2548.255 1176450048.000 -9223372036854776000.000 0.000 
卫星6: 27.000 5.000 0.000 16399.000 387778361016777.000 20.000 19.200 -611.409 2.023 16.000 0.000 0.000 1176450048.000 -9223372036854776000.000 0.000 
卫星7: 9.000 7.000 0.000 16399.000 387792317156209.000 61.000 24.200 147.889 0.872 16.000 0.000 0.000 1176450048.000 -9223372036854776000.000 0.000 

时钟数据数组: 16995012000000.000 -0.508 2.596 -1445237998436426240.000 66.000 18.000 0.000 189.375 25.308 
测量数据数组:
卫星0: 4.000 1.000 0.000 16399.000 387793369511076.000 40.000 24.800 580.805 0.860 16.000 0.000 0.000 1575420032.000 -9223372036854776000.000 0.000 
卫星1: 21.000 3.000 0.000 49359.000 52975372371617.000 27.000 28.300 -796.587 0.635 16.000 0.000 0.000 1604249984.000 -9223372036854776000.000 0.000 
卫星2: 8.000 3.000 0.000 49359.000 52975369755745.000 122.000 17.400 191.738 4.490 16.000 0.000 0.000 1605374976.000 -9223372036854776000.000 0.000 
卫星3: 27.000 5.000 0.000 16399.000 387779361012649.000 61.000 23.000 -611.089 0.918 16.000 0.000 0.000 1561097984.000 -9223372036854776000.000 0.000 
卫星4: 5.000 6.000 0.000 23567.000 387793365322800.000 70.000 21.400 510.520 1.117 16.000 0.000 0.000 1575420032.000 -9223372036854776000.000 0.000 
卫星5: 4.000 1.000 0.000 81935.000 387793369518810.000 9.000 26.600 580.777 0.074 16.000 -0.000 2548.255 1176450048.000 -9223372036854776000.000 0.000 
卫星6: 5.000 6.000 0.000 81935.000 387793365329131.000 16.000 21.400 510.472 1.819 16.000 0.000 0.000 1176450048.000 -9223372036854776000.000 0.000 
卫星7: 2.000 7.000 0.000 16399.000 387793316414324.000 181.000 14.700 -29.229 10.141 16.000 0.000 0.000 1176450048.000 -9223372036854776000.000 0.000 
卫星8: 9.000 7.000 0.000 16399.000 387793317155710.000 53.000 24.600 148.195 0.872 16.000 0.000 0.000 1176450048.000 -9223372036854776000.000 0.000 

时钟数据数组: 16996012000000.000 -0.405 5.033 -1445237998436426240.000 66.000 18.000 0.000 190.251 25.690 
测量数据数组:
卫星0: 4.000 1.000 0.000 16399.000 387794369509073.000 40.000 25.500 581.062 0.800 16.000 0.000 0.000 1575420032.000 -9223372036854776000.000 0.000 
卫星1: 21.000 3.000 0.000 49359.000 52976372374209.000 31.000 27.900 -796.756 0.684 16.000 0.000 0.000 1604249984.000 -9223372036854776000.000 0.000 
卫星2: 27.000 5.000 0.000 16399.000 387780361014598.000 53.000 24.000 -610.590 0.848 16.000 0.000 0.000 1561097984.000 -9223372036854776000.000 0.000 
卫星3: 4.000 1.000 0.000 81935.000 387794369516874.000 9.000 26.600 580.765 0.074 16.000 -0.000 2548.255 1176450048.000 -9223372036854776000.000 0.000 
卫星4: 5.000 6.000 0.000 81935.000 387794365327425.000 14.000 22.600 510.663 1.019 16.000 0.000 0.000 1176450048.000 -9223372036854776000.000 0.000 
卫星5: 27.000 5.000 0.000 16399.000 387780361020856.000 20.000 19.400 -610.746 2.023 16.000 0.000 0.000 1176450048.000 -9223372036854776000.000 0.000 
卫星6: 28.000 5.000 0.000 16399.000 387780372832955.000 34.000 15.100 -425.091 5.510 16.000 0.000 0.000 1176450048.000 -9223372036854776000.000 0.000 
卫星7: 9.000 7.000 0.000 16399.000 387794317155260.000 61.000 23.800 147.367 0.942 16.000 0.000 0.000 1176450048.000 -9223372036854776000.000 0.000 

时钟数据数组: 16997012000000.000 -0.845 4.398 -1445237998436426240.000 66.000 18.000 0.000 197.951 26.263 
测量数据数组:
卫星0: 4.000 1.000 0.000 16399.000 387795369507106.000 31.000 27.200 580.653 0.680 16.000 0.000 0.000 1575420032.000 -9223372036854776000.000 0.000 
卫星1: 21.000 3.000 0.000 49359.000 52977372376897.000 24.000 29.800 -796.272 0.111 16.000 -0.000 1868.720 1604249984.000 -9223372036854776000.000 0.000 
卫星2: 27.000 5.000 0.000 16399.000 387781361016681.000 35.000 26.700 -610.349 0.728 16.000 0.000 0.000 1561097984.000 -9223372036854776000.000 0.000 
卫星3: 5.000 6.000 0.000 23567.000 387795365319398.000 53.000 23.800 510.748 0.957 16.000 0.000 0.000 1575420032.000 -9223372036854776000.000 0.000 
卫星4: 1.000 1.000 0.000 81935.000 387795374289484.000 34.000 14.200 -572.051 7.903 16.000 0.000 0.000 1176450048.000 -9223372036854776000.000 0.000 
卫星5: 4.000 1.000 0.000 81935.000 387795369514940.000 6.000 30.500 580.967 0.059 16.000 -0.000 2548.255 1176450048.000 -9223372036854776000.000 0.000 
卫星6: 5.000 6.000 0.000 81935.000 387795365325733.000 11.000 24.800 510.624 0.869 16.000 0.000 0.000 1176450048.000 -9223372036854776000.000 0.000 
卫星7: 8.000 6.000 0.000 81935.000 387795358505364.000 27.000 18.000 -166.874 3.619 16.000 0.000 0.000 1176450048.000 -9223372036854776000.000 0.000 
卫星8: 27.000 5.000 0.000 16399.000 387781361022898.000 14.000 22.000 -610.708 1.043 16.000 0.000 0.000 1176450048.000 -9223372036854776000.000 0.000 
卫星9: 9.000 7.000 0.000 16399.000 387795317154715.000 53.000 24.600 148.055 0.872 16.000 0.000 0.000 1176450048.000 -9223372036854776000.000 0.000 

时钟数据数组: 16998012000000.000 -0.521 4.475 -1445237998436426240.000 66.000 18.000 0.000 178.500 25.221 
测量数据数组:
卫星0: 4.000 1.000 0.000 16399.000 387796369505211.000 35.000 25.600 580.900 0.800 16.000 0.000 0.000 1575420032.000 -9223372036854776000.000 0.000 
卫星1: 21.000 3.000 0.000 49359.000 52978372379657.000 27.000 28.900 -796.578 0.635 16.000 0.000 0.000 1604249984.000 -9223372036854776000.000 0.000 
卫星2: 27.000 5.000 0.000 16399.000 387782361018698.000 46.000 24.700 -610.494 0.848 16.000 0.000 0.000 1561097984.000 -9223372036854776000.000 0.000 
卫星3: 4.000 1.000 0.000 81935.000 387796369513002.000 8.000 28.600 580.669 0.063 16.000 -0.000 2548.255 1176450048.000 -9223372036854776000.000 0.000 
卫星4: 2.000 6.000 0.000 81935.000 387796362049220.000 34.000 12.900 -189.821 10.395 16.000 0.000 0.000 1176450048.000 -9223372036854776000.000 0.000 
卫星5: 5.000 6.000 0.000 81935.000 387796365324030.000 12.000 23.900 510.408 0.939 16.000 0.000 0.000 1176450048.000 -9223372036854776000.000 0.000 
卫星6: 27.000 5.000 0.000 16399.000 387782361024934.000 18.000 20.100 -611.065 1.213 16.000 0.000 0.000 1176450048.000 -9223372036854776000.000 0.000 
卫星7: 32.000 5.000 0.000 16399.000 387782359050261.000 34.000 14.800 318.369 5.660 16.000 0.000 0.000 1176450048.000 -9223372036854776000.000 0.000 
卫星8: 9.000 7.000 0.000 16399.000 387796317154317.000 61.000 23.700 148.004 0.942 16.000 0.000 0.000 1176450048.000 -9223372036854776000.000 0.000 

时钟数据数组: 16999012000000.000 -0.216 4.062 -1445237998436426240.000 66.000 18.000 0.000 180.470 25.910 
测量数据数组:
卫星0: 4.000 1.000 0.000 16399.000 387797369503221.000 40.000 24.700 580.215 0.860 16.000 0.000 0.000 1575420032.000 -9223372036854776000.000 0.000 
卫星1: 21.000 3.000 0.000 49359.000 52979372382261.000 27.000 28.500 -797.055 0.635 16.000 0.000 0.000 1604249984.000 -9223372036854776000.000 0.000 
卫星2: 8.000 3.000 0.000 49359.000 52979369753309.000 106.000 18.500 194.306 3.620 16.000 0.000 0.000 1605374976.000 -9223372036854776000.000 0.000 
卫星3: 27.000 5.000 0.000 16399.000 387783361020741.000 53.000 24.200 -611.809 0.848 16.000 0.000 0.000 1561097984.000 -9223372036854776000.000 0.000 
卫星4: 5.000 6.000 0.000 23567.000 387797365316025.000 70.000 21.600 509.930 1.117 16.000 0.000 0.000 1575420032.000 -9223372036854776000.000 0.000 
卫星5: 4.000 1.000 0.000 81935.000 387797369511063.000 7.000 29.200 580.130 0.061 16.000 -0.000 2548.255 1176450048.000 -9223372036854776000.000 0.000 
卫星6: 5.000 6.000 0.000 81935.000 387797365322330.000 11.000 25.100 509.827 0.172 16.000 -0.000 2548.255 1176450048.000 -9223372036854776000.000 0.000 
卫星7: 27.000 5.000 0.000 16399.000 387783361026979.000 16.000 20.600 -611.256 1.213 16.000 0.000 0.000 1176450048.000 -9223372036854776000.000 0.000 
卫星8: 9.000 7.000 0.000 16399.000 387797317153796.000 53.000 24.500 147.240 0.872 16.000 0.000 0.000 1176450048.000 -9223372036854776000.000 0.000 

时钟数据数组: 17000012000000.000 -0.855 2.927 -1445237998436426240.000 66.000 18.000 0.000 182.687 25.990 
测量数据数组:
卫星0: 4.000 1.000 0.000 16399.000 387798369501356.000 31.000 27.200 579.939 0.680 16.000 0.000 0.000 1575420032.000 -9223372036854776000.000 0.000 
卫星1: 21.000 3.000 0.000 49359.000 52980372384903.000 24.000 29.300 -796.961 0.111 16.000 -0.000 1868.720 1604249984.000 -9223372036854776000.000 0.000 
卫星2: 27.000 5.000 0.000 16399.000 387784361022804.000 46.000 25.000 -611.953 0.788 16.000 0.000 0.000 1561097984.000 -9223372036854776000.000 0.000 
卫星3: 5.000 6.000 0.000 23567.000 387798365314299.000 61.000 23.100 509.740 0.957 16.000 0.000 0.000 1575420032.000 -9223372036854776000.000 0.000 
卫星4: 4.000 1.000 0.000 81935.000 387798369509132.000 6.000 30.700 580.080 0.059 16.000 -0.000 2548.255 1176450048.000 -9223372036854776000.000 0.000 
卫星5: 5.000 6.000 0.000 81935.000 387798365320622.000 10.000 25.500 509.839 0.098 16.000 -0.000 2548.255 1176450048.000 -9223372036854776000.000 0.000 
卫星6: 27.000 5.000 0.000 16399.000 387784361029008.000 16.000 20.900 -611.358 1.213 16.000 0.000 0.000 1176450048.000 -9223372036854776000.000 0.000 
卫星7: 28.000 5.000 0.000 16399.000 387784372838627.000 27.000 16.700 -425.015 3.880 16.000 0.000 0.000 1176450048.000 -9223372036854776000.000 0.000 
卫星8: 9.000 7.000 0.000 16399.000 387798317153261.000 46.000 26.100 146.195 0.752 16.000 0.000 0.000 1176450048.000 -9223372036854776000.000 0.000 

时钟数据数组: 17001012000000.000 -0.653 1.921 -1445237998436426240.000 66.000 18.000 0.000 165.418 24.128 
测量数据数组:
卫星0: 4.000 1.000 0.000 16399.000 387799369499441.000 35.000 25.900 580.386 0.800 16.000 0.000 0.000 1575420032.000 -9223372036854776000.000 0.000 
卫星1: 21.000 3.000 0.000 49359.000 52981372387560.000 27.000 28.600 -797.083 0.635 16.000 0.000 0.000 1604249984.000 -9223372036854776000.000 0.000 
卫星2: 27.000 5.000 0.000 16399.000 387785361024905.000 53.000 23.900 -610.676 0.918 16.000 0.000 0.000 1561097984.000 -9223372036854776000.000 0.000 
卫星3: 5.000 6.000 0.000 23567.000 387799365312595.000 80.000 20.600 510.073 1.207 16.000 0.000 0.000 1575420032.000 -9223372036854776000.000 0.000 
卫星4: 4.000 1.000 0.000 81935.000 387799369507193.000 6.000 30.300 580.236 0.059 16.000 -0.000 2548.255 1176450048.000 -9223372036854776000.000 0.000 
卫星5: 5.000 6.000 0.000 81935.000 387799365318926.000 10.000 25.900 510.005 0.098 16.000 -0.000 2548.255 1176450048.000 -9223372036854776000.000 0.000 
卫星6: 27.000 5.000 0.000 16399.000 387785361031041.000 18.000 20.000 -611.358 1.213 16.000 0.000 0.000 1176450048.000 -9223372036854776000.000 0.000 
卫星7: 9.000 7.000 0.000 16399.000 387799317152827.000 46.000 26.100 146.883 0.752 16.000 0.000 0.000 1176450048.000 -9223372036854776000.000 0.000 

时钟数据数组: 17002012000000.000 -0.557 2.217 -1445237998436426240.000 66.000 18.000 0.000 177.731 25.562 
测量数据数组:
卫星0: 4.000 1.000 0.000 16399.000 387800369497429.000 27.000 27.900 580.472 0.680 16.000 0.000 0.000 1575420032.000 -9223372036854776000.000 0.000 
卫星1: 21.000 3.000 0.000 49359.000 52982372390180.000 24.000 29.800 -796.597 0.111 16.000 -0.000 1868.720 1604249984.000 -9223372036854776000.000 0.000 
卫星2: 27.000 5.000 0.000 16399.000 387786361026866.000 40.000 26.100 -611.444 0.728 16.000 0.000 0.000 1561097984.000 -9223372036854776000.000 0.000 
卫星3: 5.000 6.000 0.000 23567.000 387800365310927.000 53.000 23.700 510.016 0.957 16.000 0.000 0.000 1575420032.000 -9223372036854776000.000 0.000 
卫星4: 4.000 1.000 0.000 81935.000 387800369505258.000 5.000 32.000 580.350 0.065 16.000 -0.000 2548.255 1176450048.000 -9223372036854776000.000 0.000 
卫星5: 5.000 6.000 0.000 81935.000 387800365317220.000 9.000 26.300 510.120 0.068 16.000 -0.000 2548.255 1176450048.000 -9223372036854776000.000 0.000 
卫星6: 8.000 6.000 0.000 81935.000 387800358508148.000 30.000 16.800 -167.244 4.639 16.000 0.000 0.000 1176450048.000 -9223372036854776000.000 0.000 
卫星7: 27.000 5.000 0.000 16399.000 387786361033082.000 12.000 22.800 -611.065 1.073 16.000 0.000 0.000 1176450048.000 -9223372036854776000.000 0.000 
卫星8: 28.000 5.000 0.000 16399.000 387786372841458.000 20.000 19.200 -424.684 2.040 16.000 0.000 0.000 1176450048.000 -9223372036854776000.000 0.000 
卫星9: 9.000 7.000 0.000 16399.000 387800317152328.000 46.000 25.400 147.456 0.812 16.000 0.000 0.000 1176450048.000 -9223372036854776000.000 0.000 

时钟数据数组: 17003012000000.000 -0.649 3.661 -1445237998436426240.000 66.000 18.000 0.000 197.519 25.549 
测量数据数组:
卫星0: 4.000 1.000 0.000 16399.000 387801369495515.000 35.000 26.200 580.567 0.740 16.000 0.000 0.000 1575420032.000 -9223372036854776000.000 0.000 
卫星1: 21.000 3.000 0.000 49359.000 52983372392834.000 27.000 28.800 -797.550 0.635 16.000 0.000 0.000 1604249984.000 -9223372036854776000.000 0.000 
卫星2: 27.000 5.000 0.000 16399.000 387787361028930.000 53.000 23.700 -610.801 0.918 16.000 0.000 0.000 1561097984.000 -9223372036854776000.000 0.000 
卫星3: 4.000 1.000 0.000 81935.000 387801369503325.000 6.000 30.100 580.307 0.083 16.000 -0.000 2548.255 1176450048.000 -9223372036854776000.000 0.000 
卫星4: 9.000 1.000 0.000 81935.000 387801373187539.000 34.000 15.100 392.754 9.261 16.000 0.000 0.000 1176450048.000 -9223372036854776000.000 0.000 
卫星5: 5.000 6.000 0.000 81935.000 387801365315521.000 10.000 25.400 510.080 0.098 16.000 -0.000 2548.255 1176450048.000 -9223372036854776000.000 0.000 
卫星6: 27.000 5.000 0.000 16399.000 387787361035121.000 14.000 22.400 -611.524 1.043 16.000 0.000 0.000 1176450048.000 -9223372036854776000.000 0.000 
卫星7: 28.000 5.000 0.000 16399.000 387787372842883.000 16.000 20.700 -424.238 1.229 16.000 0.000 0.000 1176450048.000 -9223372036854776000.000 0.000 
卫星8: 32.000 5.000 0.000 16399.000 387787359044954.000 30.000 15.500 318.446 4.770 16.000 0.000 0.000 1176450048.000 -9223372036854776000.000 0.000 
卫星9: 9.000 7.000 0.000 16399.000 387801317151832.000 46.000 25.700 146.654 0.812 16.000 0.000 0.000 1176450048.000 -9223372036854776000.000 0.000 

时钟数据数组: 17004012000000.000 -0.891 1.696 -1445237998436426240.000 66.000 18.000 0.000 195.857 25.387 
测量数据数组:
卫星0: 1.000 1.000 0.000 16399.000 387802374295049.000 181.000 13.900 -572.061 10.298 16.000 0.000 0.000 1575420032.000 -9223372036854776000.000 0.000 
卫星1: 4.000 1.000 0.000 16399.000 387802369493570.000 31.000 26.800 580.167 0.740 16.000 0.000 0.000 1575420032.000 -9223372036854776000.000 0.000 
卫星2: 21.000 3.000 0.000 49359.000 52984372395528.000 24.000 29.200 -796.561 0.111 16.000 -0.000 1868.720 1604249984.000 -9223372036854776000.000 0.000 
卫星3: 27.000 5.000 0.000 16399.000 387788361030899.000 40.000 25.800 -611.483 0.788 16.000 0.000 0.000 1561097984.000 -9223372036854776000.000 0.000 
卫星4: 5.000 6.000 0.000 23567.000 387802365307455.000 70.000 21.300 510.272 1.117 16.000 0.000 0.000 1575420032.000 -9223372036854776000.000 0.000 
卫星5: 4.000 1.000 0.000 81935.000 387802369501389.000 6.000 30.800 580.280 0.083 16.000 -0.000 2548.255 1176450048.000 -9223372036854776000.000 0.000 
卫星6: 5.000 6.000 0.000 81935.000 387802365313821.000 9.000 26.300 510.024 0.068 16.000 -0.000 2548.255 1176450048.000 -9223372036854776000.000 0.000 
卫星7: 27.000 5.000 0.000 16399.000 387788361037175.000 18.000 20.000 -611.485 1.213 16.000 0.000 0.000 1176450048.000 -9223372036854776000.000 0.000 
卫星8: 9.000 7.000 0.000 16399.000 387802317151289.000 53.000 24.400 146.424 0.872 16.000 0.000 0.000 1176450048.000 -9223372036854776000.000 0.000 

时钟数据数组: 17005012000000.000 -0.189 2.205 -1445237998436426240.000 66.000 18.000 0.000 196.427 25.430 
测量数据数组:
卫星0: 4.000 1.000 0.000 16399.000 387803369491692.000 35.000 26.500 580.348 0.740 16.000 0.000 0.000 1575420032.000 -9223372036854776000.000 0.000 
卫星1: 21.000 3.000 0.000 49359.000 52985372398189.000 24.000 29.400 -796.578 0.111 16.000 -0.000 1868.720 1604249984.000 -9223372036854776000.000 0.000 
卫星2: 27.000 5.000 0.000 16399.000 387789361032988.000 46.000 24.600 -611.031 0.848 16.000 0.000 0.000 1561097984.000 -9223372036854776000.000 0.000 
卫星3: 5.000 6.000 0.000 23567.000 387803365305775.000 53.000 23.500 510.311 0.957 16.000 0.000 0.000 1575420032.000 -9223372036854776000.000 0.000 
卫星4: 4.000 1.000 0.000 81935.000 387803369499449.000 6.000 31.300 580.333 0.071 16.000 -0.000 2548.255 1176450048.000 -9223372036854776000.000 0.000 
卫星5: 5.000 6.000 0.000 81935.000 387803365312120.000 9.000 26.700 510.125 0.068 16.000 -0.000 2548.255 1176450048.000 -9223372036854776000.000 0.000 
卫星6: 27.000 5.000 0.000 16399.000 387789361039200.000 14.000 21.700 -611.536 1.123 16.000 0.000 0.000 1176450048.000 -9223372036854776000.000 0.000 
卫星7: 28.000 5.000 0.000 16399.000 387789372845699.000 23.000 17.900 -423.906 2.319 16.000 0.000 0.000 1176450048.000 -9223372036854776000.000 0.000 
卫星8: 9.000 7.000 0.000 16399.000 387803317150918.000 53.000 25.000 146.106 0.812 16.000 0.000 0.000 1176450048.000 -9223372036854776000.000 0.000 

时钟数据数组: 17006012000000.000 -0.163 1.243 -1445237998436426240.000 66.000 18.000 0.000 204.865 25.602 
测量数据数组:
卫星0: 4.000 1.000 0.000 16399.000 387804369489741.000 40.000 24.800 580.510 0.860 16.000 0.000 0.000 1575420032.000 -9223372036854776000.000 0.000 
卫星1: 21.000 3.000 0.000 49359.000 52986372400844.000 27.000 28.100 -796.279 0.635 16.000 0.000 0.000 1604249984.000 -9223372036854776000.000 0.000 
卫星2: 8.000 3.000 0.000 49359.000 52986369748706.000 122.000 17.300 195.753 5.990 16.000 0.000 0.000 1605374976.000 -9223372036854776000.000 0.000 
卫星3: 27.000 5.000 0.000 16399.000 387790361035027.000 40.000 25.600 -610.580 0.788 16.000 0.000 0.000 1561097984.000 -9223372036854776000.000 0.000 
卫星4: 5.000 6.000 0.000 23567.000 387804365304119.000 70.000 21.600 510.330 1.117 16.000 0.000 0.000 1575420032.000 -9223372036854776000.000 0.000 
卫星5: 4.000 1.000 0.000 81935.000 387804369497518.000 6.000 30.700 580.356 0.083 16.000 -0.000 2548.255 1176450048.000 -9223372036854776000.000 0.000 
卫星6: 5.000 6.000 0.000 81935.000 387804365310419.000 9.000 26.700 510.183 0.068 16.000 -0.000 2548.255 1176450048.000 -9223372036854776000.000 0.000 
卫星7: 8.000 6.000 0.000 81935.000 387804358510365.000 27.000 17.900 -166.441 3.799 16.000 0.000 0.000 1176450048.000 -9223372036854776000.000 0.000 
卫星8: 27.000 5.000 0.000 16399.000 387790361041246.000 18.000 20.000 -611.269 1.213 16.000 0.000 0.000 1176450048.000 -9223372036854776000.000 0.000 
卫星9: 9.000 7.000 0.000 16399.000 387804317150256.000 53.000 24.400 147.189 0.872 16.000 0.000 0.000 1176450048.000 -9223372036854776000.000 0.000 

时钟数据数组: 17007012000000.000 -0.951 2.093 -1445237998436426240.000 66.000 18.000 0.000 191.594 25.296 
测量数据数组:
卫星0: 4.000 1.000 0.000 16399.000 387805369487812.000 46.000 24.400 579.368 0.860 16.000 0.000 0.000 1575420032.000 -9223372036854776000.000 0.000 
卫星1: 21.000 3.000 0.000 49359.000 52987372403635.000 27.000 28.300 -796.092 0.635 16.000 0.000 0.000 1604249984.000 -9223372036854776000.000 0.000 
卫星2: 27.000 5.000 0.000 16399.000 387791361037068.000 40.000 25.800 -610.724 0.788 16.000 0.000 0.000 1561097984.000 -9223372036854776000.000 0.000 
卫星3: 4.000 1.000 0.000 81935.000 387805369495582.000 7.000 29.800 580.280 0.104 16.000 -0.000 2548.255 1176450048.000 -9223372036854776000.000 0.000 
卫星4: 2.000 6.000 0.000 81935.000 387805362054903.000 34.000 14.900 -189.567 7.855 16.000 0.000 0.000 1176450048.000 -9223372036854776000.000 0.000 
卫星5: 5.000 6.000 0.000 81935.000 387805365308718.000 14.000 23.000 510.000 0.939 16.000 0.000 0.000 1176450048.000 -9223372036854776000.000 0.000 
卫星6: 27.000 5.000 0.000 16399.000 387791361043272.000 16.000 20.700 -610.823 1.213 16.000 0.000 0.000 1176450048.000 -9223372036854776000.000 0.000 
卫星7: 28.000 5.000 0.000 16399.000 387791372848536.000 23.000 18.000 -424.365 2.200 16.000 0.000 0.000 1176450048.000 -9223372036854776000.000 0.000 
卫星8: 2.000 7.000 0.000 16399.000 387805316415694.000 181.000 15.100 -32.452 10.001 16.000 0.000 0.000 1176450048.000 -9223372036854776000.000 0.000 
卫星9: 9.000 7.000 0.000 16399.000 387805317149803.000 61.000 24.000 147.201 0.872 16.000 0.000 0.000 1176450048.000 -9223372036854776000.000 0.000 

时钟数据数组: 17008012000000.000 -0.292 1.079 -1445237998436426240.000 66.000 18.000 0.000 207.021 25.775 
测量数据数组:
卫星0: 4.000 1.000 0.000 16399.000 387806369485888.000 40.000 25.300 580.557 0.800 16.000 0.000 0.000 1575420032.000 -9223372036854776000.000 0.000 
卫星1: 21.000 3.000 0.000 49359.000 52988372406187.000 27.000 28.500 -796.148 0.635 16.000 0.000 0.000 1604249984.000 -9223372036854776000.000 0.000 
卫星2: 27.000 5.000 0.000 16399.000 387792361039063.000 53.000 23.800 -610.666 0.918 16.000 0.000 0.000 1561097984.000 -9223372036854776000.000 0.000 
卫星3: 4.000 1.000 0.000 81935.000 387806369493642.000 6.000 30.600 580.473 0.083 16.000 -0.000 2548.255 1176450048.000 -9223372036854776000.000 0.000 
卫星4: 9.000 1.000 0.000 81935.000 387806373180974.000 30.000 15.900 393.798 4.761 16.000 0.000 0.000 1176450048.000 -9223372036854776000.000 0.000 
卫星5: 5.000 6.000 0.000 81935.000 387806365307016.000 11.000 24.400 510.000 0.869 16.000 0.000 0.000 1176450048.000 -9223372036854776000.000 0.000 
卫星6: 8.000 6.000 0.000 81935.000 387806358511484.000 23.000 19.100 -166.466 2.079 16.000 0.000 0.000 1176450048.000 -9223372036854776000.000 0.000 
卫星7: 27.000 5.000 0.000 16399.000 387792361045322.000 14.000 22.000 -610.568 1.043 16.000 0.000 0.000 1176450048.000 -9223372036854776000.000 0.000 
卫星8: 9.000 7.000 0.000 16399.000 387806317149371.000 53.000 24.600 148.539 0.872 16.000 0.000 0.000 1176450048.000 -9223372036854776000.000 0.000 

时钟数据数组: 17009012000000.000 -0.719 3.270 -1445237998436426240.000 66.000 18.000 0.000 200.073 25.130 
测量数据数组:
卫星0: 4.000 1.000 0.000 16399.000 387807369483838.000 35.000 25.900 580.367 0.800 16.000 0.000 0.000 1575420032.000 -9223372036854776000.000 0.000 
卫星1: 21.000 3.000 0.000 49359.000 52989372408839.000 27.000 28.600 -795.877 0.635 16.000 0.000 0.000 1604249984.000 -9223372036854776000.000 0.000 
卫星2: 27.000 5.000 0.000 16399.000 387793361041149.000 53.000 23.800 -610.465 0.918 16.000 0.000 0.000 1561097984.000 -9223372036854776000.000 0.000 
卫星3: 5.000 6.000 0.000 23567.000 387807365298961.000 70.000 21.900 510.548 1.117 16.000 0.000 0.000 1575420032.000 -9223372036854776000.000 0.000 
卫星4: 1.000 1.000 0.000 81935.000 387807374312365.000 34.000 12.300 -571.273 10.443 16.000 0.000 0.000 1176450048.000 -9223372036854776000.000 0.000 
卫星5: 4.000 1.000 0.000 81935.000 387807369491711.000 6.000 30.400 580.730 0.083 16.000 -0.000 2548.255 1176450048.000 -9223372036854776000.000 0.000 
卫星6: 5.000 6.000 0.000 81935.000 387807365305310.000 9.000 26.400 510.497 0.749 16.000 0.000 0.000 1176450048.000 -9223372036854776000.000 0.000 
卫星7: 27.000 5.000 0.000 16399.000 387793361047362.000 16.000 20.700 -610.504 1.213 16.000 0.000 0.000 1176450048.000 -9223372036854776000.000 0.000 
卫星8: 9.000 7.000 0.000 16399.000 387807317148866.000 53.000 24.400 147.724 0.872 16.000 0.000 0.000 1176450048.000 -9223372036854776000.000 0.000 

时钟数据数组: 17010012000000.000 -0.279 3.057 -1445237998436426240.000 66.000 18.000 0.000 178.391 25.494 
测量数据数组:
卫星0: 4.000 1.000 0.000 16399.000 387808369481989.000 31.000 26.900 580.396 0.740 16.000 0.000 0.000 1575420032.000 -9223372036854776000.000 0.000 
卫星1: 21.000 3.000 0.000 49359.000 52990372411487.000 24.000 29.400 -795.852 0.111 16.000 -0.000 1868.720 1604249984.000 -9223372036854776000.000 0.000 
卫星2: 27.000 5.000 0.000 16399.000 387794361043190.000 53.000 23.400 -610.042 0.918 16.000 0.000 0.000 1561097984.000 -9223372036854776000.000 0.000 
卫星3: 5.000 6.000 0.000 23567.000 387808365297288.000 61.000 22.400 510.320 1.037 16.000 0.000 0.000 1575420032.000 -9223372036854776000.000 0.000 
卫星4: 4.000 1.000 0.000 81935.000 387808369489771.000 6.000 30.100 580.714 0.083 16.000 -0.000 2548.255 1176450048.000 -9223372036854776000.000 0.000 
卫星5: 5.000 6.000 0.000 81935.000 387808365303613.000 9.000 26.300 510.557 0.068 16.000 -0.000 2548.255 1176450048.000 -9223372036854776000.000 0.000 
卫星6: 27.000 5.000 0.000 16399.000 387794361049395.000 14.000 21.700 -610.428 1.123 16.000 0.000 0.000 1176450048.000 -9223372036854776000.000 0.000 
卫星7: 28.000 5.000 0.000 16399.000 387794372852782.000 23.000 17.500 -423.550 3.040 16.000 0.000 0.000 1176450048.000 -9223372036854776000.000 0.000 
卫星8: 9.000 7.000 0.000 16399.000 387808317148424.000 53.000 24.500 148.106 0.872 16.000 0.000 0.000 1176450048.000 -9223372036854776000.000 0.000 

时钟数据数组: 17011012000000.000 -0.574 2.966 -1445237998436426240.000 66.000 18.000 0.000 172.177 25.679 
测量数据数组:
卫星0: 4.000 1.000 0.000 16399.000 387809369480033.000 35.000 25.600 580.215 0.800 16.000 0.000 0.000 1575420032.000 -9223372036854776000.000 0.000 
卫星1: 21.000 3.000 0.000 49359.000 52991372414151.000 27.000 28.900 -796.279 0.635 16.000 0.000 0.000 1604249984.000 -9223372036854776000.000 0.000 
卫星2: 27.000 5.000 0.000 16399.000 387795361045204.000 46.000 24.700 -610.503 0.848 16.000 0.000 0.000 1561097984.000 -9223372036854776000.000 0.000 
卫星3: 4.000 1.000 0.000 81935.000 387809369487832.000 6.000 30.800 580.613 0.083 16.000 -0.000 2548.255 1176450048.000 -9223372036854776000.000 0.000 
卫星4: 9.000 1.000 0.000 81935.000 387809373177028.000 27.000 17.000 394.193 3.011 16.000 0.000 0.000 1176450048.000 -9223372036854776000.000 0.000 
卫星5: 5.000 6.000 0.000 81935.000 387809365301897.000 10.000 25.600 510.464 0.098 16.000 -0.000 2548.255 1176450048.000 -9223372036854776000.000 0.000 
卫星6: 27.000 5.000 0.000 16399.000 387795361051425.000 18.000 20.000 -610.543 1.213 16.000 0.000 0.000 1176450048.000 -9223372036854776000.000 0.000 
卫星7: 32.000 5.000 0.000 16399.000 387795359036462.000 34.000 13.800 318.153 7.350 16.000 0.000 0.000 1176450048.000 -9223372036854776000.000 0.000 
卫星8: 9.000 7.000 0.000 16399.000 387809317147915.000 53.000 24.300 148.144 0.872 16.000 0.000 0.000 1176450048.000 -9223372036854776000.000 0.000 

时钟数据数组: 17012012000000.000 -0.756 2.311 -1445237998436426240.000 66.000 18.000 0.000 171.529 26.274 
测量数据数组:
卫星0: 4.000 1.000 0.000 16399.000 387810369478098.000 27.000 28.400 580.453 0.630 16.000 0.000 0.000 1575420032.000 -9223372036854776000.000 0.000 
卫星1: 21.000 3.000 0.000 49359.000 52992372416863.000 21.000 30.900 -795.941 0.079 16.000 -0.000 1868.720 1604249984.000 -9223372036854776000.000 0.000 
卫星2: 27.000 5.000 0.000 16399.000 387796361047223.000 35.000 26.700 -610.945 0.728 16.000 0.000 0.000 1561097984.000 -9223372036854776000.000 0.000 
卫星3: 5.000 6.000 0.000 23567.000 387810365293873.000 61.000 22.600 510.292 1.037 16.000 0.000 0.000 1575420032.000 -9223372036854776000.000 0.000 
卫星4: 4.000 1.000 0.000 81935.000 387810369485897.000 6.000 31.500 580.513 0.071 16.000 -0.000 2548.255 1176450048.000 -9223372036854776000.000 0.000 
卫星5: 5.000 6.000 0.000 81935.000 387810365300204.000 9.000 26.500 510.337 0.068 16.000 -0.000 2548.255 1176450048.000 -9223372036854776000.000 0.000 
卫星6: 27.000 5.000 0.000 16399.000 387796361053462.000 16.000 20.700 -610.619 1.213 16.000 0.000 0.000 1176450048.000 -9223372036854776000.000 0.000 
卫星7: 28.000 5.000 0.000 16399.000 387796372855602.000 23.000 18.200 -423.652 2.140 16.000 0.000 0.000 1176450048.000 -9223372036854776000.000 0.000 
卫星8: 9.000 7.000 0.000 16399.000 387810317147467.000 46.000 25.600 147.545 0.812 16.000 0.000 0.000 1176450048.000 -9223372036854776000.000 0.000 

时钟数据数组: 17013012000000.000 -0.759 2.390 -1445237998436426240.000 66.000 18.000 0.000 166.848 26.438 
测量数据数组:
卫星0: 4.000 1.000 0.000 16399.000 387811369476171.000 40.000 25.300 581.490 0.800 16.000 0.000 0.000 1575420032.000 -9223372036854776000.000 0.000 
卫星1: 21.000 3.000 0.000 49359.000 52993372419470.000 24.000 29.400 -795.538 0.111 16.000 -0.000 1868.720 1604249984.000 -9223372036854776000.000 0.000 
卫星2: 8.000 3.000 0.000 49359.000 52993369743949.000 139.000 16.100 195.557 6.110 16.000 0.000 0.000 1605374976.000 -9223372036854776000.000 0.000 
卫星3: 27.000 5.000 0.000 16399.000 387797361049310.000 53.000 24.200 -610.542 0.848 16.000 0.000 0.000 1561097984.000 -9223372036854776000.000 0.000 
卫星4: 5.000 6.000 0.000 23567.000 387811365292130.000 61.000 22.400 510.596 1.037 16.000 0.000 0.000 1575420032.000 -9223372036854776000.000 0.000 
卫星5: 4.000 1.000 0.000 81935.000 387811369483962.000 6.000 30.900 580.849 0.071 16.000 -0.000 2548.255 1176450048.000 -9223372036854776000.000 0.000 
卫星6: 14.000 1.000 0.000 81935.000 387811363439045.000 34.000 8.700 -381.924 10.806 16.000 0.000 0.000 1176450048.000 -9223372036854776000.000 0.000 
卫星7: 5.000 6.000 0.000 81935.000 387811365298501.000 10.000 25.300 510.662 0.098 16.000 -0.000 2548.255 1176450048.000 -9223372036854776000.000 0.000 
卫星8: 8.000 6.000 0.000 81935.000 387811358514252.000 34.000 16.200 -166.033 4.639 16.000 0.000 0.000 1176450048.000 -9223372036854776000.000 0.000 
卫星9: 27.000 5.000 0.000 16399.000 387797361055500.000 14.000 21.500 -610.288 1.123 16.000 0.000 0.000 1176450048.000 -9223372036854776000.000 0.000 

时钟数据数组: 17014012000000.000 -0.001 4.276 -1445237998436426240.000 66.000 18.000 0.000 173.963 27.115 
测量数据数组:
卫星0: 4.000 1.000 0.000 16399.000 387812369474251.000 40.000 25.100 580.814 0.800 16.000 0.000 0.000 1575420032.000 -9223372036854776000.000 0.000 
卫星1: 21.000 3.000 0.000 49359.000 52994372422154.000 27.000 28.700 -795.840 0.635 16.000 0.000 0.000 1604249984.000 -9223372036854776000.000 0.000 
卫星2: 27.000 5.000 0.000 16399.000 387798361051291.000 46.000 25.000 -611.079 0.788 16.000 0.000 0.000 1561097984.000 -9223372036854776000.000 0.000 
卫星3: 5.000 6.000 0.000 23567.000 387812365290469.000 80.000 21.000 510.425 1.117 16.000 0.000 0.000 1575420032.000 -9223372036854776000.000 0.000 
卫星4: 4.000 1.000 0.000 81935.000 387812369482021.000 6.000 30.500 581.021 0.083 16.000 -0.000 2548.255 1176450048.000 -9223372036854776000.000 0.000 
卫星5: 5.000 6.000 0.000 81935.000 387812365296802.000 10.000 25.600 510.815 0.098 16.000 -0.000 2548.255 1176450048.000 -9223372036854776000.000 0.000 
卫星6: 27.000 5.000 0.000 16399.000 387798361057538.000 16.000 20.900 -609.982 1.213 16.000 0.000 0.000 1176450048.000 -9223372036854776000.000 0.000 
卫星7: 9.000 7.000 0.000 16399.000 387812317146485.000 61.000 23.300 147.303 1.692 16.000 0.000 0.000 1176450048.000 -9223372036854776000.000 0.000 

时钟数据数组: 17015012000000.000 -0.600 3.487 -1445237998436426240.000 66.000 18.000 0.000 191.575 27.410 
测量数据数组:
卫星0: 4.000 1.000 0.000 16399.000 387813369472304.000 31.000 27.500 581.014 0.680 16.000 0.000 0.000 1575420032.000 -9223372036854776000.000 0.000 
卫星1: 21.000 3.000 0.000 49359.000 52995372424768.000 21.000 30.300 -795.230 0.079 16.000 -0.000 1868.720 1604249984.000 -9223372036854776000.000 0.000 
卫星2: 27.000 5.000 0.000 16399.000 387799361053346.000 35.000 27.200 -610.081 0.668 16.000 0.000 0.000 1561097984.000 -9223372036854776000.000 0.000 
卫星3: 5.000 6.000 0.000 23567.000 387813365288740.000 53.000 23.400 511.024 0.957 16.000 0.000 0.000 1575420032.000 -9223372036854776000.000 0.000 
卫星4: 4.000 1.000 0.000 81935.000 387813369480085.000 6.000 31.400 581.104 0.071 16.000 -0.000 2548.255 1176450048.000 -9223372036854776000.000 0.000 
卫星5: 9.000 1.000 0.000 81935.000 387813373171769.000 30.000 16.500 394.627 3.851 16.000 0.000 0.000 1176450048.000 -9223372036854776000.000 0.000 
卫星6: 5.000 6.000 0.000 81935.000 387813365295092.000 8.000 27.400 510.956 0.059 16.000 -0.000 2548.255 1176450048.000 -9223372036854776000.000 0.000 
卫星7: 27.000 5.000 0.000 16399.000 387799361059571.000 16.000 20.900 -609.740 1.213 16.000 0.000 0.000 1176450048.000 -9223372036854776000.000 0.000 
卫星8: 28.000 5.000 0.000 16399.000 387799372859834.000 27.000 17.100 -422.734 3.040 16.000 0.000 0.000 1176450048.000 -9223372036854776000.000 0.000 
卫星9: 2.000 7.000 0.000 16399.000 387813316416518.000 139.000 17.600 -32.529 6.751 16.000 0.000 0.000 1176450048.000 -9223372036854776000.000 0.000 
卫星10: 9.000 7.000 0.000 16399.000 387813317145948.000 46.000 25.900 148.871 0.812 16.000 0.000 0.000 1176450048.000 -9223372036854776000.000 0.000 

时钟数据数组: 17016012000000.000 -0.130 4.925 -1445237998436426240.000 66.000 18.000 0.000 169.960 27.350 
测量数据数组:
卫星0: 1.000 1.000 0.000 16399.000 387814374318050.000 181.000 12.300 -572.860 10.458 16.000 0.000 0.000 1575420032.000 -9223372036854776000.000 0.000 
卫星1: 4.000 1.000 0.000 16399.000 387814369470320.000 27.000 28.300 580.776 0.630 16.000 0.000 0.000 1575420032.000 -9223372036854776000.000 0.000 
卫星2: 21.000 3.000 0.000 49359.000 52996372427355.000 21.000 30.300 -795.512 0.079 16.000 -0.000 1868.720 1604249984.000 -9223372036854776000.000 0.000 
卫星3: 8.000 3.000 0.000 49359.000 52996369742147.000 92.000 19.000 196.538 2.770 16.000 0.000 0.000 1605374976.000 -9223372036854776000.000 0.000 
卫星4: 27.000 5.000 0.000 16399.000 387800361055339.000 35.000 26.700 -610.868 0.728 16.000 0.000 0.000 1561097984.000 -9223372036854776000.000 0.000 
卫星5: 5.000 6.000 0.000 23567.000 387814365287053.000 53.000 23.300 510.634 0.957 16.000 0.000 0.000 1575420032.000 -9223372036854776000.000 0.000 
卫星6: 4.000 1.000 0.000 81935.000 387814369478149.000 6.000 31.200 580.758 0.071 16.000 -0.000 2548.255 1176450048.000 -9223372036854776000.000 0.000 
卫星7: 9.000 1.000 0.000 81935.000 387814373170449.000 16.000 21.200 394.665 1.111 16.000 0.000 0.000 1176450048.000 -9223372036854776000.000 0.000 
卫星8: 5.000 6.000 0.000 81935.000 387814365293389.000 9.000 27.100 510.573 0.068 16.000 -0.000 2548.255 1176450048.000 -9223372036854776000.000 0.000 
卫星9: 27.000 5.000 0.000 16399.000 387800361061612.000 12.000 22.700 -610.517 1.043 16.000 0.000 0.000 1176450048.000 -9223372036854776000.000 0.000 

时钟数据数组: 17017012000000.000 -0.292 3.839 -1445237998436426240.000 66.000 18.000 0.000 191.185 27.501 
测量数据数组:
卫星0: 4.000 1.000 0.000 16399.000 387815369468433.000 27.000 28.000 580.986 0.630 16.000 0.000 0.000 1575420032.000 -9223372036854776000.000 0.000 
卫星1: 21.000 3.000 0.000 49359.000 52997372430021.000 21.000 30.900 -795.274 0.079 16.000 -0.000 1868.720 1604249984.000 -9223372036854776000.000 0.000 
卫星2: 27.000 5.000 0.000 16399.000 387801361057398.000 35.000 27.000 -609.975 0.668 16.000 0.000 0.000 1561097984.000 -9223372036854776000.000 0.000 
卫星3: 5.000 6.000 0.000 23567.000 387815365285363.000 53.000 23.500 510.672 0.957 16.000 0.000 0.000 1575420032.000 -9223372036854776000.000 0.000 
卫星4: 4.000 1.000 0.000 81935.000 387815369476214.000 6.000 31.100 580.943 0.071 16.000 -0.000 2548.255 1176450048.000 -9223372036854776000.000 0.000 
卫星5: 2.000 6.000 0.000 81935.000 387815362061228.000 34.000 14.100 -189.337 8.635 16.000 0.000 0.000 1176450048.000 -9223372036854776000.000 0.000 
卫星6: 5.000 6.000 0.000 81935.000 387815365291687.000 9.000 27.000 510.866 0.068 16.000 -0.000 2548.255 1176450048.000 -9223372036854776000.000 0.000 
卫星7: 27.000 5.000 0.000 16399.000 387801361063652.000 14.000 21.800 -610.148 1.123 16.000 0.000 0.000 1176450048.000 -9223372036854776000.000 0.000 
卫星8: 28.000 5.000 0.000 16399.000 387801372862650.000 18.000 19.500 -422.836 2.100 16.000 0.000 0.000 1176450048.000 -9223372036854776000.000 0.000 
卫星9: 9.000 7.000 0.000 16399.000 387815317145005.000 61.000 23.600 146.450 1.692 16.000 0.000 0.000 1176450048.000 -9223372036854776000.000 0.000 

时钟数据数组: 17018012000000.000 -0.977 3.653 -1445237998436426240.000 66.000 18.000 0.000 207.659 29.413 
测量数据数组:
卫星0: 4.000 1.000 0.000 16399.000 387816369466447.000 31.000 27.000 580.852 0.680 16.000 0.000 0.000 1575420032.000 -9223372036854776000.000 0.000 
卫星1: 21.000 3.000 0.000 49359.000 52998372432659.000 24.000 29.900 -795.301 0.111 16.000 -0.000 1868.720 1604249984.000 -9223372036854776000.000 0.000 
卫星2: 27.000 5.000 0.000 16399.000 387802361059497.000 35.000 26.500 -610.378 0.728 16.000 0.000 0.000 1561097984.000 -9223372036854776000.000 0.000 
卫星3: 5.000 6.000 0.000 23567.000 387816365283683.000 70.000 21.300 510.682 1.117 16.000 0.000 0.000 1575420032.000 -9223372036854776000.000 0.000 
卫星4: 4.000 1.000 0.000 81935.000 387816369474273.000 6.000 30.100 580.868 0.083 16.000 -0.000 2548.255 1176450048.000 -9223372036854776000.000 0.000 
卫星5: 5.000 6.000 0.000 81935.000 387816365289980.000 9.000 26.800 510.727 0.068 16.000 -0.000 2548.255 1176450048.000 -9223372036854776000.000 0.000 
卫星6: 9.000 7.000 0.000 16399.000 387816317144402.000 61.000 23.600 148.017 0.942 16.000 0.000 0.000 1176450048.000 -9223372036854776000.000 0.000 

时钟数据数组: 17019012000000.000 -0.420 4.999 -1445237998436426240.000 66.000 18.000 0.000 190.746 26.684 
测量数据数组:
卫星0: 4.000 1.000 0.000 16399.000 387817369464553.000 46.000 24.000 580.367 0.860 16.000 0.000 0.000 1575420032.000 -9223372036854776000.000 0.000 
卫星1: 21.000 3.000 0.000 49359.000 52999372435310.000 31.000 27.900 -795.223 0.684 16.000 0.000 0.000 1604249984.000 -9223372036854776000.000 0.000 
卫星2: 27.000 5.000 0.000 16399.000 387803361061482.000 61.000 23.200 -609.092 0.918 16.000 0.000 0.000 1561097984.000 -9223372036854776000.000 0.000 
卫星3: 5.000 6.000 0.000 23567.000 387817365281944.000 61.000 22.600 510.501 1.037 16.000 0.000 0.000 1575420032.000 -9223372036854776000.000 0.000 
卫星4: 4.000 1.000 0.000 81935.000 387817369472336.000 8.000 28.300 580.786 0.063 16.000 -0.000 2548.255 1176450048.000 -9223372036854776000.000 0.000 
卫星5: 5.000 6.000 0.000 81935.000 387817365288275.000 12.000 24.100 510.714 0.869 16.000 0.000 0.000 1176450048.000 -9223372036854776000.000 0.000 
卫星6: 8.000 6.000 0.000 81935.000 387817358517555.000 34.000 15.900 -165.090 5.489 16.000 0.000 0.000 1176450048.000 -9223372036854776000.000 0.000 
卫星7: 27.000 5.000 0.000 16399.000 387803361067714.000 20.000 19.100 -610.543 2.083 16.000 0.000 0.000 1176450048.000 -9223372036854776000.000 0.000 
卫星8: 28.000 5.000 0.000 16399.000 387803372865472.000 20.000 18.800 -422.620 2.230 16.000 0.000 0.000 1176450048.000 -9223372036854776000.000 0.000 

时钟数据数组: 17020012000000.000 -0.387 4.044 -1445237998436426240.000 66.000 18.000 0.000 198.863 27.789 
测量数据数组:
卫星0: 4.000 1.000 0.000 16399.000 387818369462577.000 46.000 24.000 579.958 0.860 16.000 0.000 0.000 1575420032.000 -9223372036854776000.000 0.000 
卫星1: 21.000 3.000 0.000 49359.000 53000372438028.000 31.000 27.400 -795.354 0.684 16.000 0.000 0.000 1604249984.000 -9223372036854776000.000 0.000 
卫星2: 27.000 5.000 0.000 16399.000 387804361063519.000 46.000 24.300 -609.956 0.848 16.000 0.000 0.000 1561097984.000 -9223372036854776000.000 0.000 
卫星3: 5.000 6.000 0.000 23567.000 387818365280267.000 70.000 22.000 510.634 1.037 16.000 0.000 0.000 1575420032.000 -9223372036854776000.000 0.000 
卫星4: 4.000 1.000 0.000 81935.000 387818369470393.000 10.000 25.800 580.674 0.104 16.000 -0.000 2548.255 1176450048.000 -9223372036854776000.000 0.000 
卫星5: 5.000 6.000 0.000 81935.000 387818365286574.000 12.000 23.600 510.497 0.939 16.000 0.000 0.000 1176450048.000 -9223372036854776000.000 0.000 

时钟数据数组: 17021012000000.000 -0.986 2.980 -1445237998436426240.000 66.000 18.000 0.000 196.531 28.616 
测量数据数组:
卫星0: 4.000 1.000 0.000 16399.000 387819369460712.000 35.000 26.400 580.576 0.740 16.000 0.000 0.000 1575420032.000 -9223372036854776000.000 0.000 
卫星1: 21.000 3.000 0.000 49359.000 53001372440655.000 24.000 29.100 -795.335 0.111 16.000 -0.000 1868.720 1604249984.000 -9223372036854776000.000 0.000 
卫星2: 27.000 5.000 0.000 16399.000 387805361065534.000 35.000 26.300 -610.167 0.728 16.000 0.000 0.000 1561097984.000 -9223372036854776000.000 0.000 
卫星3: 5.000 6.000 0.000 23567.000 387819365278508.000 70.000 21.400 510.548 1.117 16.000 0.000 0.000 1575420032.000 -9223372036854776000.000 0.000 
卫星4: 1.000 1.000 0.000 81935.000 387819374335215.000 34.000 10.200 -570.445 10.823 16.000 0.000 0.000 1176450048.000 -9223372036854776000.000 0.000 
卫星5: 4.000 1.000 0.000 81935.000 387819369468465.000 6.000 30.700 580.720 0.059 16.000 -0.000 2548.255 1176450048.000 -9223372036854776000.000 0.000 
卫星6: 9.000 1.000 0.000 81935.000 387819373163853.000 30.000 16.400 395.009 4.631 16.000 0.000 0.000 1176450048.000 -9223372036854776000.000 0.000 
卫星7: 14.000 1.000 0.000 81935.000 387819363449297.000 34.000 14.200 -382.854 7.106 16.000 0.000 0.000 1176450048.000 -9223372036854776000.000 0.000 
卫星8: 5.000 6.000 0.000 81935.000 387819365284875.000 10.000 26.100 510.601 0.098 16.000 -0.000 2548.255 1176450048.000 -9223372036854776000.000 0.000 
卫星9: 8.000 6.000 0.000 81935.000 387819358518665.000 23.000 18.500 -165.294 2.119 16.000 0.000 0.000 1176450048.000 -9223372036854776000.000 0.000 
卫星10: 9.000 7.000 0.000 16399.000 387819317142971.000 80.000 21.900 147.138 2.602 16.000 0.000 0.000 1176450048.000 -9223372036854776000.000 0.000 

时钟数据数组: 17022012000000.000 -0.304 2.682 -1445237998436426240.000 66.000 18.000 0.000 176.281 27.471 
测量数据数组:
卫星0: 4.000 1.000 0.000 16399.000 387820369458739.000 35.000 25.600 580.795 0.800 16.000 0.000 0.000 1575420032.000 -9223372036854776000.000 0.000 
卫星1: 21.000 3.000 0.000 49359.000 53002372443288.000 27.000 28.500 -795.233 0.635 16.000 0.000 0.000 1604249984.000 -9223372036854776000.000 0.000 
卫星2: 27.000 5.000 0.000 16399.000 387806361067606.000 46.000 24.500 -610.743 0.848 16.000 0.000 0.000 1561097984.000 -9223372036854776000.000 0.000 
卫星3: 4.000 1.000 0.000 81935.000 387820369466523.000 7.000 29.800 580.725 0.061 16.000 -0.000 2548.255 1176450048.000 -9223372036854776000.000 0.000 
卫星4: 5.000 6.000 0.000 81935.000 387820365283173.000 10.000 25.900 510.628 0.098 16.000 -0.000 2548.255 1176450048.000 -9223372036854776000.000 0.000 
卫星5: 27.000 5.000 0.000 16399.000 387806361073829.000 23.000 17.700 -610.339 3.023 16.000 0.000 0.000 1176450048.000 -9223372036854776000.000 0.000 
卫星6: 28.000 5.000 0.000 16399.000 387806372869703.000 30.000 16.200 -422.339 3.160 16.000 0.000 0.000 1176450048.000 -9223372036854776000.000 0.000 
卫星7: 9.000 7.000 0.000 16399.000 387820317142506.000 70.000 23.200 148.017 0.942 16.000 0.000 0.000 1176450048.000 -9223372036854776000.000 0.000 

时钟数据数组: 17023012000000.000 -0.469 3.673 -1445237998436425980.000 66.000 18.000 0.000 184.428 26.724 
测量数据数组:
卫星0: 4.000 1.000 0.000 16399.000 387821369456767.000 35.000 26.400 580.986 0.740 16.000 0.000 0.000 1575420032.000 -9223372036854776000.000 0.000 
卫星1: 21.000 3.000 0.000 49359.000 53003372446016.000 27.000 28.900 -794.971 0.635 16.000 0.000 0.000 1604249984.000 -9223372036854776000.000 0.000 
卫星2: 8.000 3.000 0.000 49359.000 53003369737760.000 139.000 16.100 195.034 6.110 16.000 0.000 0.000 1605374976.000 -9223372036854776000.000 0.000 
卫星3: 27.000 5.000 0.000 16399.000 387807361069604.000 46.000 24.600 -609.313 0.848 16.000 0.000 0.000 1561097984.000 -9223372036854776000.000 0.000 
卫星4: 5.000 6.000 0.000 23567.000 387821365275124.000 92.000 20.200 510.682 1.207 16.000 0.000 0.000 1575420032.000 -9223372036854776000.000 0.000 
卫星5: 4.000 1.000 0.000 81935.000 387821369464585.000 6.000 31.600 580.723 0.071 16.000 -0.000 2548.255 1176450048.000 -9223372036854776000.000 0.000 
卫星6: 5.000 6.000 0.000 81935.000 387821365281470.000 9.000 26.500 510.559 0.068 16.000 -0.000 2548.255 1176450048.000 -9223372036854776000.000 0.000 
卫星7: 27.000 5.000 0.000 16399.000 387807361075866.000 16.000 20.500 -610.160 1.213 16.000 0.000 0.000 1176450048.000 -9223372036854776000.000 0.000 
卫星8: 32.000 5.000 0.000 16399.000 387807359023695.000 34.000 12.900 318.459 10.510 16.000 0.000 0.000 1176450048.000 -9223372036854776000.000 0.000 
卫星9: 9.000 7.000 0.000 16399.000 387821317142004.000 61.000 23.300 147.201 0.942 16.000 0.000 0.000 1176450048.000 -9223372036854776000.000 0.000 

时钟数据数组: 17024012000000.000 -0.215 2.449 -1445237998436426240.000 66.000 18.000 0.000 197.817 26.575 
测量数据数组:
卫星0: 4.000 1.000 0.000 16399.000 387822369454839.000 35.000 26.000 580.529 0.740 16.000 0.000 0.000 1575420032.000 -9223372036854776000.000 0.000 
卫星1: 21.000 3.000 0.000 49359.000 53004372448638.000 27.000 28.400 -795.102 0.635 16.000 0.000 0.000 1604249984.000 -9223372036854776000.000 0.000 
卫星2: 27.000 5.000 0.000 16399.000 387808361071638.000 46.000 25.100 -610.119 0.788 16.000 0.000 0.000 1561097984.000 -9223372036854776000.000 0.000 
卫星3: 4.000 1.000 0.000 81935.000 387822369462644.000 6.000 30.500 580.728 0.083 16.000 -0.000 2548.255 1176450048.000 -9223372036854776000.000 0.000 
卫星4: 5.000 6.000 0.000 81935.000 387822365279763.000 9.000 27.200 510.558 0.068 16.000 -0.000 2548.255 1176450048.000 -9223372036854776000.000 0.000 
卫星5: 8.000 6.000 0.000 81935.000 387822358520308.000 27.000 18.200 -164.593 2.898 16.000 0.000 0.000 1176450048.000 -9223372036854776000.000 0.000 
卫星6: 9.000 7.000 0.000 16399.000 387822317141598.000 53.000 25.000 147.252 0.812 16.000 0.000 0.000 1176450048.000 -9223372036854776000.000 0.000 

时钟数据数组: 17025012000000.000 -0.778 1.199 -1445237998436426240.000 66.000 18.000 0.000 190.415 24.794 
测量数据数组:
卫星0: 4.000 1.000 0.000 16399.000 387823369452912.000 35.000 26.500 580.786 0.740 16.000 0.000 0.000 1575420032.000 -9223372036854776000.000 0.000 
卫星1: 21.000 3.000 0.000 49359.000 53005372451260.000 27.000 28.600 -795.139 0.635 16.000 0.000 0.000 1604249984.000 -9223372036854776000.000 0.000 
卫星2: 27.000 5.000 0.000 16399.000 387809361073721.000 46.000 25.000 -610.647 0.788 16.000 0.000 0.000 1561097984.000 -9223372036854776000.000 0.000 
卫星3: 5.000 6.000 0.000 23567.000 387823365271682.000 61.000 22.300 510.520 1.037 16.000 0.000 0.000 1575420032.000 -9223372036854776000.000 0.000 
卫星4: 4.000 1.000 0.000 81935.000 387823369460716.000 6.000 30.300 580.787 0.083 16.000 -0.000 2548.255 1176450048.000 -9223372036854776000.000 0.000 
卫星5: 9.000 1.000 0.000 81935.000 387823373158578.000 27.000 16.900 395.034 3.851 16.000 0.000 0.000 1176450048.000 -9223372036854776000.000 0.000 
卫星6: 2.000 6.000 0.000 81935.000 387823362066280.000 34.000 14.900 -189.235 7.135 16.000 0.000 0.000 1176450048.000 -9223372036854776000.000 0.000 
卫星7: 5.000 6.000 0.000 81935.000 387823365278058.000 10.000 26.100 510.722 0.098 16.000 -0.000 2548.255 1176450048.000 -9223372036854776000.000 0.000 
卫星8: 8.000 6.000 0.000 81935.000 387823358520856.000 18.000 20.900 -164.797 1.209 16.000 0.000 0.000 1176450048.000 -9223372036854776000.000 0.000 
卫星9: 27.000 5.000 0.000 16399.000 387809361079927.000 16.000 20.900 -610.300 1.993 16.000 0.000 0.000 1176450048.000 -9223372036854776000.000 0.000 
卫星10: 28.000 5.000 0.000 16399.000 387809372873932.000 30.000 16.200 -422.403 3.160 16.000 0.000 0.000 1176450048.000 -9223372036854776000.000 0.000 
卫星11: 9.000 7.000 0.000 16399.000 387823317141016.000 53.000 24.400 147.189 0.872 16.000 0.000 0.000 1176450048.000 -9223372036854776000.000 0.000 

时钟数据数组: 17026012000000.000 -0.731 1.778 -1445237998436425980.000 66.000 18.000 0.000 204.613 25.820 
测量数据数组:
卫星0: 4.000 1.000 0.000 16399.000 387824369451022.000 31.000 26.700 581.252 0.740 16.000 0.000 0.000 1575420032.000 -9223372036854776000.000 0.000 
卫星1: 21.000 3.000 0.000 49359.000 53006372454021.000 27.000 28.900 -794.775 0.635 16.000 0.000 0.000 1604249984.000 -9223372036854776000.000 0.000 
卫星2: 27.000 5.000 0.000 16399.000 387810361075758.000 53.000 23.600 -610.926 0.918 16.000 0.000 0.000 1561097984.000 -9223372036854776000.000 0.000 
卫星3: 4.000 1.000 0.000 81935.000 387824369458779.000 6.000 30.100 580.789 0.083 16.000 -0.000 2548.255 1176450048.000 -9223372036854776000.000 0.000 
卫星4: 5.000 6.000 0.000 81935.000 387824365276364.000 9.000 26.400 510.708 0.068 16.000 -0.000 2548.255 1176450048.000 -9223372036854776000.000 0.000 
卫星5: 9.000 7.000 0.000 16399.000 387824317140538.000 61.000 23.500 147.010 0.942 16.000 0.000 0.000 1176450048.000 -9223372036854776000.000 0.000 

时钟数据数组: 17027012000000.000 -0.834 3.193 -1445237998436425980.000 66.000 18.000 0.000 229.945 26.283 
测量数据数组:
卫星0: 4.000 1.000 0.000 16399.000 387825369449056.000 24.000 29.400 580.423 0.106 16.000 -0.000 1902.918 1575420032.000 -9223372036854776000.000 0.000 
卫星1: 21.000 3.000 0.000 49359.000 53007372456545.000 19.000 31.500 -795.186 0.060 16.000 -0.000 1868.720 1604249984.000 -9223372036854776000.000 0.000 
卫星2: 27.000 5.000 0.000 16399.000 387811361077765.000 31.000 27.700 -610.695 0.668 16.000 0.000 0.000 1561097984.000 -9223372036854776000.000 0.000 
卫星3: 5.000 6.000 0.000 23567.000 387825365268320.000 46.000 24.400 510.491 0.887 16.000 0.000 0.000 1575420032.000 -9223372036854776000.000 0.000 
卫星4: 4.000 1.000 0.000 81935.000 387825369456840.000 6.000 31.300 580.550 0.071 16.000 -0.000 2548.255 1176450048.000 -9223372036854776000.000 0.000 
卫星5: 5.000 6.000 0.000 81935.000 387825365274651.000 9.000 26.300 510.453 0.068 16.000 -0.000 2548.255 1176450048.000 -9223372036854776000.000 0.000 
卫星6: 8.000 6.000 0.000 81935.000 387825358521950.000 23.000 18.500 -164.288 2.119 16.000 0.000 0.000 1176450048.000 -9223372036854776000.000 0.000 
卫星7: 27.000 5.000 0.000 16399.000 387811361083999.000 18.000 19.900 -610.606 2.083 16.000 0.000 0.000 1176450048.000 -9223372036854776000.000 0.000 
卫星8: 28.000 5.000 0.000 16399.000 387811372876746.000 20.000 18.800 -422.199 2.200 16.000 0.000 0.000 1176450048.000 -9223372036854776000.000 0.000 
卫星9: 2.000 7.000 0.000 16399.000 387825316417811.000 181.000 16.200 -30.426 9.871 16.000 0.000 0.000 1176450048.000 -9223372036854776000.000 0.000 
卫星10: 9.000 7.000 0.000 16399.000 387825317140064.000 61.000 24.100 146.730 0.872 16.000 0.000 0.000 1176450048.000 -9223372036854776000.000 0.000 

时钟数据数组: 17028012000000.000 -0.798 1.047 -1445237998436426240.000 66.000 18.000 0.000 210.487 24.361 
测量数据数组:
卫星0: 4.000 1.000 0.000 16399.000 387826369447068.000 21.000 29.600 580.664 0.074 16.000 -0.000 1902.918 1575420032.000 -9223372036854776000.000 0.000 
卫星1: 21.000 3.000 0.000 49359.000 53008372459237.000 21.000 30.900 -794.999 0.079 16.000 -0.000 1868.720 1604249984.000 -9223372036854776000.000 0.000 
卫星2: 27.000 5.000 0.000 16399.000 387812361079787.000 27.000 28.800 -610.263 0.618 16.000 0.000 0.000 1561097984.000 -9223372036854776000.000 0.000 
卫星3: 5.000 6.000 0.000 23567.000 387826365266591.000 40.000 25.600 510.672 0.827 16.000 0.000 0.000 1575420032.000 -9223372036854776000.000 0.000 
卫星4: 4.000 1.000 0.000 81935.000 387826369454900.000 6.000 30.700 580.680 0.083 16.000 -0.000 2548.255 1176450048.000 -9223372036854776000.000 0.000 
卫星5: 9.000 1.000 0.000 81935.000 387826373154628.000 30.000 16.800 395.085 3.131 16.000 0.000 0.000 1176450048.000 -9223372036854776000.000 0.000 
卫星6: 5.000 6.000 0.000 81935.000 387826365272942.000 9.000 27.000 510.561 0.068 16.000 -0.000 2548.255 1176450048.000 -9223372036854776000.000 0.000 
卫星7: 27.000 5.000 0.000 16399.000 387812361086044.000 14.000 21.800 -610.555 1.123 16.000 0.000 0.000 1176450048.000 -9223372036854776000.000 0.000 
卫星8: 28.000 5.000 0.000 16399.000 387812372878138.000 16.000 21.100 -421.830 1.139 16.000 0.000 0.000 1176450048.000 -9223372036854776000.000 0.000 
卫星9: 9.000 7.000 0.000 16399.000 387826317139548.000 46.000 25.700 146.845 0.812 16.000 0.000 0.000 1176450048.000 -9223372036854776000.000 0.000 

时钟数据数组: 17029012000000.000 -0.602 1.389 -1445237998436425980.000 66.000 18.000 0.000 205.271 23.644 
测量数据数组:
卫星0: 4.000 1.000 0.000 16399.000 387827369445177.000 24.000 28.900 580.373 0.106 16.000 -0.000 1902.918 1575420032.000 -9223372036854776000.000 0.000 
卫星1: 21.000 3.000 0.000 49359.000 53009372461890.000 21.000 30.700 -795.209 0.079 16.000 -0.000 1868.720 1604249984.000 -9223372036854776000.000 0.000 
卫星2: 8.000 3.000 0.000 49359.000 53009369733619.000 139.000 16.400 195.903 5.360 16.000 0.000 0.000 1605374976.000 -9223372036854776000.000 0.000 
卫星3: 27.000 5.000 0.000 16399.000 387813361081849.000 27.000 28.400 -610.253 0.618 16.000 0.000 0.000 1561097984.000 -9223372036854776000.000 0.000 
卫星4: 5.000 6.000 0.000 23567.000 387827365264912.000 53.000 23.900 510.339 0.957 16.000 0.000 0.000 1575420032.000 -9223372036854776000.000 0.000 
卫星5: 4.000 1.000 0.000 81935.000 387827369452968.000 6.000 30.600 580.406 0.083 16.000 -0.000 2548.255 1176450048.000 -9223372036854776000.000 0.000 
卫星6: 14.000 1.000 0.000 81935.000 387827363459525.000 34.000 15.000 -382.688 6.966 16.000 0.000 0.000 1176450048.000 -9223372036854776000.000 0.000 
卫星7: 5.000 6.000 0.000 81935.000 387827365271248.000 9.000 26.600 510.282 0.068 16.000 -0.000 2548.255 1176450048.000 -9223372036854776000.000 0.000 
卫星8: 9.000 7.000 0.000 16399.000 387827317139087.000 53.000 24.600 145.774 0.872 16.000 0.000 0.000 1176450048.000 -9223372036854776000.000 0.000 

时钟数据数组: 17030012000000.000 -0.655 -1.364 -1445237998436426240.000 66.000 18.000 0.000 198.721 23.526 
测量数据数组:
卫星0: 4.000 1.000 0.000 16399.000 387828369443242.000 31.000 27.500 580.272 0.680 16.000 0.000 0.000 1575420032.000 -9223372036854776000.000 0.000 
卫星1: 21.000 3.000 0.000 49359.000 53010372464551.000 24.000 29.500 -795.077 0.111 16.000 -0.000 1868.720 1604249984.000 -9223372036854776000.000 0.000 
卫星2: 27.000 5.000 0.000 16399.000 387814361083876.000 35.000 26.500 -610.580 0.728 16.000 0.000 0.000 1561097984.000 -9223372036854776000.000 0.000 
卫星3: 5.000 6.000 0.000 23567.000 387828365263195.000 53.000 24.100 510.149 0.887 16.000 0.000 0.000 1575420032.000 -9223372036854776000.000 0.000 
卫星4: 4.000 1.000 0.000 81935.000 387828369451029.000 7.000 28.900 580.502 0.104 16.000 -0.000 2548.255 1176450048.000 -9223372036854776000.000 0.000 
卫星5: 5.000 6.000 0.000 81935.000 387828365269553.000 11.000 24.800 510.441 0.172 16.000 -0.000 2548.255 1176450048.000 -9223372036854776000.000 0.000 
卫星6: 27.000 5.000 0.000 16399.000 387814361090110.000 18.000 20.400 -610.479 1.933 16.000 0.000 0.000 1176450048.000 -9223372036854776000.000 0.000 

时钟数据数组: 17031012000000.000 -0.529 -0.889 -1445237998436426240.000 66.000 18.000 0.000 177.150 24.375 
测量数据数组:
卫星0: 4.000 1.000 0.000 16399.000 387829369441316.000 24.000 28.800 580.336 0.106 16.000 -0.000 1902.918 1575420032.000 -9223372036854776000.000 0.000 
卫星1: 21.000 3.000 0.000 49359.000 53011372467214.000 21.000 30.400 -795.157 0.079 16.000 -0.000 1868.720 1604249984.000 -9223372036854776000.000 0.000 
卫星2: 27.000 5.000 0.000 16399.000 387815361085942.000 35.000 26.800 -610.157 0.728 16.000 0.000 0.000 1561097984.000 -9223372036854776000.000 0.000 
卫星3: 5.000 6.000 0.000 23567.000 387829365261519.000 61.000 22.600 510.292 1.037 16.000 0.000 0.000 1575420032.000 -9223372036854776000.000 0.000 
卫星4: 4.000 1.000 0.000 81935.000 387829369449094.000 7.000 29.700 580.355 0.104 16.000 -0.000 2548.255 1176450048.000 -9223372036854776000.000 0.000 
卫星5: 9.000 1.000 0.000 81935.000 387829373150678.000 27.000 17.800 395.238 3.011 16.000 0.000 0.000 1176450048.000 -9223372036854776000.000 0.000 
卫星6: 5.000 6.000 0.000 81935.000 387829365267838.000 11.000 24.800 510.258 0.172 16.000 -0.000 2548.255 1176450048.000 -9223372036854776000.000 0.000 
卫星7: 8.000 6.000 0.000 81935.000 387829358524149.000 30.000 16.800 -164.555 3.859 16.000 0.000 0.000 1176450048.000 -9223372036854776000.000 0.000 
卫星8: 28.000 5.000 0.000 16399.000 387815372882383.000 23.000 18.000 -422.186 2.920 16.000 0.000 0.000 1176450048.000 -9223372036854776000.000 0.000 
卫星9: 32.000 5.000 0.000 16399.000 387815359015203.000 34.000 13.700 318.344 7.350 16.000 0.000 0.000 1176450048.000 -9223372036854776000.000 0.000 
卫星10: 9.000 7.000 0.000 16399.000 387829317138182.000 70.000 23.000 145.991 1.692 16.000 0.000 0.000 1176450048.000 -9223372036854776000.000 0.000 

时钟数据数组: 17032012000000.000 -0.838 -1.980 -1445237998436426240.000 66.000 18.000 0.000 181.539 24.700 
测量数据数组:
卫星0: 4.000 1.000 0.000 16399.000 387830369439348.000 24.000 28.600 580.569 0.106 16.000 -0.000 1902.918 1575420032.000 -9223372036854776000.000 0.000 
卫星1: 21.000 3.000 0.000 49359.000 53012372469914.000 24.000 29.100 -794.906 0.111 16.000 -0.000 1868.720 1604249984.000 -9223372036854776000.000 0.000 
卫星2: 27.000 5.000 0.000 16399.000 387816361087976.000 40.000 26.200 -610.734 0.728 16.000 0.000 0.000 1561097984.000 -9223372036854776000.000 0.000 
卫星3: 5.000 6.000 0.000 23567.000 387830365259786.000 61.000 22.700 510.577 1.037 16.000 0.000 0.000 1575420032.000 -9223372036854776000.000 0.000 
卫星4: 4.000 1.000 0.000 81935.000 387830369447155.000 6.000 29.900 580.549 0.083 16.000 -0.000 2548.255 1176450048.000 -9223372036854776000.000 0.000 
卫星5: 5.000 6.000 0.000 81935.000 387830365266138.000 10.000 25.400 510.489 0.098 16.000 -0.000 2548.255 1176450048.000 -9223372036854776000.000 0.000 
卫星6: 27.000 5.000 0.000 16399.000 387816361094179.000 18.000 19.500 -610.300 2.023 16.000 0.000 0.000 1176450048.000 -9223372036854776000.000 0.000 

时钟数据数组: 17033012000000.000 -0.881 -1.149 -1445237998436426240.000 66.000 18.000 0.000 193.836 24.865 
测量数据数组:
卫星0: 4.000 1.000 0.000 16399.000 387831369437451.000 27.000 27.700 580.063 0.680 16.000 0.000 0.000 1575420032.000 -9223372036854776000.000 0.000 
卫星1: 21.000 3.000 0.000 49359.000 53013372472620.000 27.000 28.900 -795.018 0.635 16.000 0.000 0.000 1604249984.000 -9223372036854776000.000 0.000 
卫星2: 27.000 5.000 0.000 16399.000 387817361090001.000 40.000 25.900 -610.225 0.788 16.000 0.000 0.000 1561097984.000 -9223372036854776000.000 0.000 
卫星3: 5.000 6.000 0.000 23567.000 387831365258124.000 80.000 21.000 510.253 1.117 16.000 0.000 0.000 1575420032.000 -9223372036854776000.000 0.000 
卫星4: 1.000 1.000 0.000 81935.000 387831374358052.000 34.000 12.100 -570.560 10.443 16.000 0.000 0.000 1176450048.000 -9223372036854776000.000 0.000 
卫星5: 4.000 1.000 0.000 81935.000 387831369445219.000 6.000 29.900 580.247 0.083 16.000 -0.000 2548.255 1176450048.000 -9223372036854776000.000 0.000 
卫星6: 5.000 6.000 0.000 81935.000 387831365264443.000 11.000 24.600 510.161 0.172 16.000 -0.000 2548.255 1176450048.000 -9223372036854776000.000 0.000 
卫星7: 27.000 5.000 0.000 16399.000 387817361096218.000 14.000 22.200 -610.594 1.043 16.000 0.000 0.000 1176450048.000 -9223372036854776000.000 0.000 
卫星8: 9.000 7.000 0.000 16399.000 387831317137141.000 61.000 23.900 147.456 1.692 16.000 0.000 0.000 1176450048.000 -9223372036854776000.000 0.000 

时钟数据数组: 17034012000000.000 -0.420 -0.198 -1445237998436426240.000 66.000 18.000 0.000 192.582 25.564 
测量数据数组:
卫星0: 4.000 1.000 0.000 16399.000 387832369435512.000 21.000 29.900 580.568 0.074 16.000 -0.000 1902.918 1575420032.000 -9223372036854776000.000 0.000 
卫星1: 21.000 3.000 0.000 49359.000 53014372475167.000 21.000 30.400 -794.792 0.079 16.000 -0.000 1868.720 1604249984.000 -9223372036854776000.000 0.000 
卫星2: 27.000 5.000 0.000 16399.000 387818361092039.000 31.000 27.900 -610.148 0.668 16.000 0.000 0.000 1561097984.000 -9223372036854776000.000 0.000 
卫星3: 5.000 6.000 0.000 23567.000 387832365256412.000 40.000 25.600 510.577 0.827 16.000 0.000 0.000 1575420032.000 -9223372036854776000.000 0.000 
卫星4: 4.000 1.000 0.000 81935.000 387832369443290.000 7.000 29.800 580.556 0.104 16.000 -0.000 2548.255 1176450048.000 -9223372036854776000.000 0.000 
卫星5: 9.000 1.000 0.000 81935.000 387832373146720.000 27.000 17.400 395.710 3.011 16.000 0.000 0.000 1176450048.000 -9223372036854776000.000 0.000 
卫星6: 5.000 6.000 0.000 81935.000 387832365262735.000 11.000 25.000 510.508 0.172 16.000 -0.000 2548.255 1176450048.000 -9223372036854776000.000 0.000 
卫星7: 8.000 6.000 0.000 81935.000 387832358525795.000 23.000 18.500 -163.791 2.898 16.000 0.000 0.000 1176450048.000 -9223372036854776000.000 0.000 
卫星8: 27.000 5.000 0.000 16399.000 387818361098251.000 18.000 20.400 -610.007 1.243 16.000 0.000 0.000 1176450048.000 -9223372036854776000.000 0.000 
卫星9: 32.000 5.000 0.000 16399.000 387818359012022.000 30.000 16.300 318.930 3.140 16.000 0.000 0.000 1176450048.000 -9223372036854776000.000 0.000 
卫星10: 9.000 7.000 0.000 16399.000 387832317136655.000 53.000 24.700 147.099 0.872 16.000 0.000 0.000 1176450048.000 -9223372036854776000.000 0.000 

时钟数据数组: 17035012000000.000 -0.556 0.846 -1445237998436426240.000 66.000 18.000 0.000 197.478 24.169 
测量数据数组:
卫星0: 4.000 1.000 0.000 16399.000 387833369433551.000 19.000 31.500 580.731 0.056 16.000 -0.000 1902.918 1575420032.000 -9223372036854776000.000 0.000 
卫星1: 21.000 3.000 0.000 49359.000 53015372477792.000 19.000 31.700 -794.599 0.060 16.000 -0.000 1868.720 1604249984.000 -9223372036854776000.000 0.000 
卫星2: 8.000 3.000 0.000 49359.000 53015369729723.000 122.000 17.100 196.528 5.240 16.000 0.000 0.000 1605374976.000 -9223372036854776000.000 0.000 
卫星3: 27.000 5.000 0.000 16399.000 387819361094058.000 24.000 29.600 -609.990 0.094 16.000 -0.000 1920.376 1561097984.000 -9223372036854776000.000 0.000 
卫星4: 5.000 6.000 0.000 23567.000 387833365254712.000 40.000 25.700 510.529 0.827 16.000 0.000 0.000 1575420032.000 -9223372036854776000.000 0.000 
卫星5: 4.000 1.000 0.000 81935.000 387833369441348.000 6.000 30.600 580.719 0.083 16.000 -0.000 2548.255 1176450048.000 -9223372036854776000.000 0.000 
卫星6: 5.000 6.000 0.000 81935.000 387833365261032.000 9.000 26.500 510.704 0.068 16.000 -0.000 2548.255 1176450048.000 -9223372036854776000.000 0.000 
卫星7: 27.000 5.000 0.000 16399.000 387819361100286.000 12.000 22.600 -609.918 1.043 16.000 0.000 0.000 1176450048.000 -9223372036854776000.000 0.000 
卫星8: 28.000 5.000 0.000 16399.000 387819372888006.000 30.000 16.400 -421.575 3.940 16.000 0.000 0.000 1176450048.000 -9223372036854776000.000 0.000 
卫星9: 9.000 7.000 0.000 16399.000 387833317136154.000 46.000 26.000 147.762 0.752 16.000 0.000 0.000 1176450048.000 -9223372036854776000.000 0.000 

时钟数据数组: 17036012000000.000 -0.013 3.200 -1445237998436425980.000 66.000 18.000 0.000 204.278 22.484 
测量数据数组:
卫星0: 4.000 1.000 0.000 16399.000 387834369431610.000 19.000 30.700 580.571 0.056 16.000 -0.000 1902.918 1575420032.000 -9223372036854776000.000 0.000 
卫星1: 21.000 3.000 0.000 49359.000 53016372480488.000 19.000 31.600 -794.690 0.060 16.000 -0.000 1868.720 1604249984.000 -9223372036854776000.000 0.000 
卫星2: 28.000 5.000 0.000 16399.000 387820372883144.000 139.000 16.800 -421.152 6.115 16.000 0.000 0.000 1561097984.000 -9223372036854776000.000 0.000 
卫星3: 27.000 5.000 0.000 16399.000 387820361096080.000 27.000 28.800 -610.042 0.618 16.000 0.000 0.000 1561097984.000 -9223372036854776000.000 0.000 
卫星4: 5.000 6.000 0.000 23567.000 387834365253005.000 46.000 25.100 510.472 0.827 16.000 0.000 0.000 1575420032.000 -9223372036854776000.000 0.000 
卫星5: 4.000 1.000 0.000 81935.000 387834369439413.000 6.000 31.400 580.590 0.071 16.000 -0.000 2548.255 1176450048.000 -9223372036854776000.000 0.000 
卫星6: 5.000 6.000 0.000 81935.000 387834365259332.000 8.000 27.800 510.615 0.059 16.000 -0.000 2548.255 1176450048.000 -9223372036854776000.000 0.000 
卫星7: 27.000 5.000 0.000 16399.000 387820361102314.000 12.000 22.800 -610.300 1.043 16.000 0.000 0.000 1176450048.000 -9223372036854776000.000 0.000 
卫星8: 9.000 7.000 0.000 16399.000 387834317135548.000 53.000 24.900 147.838 0.872 16.000 0.000 0.000 1176450048.000 -9223372036854776000.000 0.000 

时钟数据数组: 17037012000000.000 -0.982 4.272 -1445237998436425980.000 66.000 18.000 0.000 185.404 21.895 
测量数据数组:
卫星0: 4.000 1.000 0.000 16399.000 387835369429704.000 24.000 29.500 581.244 0.106 16.000 -0.000 1902.918 1575420032.000 -9223372036854776000.000 0.000 
卫星1: 21.000 3.000 0.000 49359.000 53017372483187.000 24.000 29.800 -793.991 0.111 16.000 -0.000 1868.720 1604249984.000 -9223372036854776000.000 0.000 
卫星2: 27.000 5.000 0.000 16399.000 387821361098142.000 35.000 27.200 -609.053 0.668 16.000 0.000 0.000 1561097984.000 -9223372036854776000.000 0.000 
卫星3: 5.000 6.000 0.000 23567.000 387835365251264.000 53.000 23.800 511.062 0.957 16.000 0.000 0.000 1575420032.000 -9223372036854776000.000 0.000 
卫星4: 4.000 1.000 0.000 81935.000 387835369437480.000 7.000 28.900 581.186 0.104 16.000 -0.000 2548.255 1176450048.000 -9223372036854776000.000 0.000 
卫星5: 9.000 1.000 0.000 81935.000 387835373142757.000 27.000 17.300 395.824 3.011 16.000 0.000 0.000 1176450048.000 -9223372036854776000.000 0.000 
卫星6: 5.000 6.000 0.000 81935.000 387835365257627.000 12.000 24.100 510.917 0.869 16.000 0.000 0.000 1176450048.000 -9223372036854776000.000 0.000 
卫星7: 8.000 6.000 0.000 81935.000 387835358527426.000 27.000 17.500 -163.918 3.019 16.000 0.000 0.000 1176450048.000 -9223372036854776000.000 0.000 
卫星8: 27.000 5.000 0.000 16399.000 387821361104361.000 16.000 21.400 -609.307 1.123 16.000 0.000 0.000 1176450048.000 -9223372036854776000.000 0.000 
卫星9: 28.000 5.000 0.000 16399.000 387821372890825.000 23.000 18.200 -421.091 2.200 16.000 0.000 0.000 1176450048.000 -9223372036854776000.000 0.000 
卫星10: 9.000 7.000 0.000 16399.000 387835317135203.000 61.000 24.100 149.227 0.872 16.000 0.000 0.000 1176450048.000 -9223372036854776000.000 0.000 

